# US places: state, name, lat, lon. From the US Census Bureau 2023 Gazetteer (public domain).
AK	Adak	51.9099	-176.5981
AK	Akhiok	56.9483	-154.2153
AK	Akiachak	60.921	-161.4022
AK	Akiak	60.9128	-161.2162
AK	Akutan	54.14	-165.763
AK	Alakanuk	62.711	-164.6497
AK	Alatna	66.5638	-152.8385
AK	Alcan Border	62.7031	-141.1936
AK	Aleknagik	59.289	-158.6643
AK	Aleneva	58.0591	-152.909
AK	Allakaket	66.542	-152.583
AK	Ambler	67.0909	-157.8871
AK	Anaktuvuk Pass	68.1498	-151.6971
AK	Anchor Point	59.7474	-151.6957
AK	Anchorage	61.1743	-149.2843
AK	Anderson	64.3083	-149.1632
AK	Angoon	57.4413	-134.4784
AK	Aniak	61.5788	-159.5474
AK	Anvik	62.6316	-160.2151
AK	Arctic Village	68.1654	-145.4014
AK	Atka	52.2115	-174.2135
AK	Atmautluak	60.8628	-162.2803
AK	Atqasuk	70.4808	-157.3255
AK	Attu Station	52.8802	173.2561
AK	Badger	64.8001	-147.3851
AK	Bear Creek	60.2081	-149.3698
AK	Beaver	66.3847	-147.2878
AK	Beluga	61.1909	-151.1842
AK	Bethel	60.7939	-161.7961
AK	Bettles	66.9069	-151.538
AK	Big Delta	64.157	-145.7409
AK	Big Lake	61.5155	-149.9755
AK	Birch Creek	66.2683	-145.8766
AK	Brevig Mission	65.3432	-166.5089
AK	Buckland	65.9765	-161.1394
AK	Buffalo Soapstone	61.6844	-149.1212
AK	Butte	61.534	-148.9882
AK	Cantwell	63.4114	-148.7496
AK	Central	65.5091	-144.6205
AK	Chalkyitsik	66.6468	-143.7893
AK	Chase	62.4182	-149.9362
AK	Chefornak	60.1519	-164.2521
AK	Chena Ridge	64.7943	-148.0329
AK	Chenega	60.092	-147.9947
AK	Chevak	61.5296	-165.5941
AK	Chickaloon	61.8153	-148.292
AK	Chicken	64.0877	-141.8283
AK	Chignik	56.2952	-158.3918
AK	Chignik Lagoon	56.3043	-158.5003
AK	Chignik Lake	56.2732	-158.7934
AK	Chiniak	57.5755	-152.279
AK	Chisana	62.11	-142.0505
AK	Chistochina	62.5964	-144.941
AK	Chitina	61.553	-144.1751
AK	Chuathbaluk	61.5739	-159.247
AK	Circle	65.8386	-144.1753
AK	Clam Gulch	60.2089	-151.4042
AK	Clark's Point	58.833	-158.5273
AK	Coffman Cove	56.0017	-132.842
AK	Cohoe	60.267	-151.2982
AK	Cold Bay	55.2155	-162.7755
AK	Coldfoot	67.2475	-150.1081
AK	College	64.8673	-147.8195
AK	Cooper Landing	60.4946	-149.8439
AK	Copper Center	62.0011	-145.364
AK	Cordova	60.5301	-145.6421
AK	Covenant Life	59.3975	-136.123
AK	Craig	55.4887	-133.1116
AK	Crooked Creek	61.7967	-158.081
AK	Crown Point	60.4267	-149.353
AK	Deering	66.0695	-162.7646
AK	Delta Junction	64.0573	-145.7
AK	Deltana	63.7893	-145.3516
AK	Denali Park	63.573	-148.6737
AK	Diamond Ridge	59.7024	-151.5546
AK	Dillingham	59.0605	-158.5323
AK	Diomede	65.7539	-168.9226
AK	Dot Lake	63.5872	-144.2924
AK	Dot Lake Village	63.6626	-144.0162
AK	Dry Creek	63.6266	-144.6392
AK	Eagle	64.7813	-141.1978
AK	Eagle Village	64.7434	-141.1138
AK	Eareckson Station	52.7211	174.1071
AK	Edna Bay	55.9676	-133.6923
AK	Eek	60.2163	-162.042
AK	Egegik	58.2051	-157.522
AK	Eielson AFB	64.6733	-147.0595
AK	Ekwok	59.3458	-157.487
AK	Elfin Cove	58.0877	-136.2883
AK	Elim	64.6182	-162.2766
AK	Emmonak	62.7756	-164.5093
AK	Ester	64.8791	-148.0412
AK	Eureka Roadhouse	61.9585	-147.1551
AK	Evansville	66.9329	-151.3701
AK	Excursion Inlet	58.4151	-135.3455
AK	Fairbanks	64.8365	-147.6517
AK	False Pass	54.8724	-163.3343
AK	Farm Loop	61.6351	-149.1552
AK	Farmers Loop	64.9082	-147.6986
AK	Ferry	64.0496	-148.9206
AK	Fishhook	61.7312	-149.2836
AK	Flat	62.4414	-158.0406
AK	Fort Greely	63.9678	-145.7149
AK	Fort Yukon	66.5884	-145.2276
AK	Four Mile Road	64.6045	-149.1152
AK	Fox	64.9749	-147.609
AK	Fox River	59.8922	-151.0124
AK	Fritz Creek	59.7469	-151.2886
AK	Funny River	60.4843	-150.7887
AK	Gakona	62.368	-145.3052
AK	Galena	64.7414	-156.8734
AK	Gambell	63.7759	-171.7148
AK	Game Creek	58.0501	-135.5125
AK	Gateway	61.5669	-149.2227
AK	Glacier View	61.848	-147.7726
AK	Glennallen	62.1533	-145.8408
AK	Goldstream	64.9422	-148.0273
AK	Golovin	64.5639	-162.9989
AK	Goodnews Bay	59.1272	-161.5753
AK	Grayling	62.8961	-160.113
AK	Gulkana	62.2154	-145.445
AK	Gustavus	58.4347	-135.7282
AK	Haines	59.2604	-135.4722
AK	Halibut Cove	59.5696	-151.2238
AK	Happy Valley	59.8985	-151.5289
AK	Harding-Birch Lakes	64.3813	-146.5306
AK	Healy	63.9596	-148.9708
AK	Healy Lake	64.0097	-144.6816
AK	Hobart Bay	57.4178	-133.3066
AK	Hollis	55.5155	-132.7019
AK	Holy Cross	62.1851	-159.8588
AK	Homer	59.6475	-151.5131
AK	Hoonah	58.122	-135.4315
AK	Hooper Bay	61.5092	-166.1115
AK	Hope	60.8861	-149.633
AK	Houston	61.6153	-149.8006
AK	Hughes	66.0452	-154.2376
AK	Huslia	65.7055	-156.311
AK	Hydaburg	55.2058	-132.8204
AK	Hyder	55.9815	-130.0382
AK	Igiugig	59.301	-155.8633
AK	Iliamna	59.7783	-154.8838
AK	Ivanof Bay	55.9182	-159.4933
AK	Juneau	58.3729	-134.1784
AK	Kachemak	59.6745	-151.4363
AK	Kake	56.9753	-133.9037
AK	Kaktovik	70.1215	-143.6294
AK	Kalifornsky	60.4534	-151.2203
AK	Kaltag	64.3141	-158.7788
AK	Karluk	57.591	-154.3634
AK	Kasaan	55.5611	-132.4068
AK	Kasigluk	60.8638	-162.5366
AK	Kasilof	60.3195	-151.2328
AK	Kenai	60.5622	-151.2081
AK	Kenny Lake	61.6216	-144.8213
AK	Ketchikan	55.3571	-131.6746
AK	Kiana	66.9726	-160.4344
AK	King Cove	55.085	-162.3168
AK	King Salmon	58.7352	-156.5285
AK	Kipnuk	59.9375	-164.0622
AK	Kivalina	67.7269	-164.5356
AK	Klawock	55.5564	-133.0861
AK	Klukwan	59.4019	-135.8826
AK	Knik River	61.4619	-149.0075
AK	Knik-Fairview	61.5076	-149.6226
AK	Kobuk	66.9234	-156.9041
AK	Kodiak	57.7912	-152.4197
AK	Kodiak Station	57.7679	-152.5959
AK	Kokhanok	59.4121	-154.746
AK	Koliganek	59.6967	-157.2248
AK	Kongiganak	59.9916	-162.847
AK	Kotlik	63.0292	-163.5367
AK	Kotzebue	66.8771	-162.5035
AK	Koyuk	64.9411	-161.1455
AK	Koyukuk	64.9021	-157.6935
AK	Kupreanof	56.8213	-132.9722
AK	Kwethluk	60.7933	-161.431
AK	Kwigillingok	59.8776	-163.1773
AK	Lake Louise	62.3016	-146.5402
AK	Lake Minchumina	63.7903	-152.4618
AK	Larsen Bay	57.5299	-154.0012
AK	Lazy Mountain	61.6582	-148.9256
AK	Levelock	59.0682	-156.901
AK	Lime Village	61.3304	-155.2381
AK	Livengood	65.4765	-148.4228
AK	Loring	55.6067	-131.64
AK	Lowell Point	60.0761	-149.4938
AK	Lower Kalskag	61.514	-160.3589
AK	Lutak	59.4122	-135.589
AK	Manley Hot Springs	65.0188	-150.6453
AK	Manokotak	58.7273	-158.9064
AK	Marshall	61.8716	-162.0609
AK	McCarthy	61.454	-142.8647
AK	McGrath	62.9389	-155.5684
AK	Meadow Lakes	61.638	-149.6096
AK	Mekoryuk	60.3703	-166.2677
AK	Mendeltna	62.1461	-146.758
AK	Mentasta Lake	63.0117	-143.5615
AK	Mertarvik	60.811	-164.4991
AK	Metlakatla	55.1147	-131.5557
AK	Mill Bay	57.8155	-152.3675
AK	Minto	65.0896	-149.5902
AK	Moose Creek	64.7164	-147.1666
AK	Moose Pass	60.5059	-149.4684
AK	Mosquito Lake	59.4751	-136.1991
AK	Mountain Village	62.0919	-163.6953
AK	Mud Bay	59.1512	-135.3565
AK	Nabesna	62.4965	-143.0074
AK	Naknek	58.7852	-156.8859
AK	Nanwalek	59.3338	-151.9296
AK	Napakiak	60.6905	-161.9856
AK	Napaskiak	60.7028	-161.7538
AK	Naukati Bay	55.8741	-133.195
AK	Nelchina	62.0104	-146.8299
AK	Nelson Lagoon	55.8366	-161.6358
AK	Nenana	64.5361	-149.0836
AK	New Stuyahok	59.485	-157.3092
AK	Newhalen	59.7371	-154.9024
AK	Newtok	60.9351	-164.6457
AK	Nightmute	60.4624	-164.8346
AK	Nikiski	60.725	-151.2253
AK	Nikolaevsk	59.8296	-151.5964
AK	Nikolai	62.9991	-154.3749
AK	Nikolski	53.0079	-168.7185
AK	Ninilchik	60.0613	-151.4042
AK	Noatak	67.5895	-163.0104
AK	Nome	64.5057	-165.4153
AK	Nondalton	59.9752	-154.866
AK	Noorvik	66.8282	-161.0347
AK	North Lakes	61.6184	-149.3107
AK	North Pole	64.7527	-147.3627
AK	Northway	63.0008	-141.5413
AK	Nuiqsut	70.2135	-150.9897
AK	Nulato	64.6913	-158.2754
AK	Nunam Iqua	62.5069	-164.9006
AK	Nunapitchuk	60.8818	-162.4646
AK	Old Harbor	57.2188	-153.3297
AK	Oscarville	60.7234	-161.7882
AK	Ouzinkie	57.9247	-152.4624
AK	Palmer	61.5972	-149.1147
AK	Paxson	62.9757	-145.7576
AK	Pedro Bay	59.7892	-154.1257
AK	Pelican	57.9592	-136.2151
AK	Perryville	55.9345	-159.1558
AK	Petersburg	56.7569	-132.8749
AK	Petersville	62.4535	-150.8841
AK	Pilot Point	57.5411	-157.7228
AK	Pilot Station	61.9482	-162.8726
AK	Pitkas Point	62.0374	-163.2681
AK	Platinum	58.9526	-161.747
AK	Pleasant Valley	64.8855	-146.8986
AK	Point Baker	56.3481	-133.6168
AK	Point Hope	68.3442	-166.6812
AK	Point Lay	69.7371	-162.8346
AK	Point MacKenzie	61.3427	-150.0485
AK	Point Possession	60.9231	-150.6888
AK	Pope-Vannoy Landing	59.5706	-154.4472
AK	Port Alexander	56.2376	-134.6527
AK	Port Alsworth	60.1567	-154.3396
AK	Port Clarence	65.1095	-166.7647
AK	Port Graham	59.3398	-151.8465
AK	Port Heiden	56.9652	-158.5864
AK	Port Lions	57.867	-152.8562
AK	Port Protection	56.3319	-133.6064
AK	Portage Creek	58.9054	-157.6698
AK	Primrose	60.3416	-149.2964
AK	Prudhoe Bay	70.3659	-148.7494
AK	Quinhagak	59.7513	-161.8972
AK	Rampart	65.4049	-149.921
AK	Red Devil	61.7575	-157.3585
AK	Red Dog Mine	68.0644	-162.8669
AK	Ridgeway	60.5308	-151.0521
AK	Ruby	64.7233	-155.5005
AK	Russian Mission	61.7787	-161.3629
AK	Salamatof	60.6042	-151.3113
AK	Salcha	64.5341	-146.8836
AK	Sand Point	55.3135	-160.4843
AK	Savoonga	63.6797	-170.4833
AK	Saxman	55.3232	-131.5891
AK	Scammon Bay	61.8419	-165.5833
AK	Selawik	66.5921	-160.0022
AK	Seldovia	59.4395	-151.7104
AK	Seldovia Village	59.4613	-151.5888
AK	Seward	60.1248	-149.3916
AK	Shageluk	62.6616	-159.5514
AK	Shaktoolik	64.3545	-161.1935
AK	Shishmaref	66.233	-166.1253
AK	Shungnak	66.8805	-157.15
AK	Silver Springs	62.0193	-145.3583
AK	Sitka	57.1932	-135.3674
AK	Skagway	59.4644	-135.2757
AK	Skwentna	61.8887	-151.2
AK	Slana	62.6036	-143.4553
AK	Sleetmute	61.6539	-157.103
AK	Soldotna	60.4853	-151.069
AK	South Lakes	61.5876	-149.3155
AK	South Naknek	58.6755	-156.9941
AK	South Van Horn	64.8097	-147.7878
AK	St. George	56.571	-169.6599
AK	St. Mary's	62.0628	-163.2443
AK	St. Michael	63.4585	-162.1345
AK	St. Paul	57.1791	-170.3228
AK	Stebbins	63.4734	-162.26
AK	Steele Creek	64.9256	-147.4351
AK	Sterling	60.5401	-150.8053
AK	Stevens Village	66.0237	-149.0803
AK	Stony River	61.792	-156.5905
AK	Sunrise	60.8701	-149.4678
AK	Susitna	61.5403	-150.5879
AK	Susitna North	62.1476	-149.7485
AK	Sutton-Alpine	61.7414	-148.8742
AK	Takotna	62.9827	-156.0838
AK	Talkeetna	62.3095	-149.9239
AK	Tanacross	63.3287	-143.4866
AK	Tanaina	61.6572	-149.4277
AK	Tanana	65.184	-152.0551
AK	Tatitlek	60.8944	-146.6686
AK	Tazlina	62.0503	-145.443
AK	Teller	65.2524	-166.3521
AK	Tenakee Springs	57.7901	-135.1354
AK	Tetlin	63.1819	-142.5044
AK	Thorne Bay	55.667	-132.5357
AK	Togiak	59.0529	-160.3969
AK	Tok	63.3289	-143.0379
AK	Toksook Bay	60.528	-165.1062
AK	Tolsona	62.0678	-146.1203
AK	Tonsina	61.5303	-145.1101
AK	Trapper Creek	62.4154	-150.4078
AK	Tuluksak	61.1045	-160.9381
AK	Tuntutuliak	60.4103	-162.6697
AK	Tununak	60.6073	-165.1273
AK	Twin Hills	59.0818	-160.2806
AK	Two Rivers	64.8908	-147.0899
AK	Tyonek	61.0994	-151.3389
AK	Ugashik	57.6474	-156.9949
AK	Unalakleet	63.8942	-160.7968
AK	Unalaska	53.9103	-166.529
AK	Upper Kalskag	61.5396	-160.3492
AK	UtqiagÌvik	71.2539	-156.7982
AK	Valdez	61.0836	-146.3172
AK	Venetie	67.0207	-146.3743
AK	Wainwright	70.6582	-159.9852
AK	Wales	65.6132	-168.0683
AK	Wasilla	61.5811	-149.4608
AK	Whale Pass	56.0821	-133.0675
AK	White Mountain	64.6824	-163.4128
AK	Whitestone	64.1528	-145.9064
AK	Whitestone Logging Camp	58.0583	-135.4093
AK	Whittier	60.7773	-148.6637
AK	Willow	61.887	-149.6202
AK	Willow Creek	61.8302	-145.1986
AK	Wiseman	67.4813	-150.159
AK	Womens Bay	57.687	-152.6847
AK	Wrangell	56.1808	-132.0268
AK	Yakutat	59.5636	-139.6062
AL	Abanda	33.0916	-85.527
AL	Abbeville	31.5647	-85.2591
AL	Adamsville	33.6023	-86.9715
AL	Addison	34.2027	-87.178
AL	Akron	32.8791	-87.7409
AL	Alabaster	33.2144	-86.8231
AL	Albertville	34.2631	-86.2107
AL	Alexander City	32.9167	-85.9406
AL	Alexandria	33.7608	-85.872
AL	Aliceville	33.1237	-88.1593
AL	Allgood	33.9076	-86.5161
AL	Altoona	34.04	-86.3052
AL	Andalusia	31.3094	-86.478
AL	Anderson	34.9157	-87.2743
AL	Anniston	33.6735	-85.8109
AL	Arab	34.3324	-86.5012
AL	Ardmore	34.9878	-86.829
AL	Argo	33.691	-86.5053
AL	Ariton	31.5978	-85.7131
AL	Arley	34.0762	-87.2178
AL	Ashford	31.1853	-85.2362
AL	Ashland	33.2699	-85.8337
AL	Ashville	33.8352	-86.27
AL	Athens	34.779	-86.9508
AL	Atmore	31.1241	-87.4578
AL	Attalla	33.9862	-86.121
AL	Auburn	32.6078	-85.4947
AL	Autaugaville	32.4326	-86.6588
AL	Avon	31.1797	-85.2792
AL	Axis	30.9222	-88.0226
AL	Babbie	31.3021	-86.3194
AL	Baileyton	34.2609	-86.6088
AL	Bakerhill	31.7769	-85.2954
AL	Ballplay	34.023	-85.8015
AL	Banks	31.8133	-85.8364
AL	Bay Minette	30.8944	-87.7913
AL	Bayou La Batre	30.4076	-88.2633
AL	Bear Creek	34.2555	-87.7134
AL	Beatrice	31.7333	-87.209
AL	Beaverton	33.9354	-88.0218
AL	Belgreen	34.4745	-87.8617
AL	Belk	33.6516	-87.9286
AL	Bellamy	32.4637	-88.1315
AL	Belle Fontaine	30.4895	-88.1059
AL	Benton	32.3079	-86.8175
AL	Berlin	34.185	-86.749
AL	Berry	33.6667	-87.6093
AL	Bessemer	33.3709	-86.9715
AL	Billingsley	32.6647	-86.7067
AL	Birmingham	33.5272	-86.797
AL	Black	31.0098	-85.7444
AL	Blountsville	34.0758	-86.5839
AL	Blue Ridge	32.4989	-86.1824
AL	Blue Springs	31.6635	-85.5035
AL	Boaz	34.199	-86.1552
AL	Boligee	32.7681	-88.0286
AL	Bon Air	33.2594	-86.3271
AL	Bon Secour	30.3182	-87.7244
AL	Boykin	32.0684	-87.2943
AL	Brantley	31.582	-86.2568
AL	Brantleyville	33.2193	-86.8825
AL	Brent	32.9449	-87.1721
AL	Brewton	31.1092	-87.0766
AL	Bridgeport	34.9493	-85.7238
AL	Brighton	33.4396	-86.9454
AL	Brilliant	34.0257	-87.769
AL	Bristow Cove	34.1092	-86.241
AL	Brook Highland	33.438	-86.6853
AL	Brookside	33.6346	-86.9063
AL	Brookwood	33.2398	-87.3315
AL	Broomtown	34.3657	-85.5321
AL	Brundidge	31.7176	-85.8175
AL	Bucks	31.0169	-88.0264
AL	Butler	32.0965	-88.2108
AL	Calera	33.1223	-86.7456
AL	Calvert	31.1499	-88.0215
AL	Camden	31.9985	-87.2889
AL	Camp Hill	32.7973	-85.6558
AL	Carbon Hill	33.895	-87.5221
AL	Cardiff	33.6473	-86.9306
AL	Carlisle-Rockledge	34.1145	-86.1241
AL	Carlton	31.3486	-87.8357
AL	Carolina	31.2341	-86.521
AL	Carrollton	33.2619	-88.0951
AL	Castleberry	31.2997	-87.0291
AL	Catherine	32.1862	-87.47
AL	Cedar Bluff	34.2214	-85.5886
AL	Center Point	33.6439	-86.6846
AL	Centre	34.1531	-85.6717
AL	Centreville	32.959	-87.132
AL	Chatom	31.4691	-88.246
AL	Chelsea	33.309	-86.6351
AL	Cherokee	34.7577	-87.9656
AL	Chickasaw	30.7715	-88.0797
AL	Childersburg	33.2925	-86.3408
AL	Choccolocco	33.6677	-85.7072
AL	Chunchula	30.9272	-88.2082
AL	Citronelle	31.0973	-88.2498
AL	Clanton	32.8456	-86.6195
AL	Clay	33.6966	-86.6082
AL	Clayhatchee	31.2369	-85.7215
AL	Clayton	31.8823	-85.4605
AL	Cleveland	34.0022	-86.5614
AL	Clio	31.7085	-85.611
AL	Coaling	33.1699	-87.3499
AL	Coats Bend	34.0733	-85.8746
AL	Coffee Springs	31.1658	-85.9109
AL	Coffeeville	31.7666	-88.086
AL	Coker	33.2438	-87.6813
AL	Collinsville	34.2672	-85.8686
AL	Colony	33.9414	-86.902
AL	Columbia	31.2954	-85.1102
AL	Columbiana	33.1915	-86.6156
AL	Concord	33.462	-87.0404
AL	Coosada	32.4954	-86.3265
AL	Cordova	33.7618	-87.1994
AL	Cottondale	33.193	-87.4549
AL	Cottonwood	31.054	-85.2996
AL	County Line	33.8189	-86.7147
AL	Courtland	34.6699	-87.3279
AL	Cowarts	31.2062	-85.3098
AL	Creola	30.8742	-88.0095
AL	Crossville	34.2827	-85.9997
AL	Cuba	32.4407	-88.3748
AL	Cullman	34.1769	-86.8407
AL	Cullomburg	31.7131	-88.2918
AL	Cusseta	32.7876	-85.3058
AL	Dadeville	32.8261	-85.7762
AL	Daleville	31.2915	-85.7117
AL	Daphne	30.6261	-87.8818
AL	Dauphin Island	30.2509	-88.1713
AL	Daviston	33.0568	-85.6343
AL	Dayton	32.351	-87.6416
AL	Deatsville	32.589	-86.3891
AL	Decatur	34.573	-86.9899
AL	Deer Park	31.2184	-88.328
AL	Delta	33.4405	-85.6759
AL	Demopolis	32.4997	-87.8267
AL	Detroit	34.0274	-88.1678
AL	Dodge City	34.0433	-86.8855
AL	Dora	33.7281	-87.0813
AL	Dothan	31.2337	-85.4068
AL	Double Springs	34.1496	-87.3894
AL	Douglas	34.1683	-86.3234
AL	Dozier	31.5054	-86.3692
AL	Dunnavant	33.4952	-86.5402
AL	Dutton	34.6062	-85.9119
AL	Eagle Point	33.4009	-86.6768
AL	East Brewton	31.0914	-87.0553
AL	East Point	34.1912	-86.7922
AL	Eclectic	32.6402	-86.0411
AL	Edgewater	33.5301	-86.9528
AL	Edwardsville	33.8837	-85.4141
AL	Egypt	34.0759	-86.1651
AL	Elba	31.4172	-86.0771
AL	Elberta	30.3738	-87.5957
AL	Eldridge	33.9231	-87.6229
AL	Elkmont	34.9326	-86.977
AL	Elmore	32.5566	-86.341
AL	Emelle	32.7287	-88.3165
AL	Emerald Mountain	32.4477	-86.0944
AL	Enterprise	31.3269	-85.844
AL	Epes	32.695	-88.142
AL	Equality	32.7657	-86.1232
AL	Ethelsville	33.4141	-88.2161
AL	Eufaula	31.9099	-85.1527
AL	Eunola	31.0314	-85.834
AL	Eutaw	32.8462	-87.9003
AL	Eva	34.3265	-86.7653
AL	Evergreen	31.4332	-86.9761
AL	Excel	31.4264	-87.3437
AL	Fairfield	33.4748	-86.9194
AL	Fairford	31.178	-88.0728
AL	Fairhope	30.5209	-87.8791
AL	Fairview	34.2502	-86.6777
AL	Falkville	34.377	-86.9095
AL	Faunsdale	32.4576	-87.5938
AL	Fayette	33.6942	-87.8312
AL	Fayetteville	33.1681	-86.4428
AL	Fitzpatrick	32.2104	-85.8737
AL	Five Points	33.0173	-85.3516
AL	Flomaton	31.0148	-87.256
AL	Florala	31.0224	-86.3182
AL	Florence	34.8303	-87.6661
AL	Foley	30.397	-87.6642
AL	Forestdale	33.5737	-86.9
AL	Forkland	32.6474	-87.8674
AL	Fort Deposit	31.9863	-86.5664
AL	Fort Payne	34.4573	-85.6894
AL	Fort Rucker	31.3426	-85.7161
AL	Franklin	32.4527	-85.7854
AL	Fredonia	32.9836	-85.2923
AL	Frisco City	31.4395	-87.4042
AL	Fruitdale	31.3498	-88.4109
AL	Fruithurst	33.7295	-85.4312
AL	Fulton	31.791	-87.7442
AL	Fultondale	33.6174	-86.8014
AL	Fyffe	34.449	-85.9052
AL	Gadsden	34.0066	-86.0161
AL	Gainesville	32.8149	-88.1608
AL	Gallant	34.0013	-86.2302
AL	Gantt	31.4107	-86.4835
AL	Garden City	34.0147	-86.7491
AL	Gardendale	33.6766	-86.8098
AL	Gaylesville	34.2674	-85.5612
AL	Geiger	32.8687	-88.3182
AL	Geneva	31.0449	-85.8768
AL	Georgiana	31.6391	-86.7468
AL	Geraldine	34.3591	-86.0026
AL	Gilbertown	31.8662	-88.3075
AL	Glen Allen	33.8921	-87.7327
AL	Glencoe	33.9483	-85.9336
AL	Glenwood	31.6713	-86.1737
AL	Goldville	33.0849	-85.778
AL	Good Hope	34.1107	-86.8671
AL	Goodwater	33.0607	-86.0525
AL	Gordo	33.3223	-87.9037
AL	Gordon	31.1436	-85.0925
AL	Gordonville	32.1592	-86.7042
AL	Goshen	31.72	-86.1232
AL	Graham	33.4552	-85.3231
AL	Grand Bay	30.4721	-88.3444
AL	Grant	34.5182	-86.2604
AL	Grayson Valley	33.6466	-86.6419
AL	Graysville	33.6338	-86.9414
AL	Greensboro	32.701	-87.5937
AL	Greenville	31.8431	-86.637
AL	Grimes	31.2999	-85.4503
AL	Grove Hill	31.6987	-87.7729
AL	Gu-Win	33.9443	-87.8704
AL	Guin	33.9832	-87.9024
AL	Gulf Shores	30.2758	-87.7013
AL	Gulfcrest	30.9911	-88.2422
AL	Guntersville	34.3679	-86.2523
AL	Gurley	34.7014	-86.3803
AL	Hackleburg	34.2694	-87.8304
AL	Hackneyville	33.0547	-85.9344
AL	Haleburg	31.41	-85.1381
AL	Haleyville	34.2338	-87.6176
AL	Hamilton	34.1387	-87.9708
AL	Hammondville	34.5662	-85.6403
AL	Hanceville	34.064	-86.7644
AL	Hanover	33.0029	-86.2009
AL	Harpersville	33.3177	-86.4284
AL	Hartford	31.1053	-85.6912
AL	Hartselle	34.4404	-86.9404
AL	Harvest	34.8551	-86.7586
AL	Hatton	34.5607	-87.4138
AL	Hayden	33.8945	-86.7442
AL	Hayneville	32.1826	-86.5786
AL	Hazel Green	34.9237	-86.5674
AL	Headland	31.355	-85.357
AL	Heath	31.3448	-86.469
AL	Heflin	33.6474	-85.5693
AL	Helena	33.2834	-86.8792
AL	Henagar	34.6306	-85.7309
AL	Highland Lake	33.8946	-86.4226
AL	Highland Lakes	33.3976	-86.6479
AL	Hillsboro	34.6426	-87.1785
AL	Hissop	32.8906	-86.1296
AL	Hobson	31.4887	-88.1509
AL	Hobson City	33.6188	-85.8461
AL	Hodges	34.3342	-87.9232
AL	Hokes Bluff	33.9897	-85.8629
AL	Hollins	33.1218	-86.127
AL	Hollis Crossroads	33.5313	-85.6529
AL	Holly Pond	34.1677	-86.6121
AL	Hollywood	34.7173	-85.9656
AL	Holt	33.2297	-87.4829
AL	Holtville	32.6303	-86.328
AL	Homewood	33.4586	-86.8097
AL	Hoover	33.379	-86.8089
AL	Horn Hill	31.2381	-86.3252
AL	Hueytown	33.4086	-87.0166
AL	Huguley	32.8431	-85.2396
AL	Huntsville	34.6977	-86.6767
AL	Hurtsboro	32.2401	-85.4147
AL	Hytop	34.8966	-86.0892
AL	Ider	34.7026	-85.669
AL	Indian Springs Village	33.3612	-86.7469
AL	Irondale	33.5399	-86.6591
AL	Ivalee	34.0372	-86.1472
AL	Jackson	31.5323	-87.8912
AL	Jacksons' Gap	32.884	-85.815
AL	Jacksonville	33.8101	-85.7552
AL	Jasper	33.8511	-87.2683
AL	Jemison	32.9707	-86.7331
AL	Joppa	34.2996	-86.5499
AL	Kansas	33.9028	-87.5566
AL	Kellyton	32.9792	-86.0346
AL	Kennedy	33.5807	-87.9855
AL	Killen	34.861	-87.5293
AL	Kimberly	33.777	-86.8002
AL	Kinsey	31.2963	-85.335
AL	Kinston	31.2196	-86.1701
AL	La Fayette	32.8994	-85.4008
AL	Ladonia	32.4597	-85.0904
AL	Lake View	33.2883	-87.1327
AL	Lakeview	34.3917	-85.9756
AL	Lanett	32.8586	-85.2078
AL	Langston	34.5451	-86.0934
AL	Leeds	33.5468	-86.5714
AL	Leesburg	34.1786	-85.7779
AL	Leighton	34.6937	-87.5243
AL	Leroy	31.495	-87.9728
AL	Lester	34.9828	-87.1555
AL	Level Plains	31.3071	-85.7687
AL	Lexington	34.9594	-87.3728
AL	Libertyville	31.2401	-86.457
AL	Lillian	30.4189	-87.4208
AL	Lincoln	33.5802	-86.1279
AL	Linden	32.3014	-87.7926
AL	Lineville	33.3128	-85.7523
AL	Lipscomb	33.426	-86.9261
AL	Lisman	32.1717	-88.2841
AL	Littleville	34.5951	-87.6707
AL	Livingston	32.5955	-88.1869
AL	Loachapoka	32.6079	-85.5985
AL	Lockhart	31.013	-86.3503
AL	Locust Fork	33.8768	-86.6471
AL	Lookout Mountain	34.1159	-85.9655
AL	Louisville	31.781	-85.5583
AL	Lowndesboro	32.2764	-86.6108
AL	Loxley	30.6846	-87.7392
AL	Luverne	31.7189	-86.2691
AL	Lynn	34.0576	-87.5486
AL	Macedonia	33.4031	-88.2392
AL	Madison	34.7105	-86.7623
AL	Madrid	31.0356	-85.3992
AL	Magnolia Springs	30.4034	-87.7759
AL	Malcolm	31.1988	-88.0006
AL	Malvern	31.1437	-85.523
AL	Maplesville	32.7844	-86.8797
AL	Marbury	32.673	-86.4637
AL	Margaret	33.6729	-86.4639
AL	Marion	32.632	-87.3173
AL	Maytown	33.55	-87.0
AL	McCalla	33.3031	-87.0267
AL	McDonald Chapel	33.5186	-86.9385
AL	McIntosh	31.265	-88.0284
AL	McKenzie	31.5465	-86.726
AL	McMullen	33.1481	-88.1757
AL	Meadowbrook	33.3952	-86.7044
AL	Megargel	31.3781	-87.4306
AL	Memphis	33.137	-88.3059
AL	Mentone	34.5632	-85.5897
AL	Meridianville	34.8749	-86.5806
AL	Midfield	33.4553	-86.9224
AL	Midland City	31.3157	-85.4937
AL	Midway	32.0764	-85.5244
AL	Mignon	33.1866	-86.2569
AL	Millbrook	32.5015	-86.3739
AL	Millerville	33.1915	-85.9298
AL	Millport	33.5559	-88.0824
AL	Millry	31.6212	-88.328
AL	Minor	33.539	-86.9401
AL	Mobile	30.6684	-88.1002
AL	Monroeville	31.5162	-87.3277
AL	Montevallo	33.1261	-86.8477
AL	Montgomery	32.3485	-86.2673
AL	Moody	33.6034	-86.4938
AL	Moores Mill	34.8521	-86.5204
AL	Mooresville	34.6259	-86.88
AL	Morris	33.7462	-86.8008
AL	Morrison Crossroads	33.418	-85.4883
AL	Mosses	32.1888	-86.6794
AL	Moulton	34.4883	-87.2827
AL	Moundville	32.9965	-87.6275
AL	Mount Olive	33.6693	-86.8755
AL	Mount Vernon	31.0877	-88.0132
AL	Mountain Brook	33.4915	-86.7345
AL	Movico	31.0628	-88.0266
AL	Mulga	33.5563	-86.9723
AL	Munford	33.5276	-85.9538
AL	Muscle Shoals	34.7427	-87.6338
AL	Myrtlewood	32.2521	-87.9493
AL	Nanafalia	32.1114	-87.9958
AL	Nances Creek	33.8555	-85.6691
AL	Napier Field	31.3149	-85.4549
AL	Natural Bridge	34.0904	-87.6014
AL	Nauvoo	33.9844	-87.4854
AL	Nectar	33.9798	-86.6206
AL	Needham	31.987	-88.3366
AL	New Brockton	31.3767	-85.919
AL	New Hope	34.538	-86.4124
AL	New Market	34.8923	-86.4258
AL	New Site	33.026	-85.7845
AL	New Union	34.1337	-86.228
AL	Newbern	32.5917	-87.5356
AL	Newton	31.3412	-85.5883
AL	Newville	31.4206	-85.3367
AL	Nixburg	32.8555	-86.1008
AL	North Courtland	34.68	-87.3057
AL	North Johns	33.3678	-87.1007
AL	Northport	33.2576	-87.5964
AL	Notasulga	32.5554	-85.6686
AL	Oak Grove	33.1904	-86.3037
AL	Oak Hill	31.9216	-87.0852
AL	Oakman	33.7143	-87.3887
AL	Odenville	33.7009	-86.4234
AL	Ohatchee	33.7898	-86.0291
AL	Oneonta	33.947	-86.4898
AL	Onycha	31.2257	-86.276
AL	Opelika	32.6607	-85.3789
AL	Opp	31.2844	-86.2574
AL	Orange Beach	30.294	-87.5954
AL	Orrville	32.3068	-87.2454
AL	Our Town	32.8422	-85.967
AL	Owens Cross Roads	34.5855	-86.455
AL	Oxford	33.5964	-85.8682
AL	Ozark	31.4516	-85.645
AL	Paint Rock	34.6609	-86.334
AL	Panola	32.9468	-88.2623
AL	Parrish	33.7323	-87.2801
AL	Pea Ridge	33.1338	-86.9379
AL	Pelham	33.3218	-86.7422
AL	Pell City	33.5603	-86.2636
AL	Pennington	32.2006	-88.0376
AL	Penton	33.0098	-85.4748
AL	Perdido	31.0056	-87.6303
AL	Perdido Beach	30.3539	-87.5048
AL	Peterman	31.5837	-87.263
AL	Petrey	31.8522	-86.204
AL	Phenix City	32.4537	-85.031
AL	Phil Campbell	34.3515	-87.7074
AL	Pickensville	33.2358	-88.2894
AL	Piedmont	33.9276	-85.6153
AL	Pike Road	32.2736	-86.1189
AL	Pinckard	31.319	-85.5378
AL	Pine Apple	31.8722	-86.9891
AL	Pine Hill	31.9859	-87.5875
AL	Pine Level	32.5795	-86.4543
AL	Pine Ridge	34.4479	-85.7838
AL	Pinson	33.7093	-86.6636
AL	Pisgah	34.6844	-85.846
AL	Pleasant Grove	33.494	-86.9781
AL	Pleasant Groves	34.7376	-86.1976
AL	Point Clear	30.4861	-87.9111
AL	Pollard	31.0239	-87.173
AL	Powell	34.5326	-85.8976
AL	Prattville	32.449	-86.4494
AL	Priceville	34.5296	-86.8822
AL	Prichard	30.7733	-88.1314
AL	Providence	32.3424	-87.7761
AL	Putnam	32.0181	-88.0331
AL	Ragland	33.7483	-86.1359
AL	Rainbow City	33.9288	-86.0842
AL	Rainsville	34.4944	-85.8365
AL	Ranburne	33.5259	-85.339
AL	Ray	32.8681	-86.0453
AL	Red Bay	34.4361	-88.1365
AL	Red Level	31.4067	-86.6062
AL	Redland	32.4814	-86.1438
AL	Redstone Arsenal	34.6878	-86.6612
AL	Reece City	34.0772	-86.0345
AL	Reeltown	32.5742	-85.8196
AL	Reform	33.3783	-88.0173
AL	Rehobeth	31.1245	-85.4396
AL	Remlap	33.807	-86.5939
AL	Repton	31.4097	-87.2389
AL	Ridgeville	34.0569	-86.1029
AL	River Falls	31.3524	-86.5446
AL	Riverside	33.6164	-86.2044
AL	Riverview	31.0613	-87.0775
AL	Roanoke	33.1453	-85.3695
AL	Robertsdale	30.5571	-87.7047
AL	Rock Creek	33.4772	-87.0812
AL	Rock Mills	33.1599	-85.2811
AL	Rockford	32.8969	-86.2083
AL	Rockville	31.4058	-87.8442
AL	Rogersville	34.8277	-87.2841
AL	Rosa	33.9928	-86.5003
AL	Russellville	34.5057	-87.7281
AL	Rutledge	31.7241	-86.302
AL	Saks	33.7114	-85.8537
AL	Samson	31.1124	-86.0467
AL	Sand Rock	34.2312	-85.7704
AL	Sanford	31.2988	-86.3988
AL	Saraland	30.8546	-88.1098
AL	Sardis City	34.1724	-86.1191
AL	Satsuma	30.8579	-88.0634
AL	Scottsboro	34.6446	-86.0482
AL	Section	34.5816	-85.9849
AL	Selma	32.417	-87.0357
AL	Selmont-West Selmont	32.3783	-87.0069
AL	Semmes	30.7962	-88.2476
AL	Sheffield	34.757	-87.6971
AL	Shelby	33.1069	-86.5854
AL	Shiloh	34.4627	-85.8776
AL	Shoal Creek	33.4308	-86.6109
AL	Shorter	32.4115	-85.9728
AL	Silas	31.7678	-88.3259
AL	Silverhill	30.5454	-87.7506
AL	Sims Chapel	31.2493	-88.143
AL	Sipsey	33.8221	-87.0829
AL	Skyline	34.7985	-86.1224
AL	Slocomb	31.1121	-85.5987
AL	Smiths Station	32.5229	-85.0994
AL	Smoke Rise	33.8799	-86.8247
AL	Snead	34.1162	-86.3909
AL	Somerville	34.4671	-86.7912
AL	South Vinemont	34.2356	-86.864
AL	Southside	33.8908	-86.018
AL	Spanish Fort	30.723	-87.8659
AL	Spring Garden	33.973	-85.5558
AL	Springville	33.7405	-86.4841
AL	Spruce Pine	34.3929	-87.7296
AL	St. Florian	34.8741	-87.6237
AL	St. Stephens	31.5711	-88.0528
AL	Standing Rock	33.0857	-85.2398
AL	Stapleton	30.7356	-87.7977
AL	Steele	33.9414	-86.1921
AL	Sterrett	33.4422	-86.461
AL	Stevenson	34.8768	-85.8144
AL	Stewartville	33.0755	-86.2607
AL	Stockton	31.0012	-87.8739
AL	Sulligent	33.8912	-88.1266
AL	Sumiton	33.7493	-87.0469
AL	Summerdale	30.4767	-87.6876
AL	Susan Moore	34.092	-86.4342
AL	Sweet Water	32.1046	-87.8619
AL	Sylacauga	33.1887	-86.2748
AL	Sylvan Springs	33.5302	-87.0312
AL	Sylvania	34.562	-85.8047
AL	Talladega	33.4318	-86.0995
AL	Talladega Springs	33.1205	-86.4378
AL	Tallassee	32.5327	-85.892
AL	Tarrant	33.5929	-86.7663
AL	Taylor	31.1688	-85.4758
AL	Theodore	30.5387	-88.1876
AL	Thomaston	32.2683	-87.6237
AL	Thomasville	31.915	-87.7372
AL	Thorsby	32.9169	-86.7203
AL	Tibbie	31.3705	-88.2439
AL	Tidmore Bend	34.0332	-85.9264
AL	Tillmans Corner	30.5815	-88.2128
AL	Town Creek	34.6713	-87.4078
AL	Toxey	31.9107	-88.3091
AL	Trafford	33.8187	-86.7465
AL	Triana	34.5878	-86.7485
AL	Trinity	34.5974	-87.0814
AL	Troy	31.802	-85.9671
AL	Trussville	33.6552	-86.5632
AL	Tuscaloosa	33.2344	-87.5283
AL	Tuscumbia	34.7185	-87.7026
AL	Tuskegee	32.4187	-85.6825
AL	Twin	33.9923	-87.8523
AL	Underwood-Petersville	34.8761	-87.6982
AL	Union	32.9938	-87.9072
AL	Union Grove	34.4062	-86.4517
AL	Union Springs	32.1395	-85.7146
AL	Uniontown	32.4466	-87.4873
AL	Uriah	31.3074	-87.4992
AL	Valley	32.8014	-85.2044
AL	Valley Grande	32.4869	-87.0328
AL	Valley Head	34.5562	-85.623
AL	Vance	33.174	-87.2266
AL	Vandiver	33.4589	-86.5292
AL	Vernon	33.7588	-88.1143
AL	Vestavia Hills	33.4625	-86.7395
AL	Vina	34.3762	-88.0606
AL	Vincent	33.3831	-86.4025
AL	Vinegar Bend	31.2591	-88.3673
AL	Vredenburgh	31.8232	-87.3181
AL	Wadley	33.1234	-85.5686
AL	Waldo	33.3871	-86.0411
AL	Walnut Grove	34.0646	-86.2872
AL	Warrior	33.8149	-86.8157
AL	Waterloo	34.9172	-88.0644
AL	Waverly	32.7301	-85.571
AL	Weaver	33.7591	-85.8094
AL	Webb	31.2572	-85.2896
AL	Wedowee	33.308	-85.4865
AL	Weogufka	33.0217	-86.3091
AL	West Blocton	33.1182	-87.1252
AL	West End-Cobb Town	33.6515	-85.8766
AL	West Jefferson	33.6734	-87.0406
AL	West Point	34.2387	-86.964
AL	Westover	33.3673	-86.534
AL	Wetumpka	32.5404	-86.207
AL	Whatley	31.6463	-87.7108
AL	White Hall	32.2974	-86.7158
AL	White Plains	33.7593	-85.6885
AL	Whitesboro	34.169	-86.0585
AL	Wilsonville	33.2408	-86.4911
AL	Wilton	33.0816	-86.8797
AL	Winfield	33.9347	-87.7913
AL	Woodland	33.3756	-85.3974
AL	Woodstock	33.2175	-87.1484
AL	Woodville	34.6295	-86.2836
AL	Yellow Bluff	31.9623	-87.4774
AL	York	32.5006	-88.2914
AR	Acorn	34.6388	-94.2001
AR	Adona	35.0399	-92.8991
AR	Alexander	34.6186	-92.4512
AR	Alicia	35.8929	-91.0834
AR	Alix	35.422	-93.7288
AR	Alleene	33.7648	-94.2622
AR	Allport	34.5399	-91.7839
AR	Alma	35.4924	-94.2139
AR	Almyra	34.4057	-91.4108
AR	Alpena	36.2927	-93.3036
AR	Alpine	34.2269	-93.3783
AR	Altheimer	34.3274	-91.8473
AR	Altus	35.4468	-93.7644
AR	Amagon	35.5632	-91.1094
AR	Amity	34.2662	-93.4634
AR	Anthonyville	35.0398	-90.3403
AR	Antoine	34.0345	-93.4214
AR	Aplin	34.9675	-92.9813
AR	Appleton	35.4108	-92.8753
AR	Arkadelphia	34.1274	-93.0709
AR	Arkansas City	33.6089	-91.2049
AR	Armorel	35.9256	-89.798
AR	Ash Flat	36.2366	-91.6065
AR	Ashdown	33.6745	-94.1266
AR	Atkins	35.2409	-92.9496
AR	Aubrey	34.7198	-90.898
AR	Augusta	35.2865	-91.3609
AR	Austin	35.0059	-91.9896
AR	Avilla	34.6948	-92.5861
AR	Avoca	36.3947	-94.0658
AR	Bald Knob	35.3125	-91.5713
AR	Banks	33.5758	-92.2671
AR	Barling	35.3313	-94.2752
AR	Bassett	35.5356	-90.1294
AR	Batavia	36.2479	-93.2158
AR	Batesville	35.7686	-91.6227
AR	Bauxite	34.5577	-92.5021
AR	Bay	35.7461	-90.5521
AR	Bearden	33.7277	-92.6187
AR	Beaver	36.474	-93.7773
AR	Bee Branch	35.4626	-92.401
AR	Beebe	35.0724	-91.9011
AR	Beedeville	35.4292	-91.1107
AR	Beirne	33.8882	-93.2062
AR	Bella Vista	36.4666	-94.2663
AR	Bellefonte	36.1999	-93.047
AR	Belleville	35.0915	-93.4458
AR	Ben Lomond	33.8291	-94.1233
AR	Benton	34.5774	-92.5726
AR	Bentonville	36.3527	-94.2312
AR	Bergman	36.3128	-93.0112
AR	Berryville	36.371	-93.5704
AR	Bethesda	35.7871	-91.7927
AR	Big Flat	36.0034	-92.4102
AR	Bigelow	34.9978	-92.6312
AR	Biggers	36.3314	-90.8007
AR	Birdsong	35.4612	-90.2598
AR	Bismarck	34.3218	-93.1781
AR	Black Oak	35.8365	-90.3676
AR	Black Rock	36.1062	-91.1075
AR	Black Springs	34.456	-93.7131
AR	Blevins	33.8713	-93.5782
AR	Blue Eye	36.4967	-93.3977
AR	Blue Mountain	35.1318	-93.7167
AR	Bluff City	33.7351	-93.1246
AR	Blytheville	35.9341	-89.9051
AR	Board Camp	34.5325	-94.0797
AR	Bodcaw	33.5636	-93.393
AR	Boles	34.7881	-94.0494
AR	Bonanza	35.2318	-94.4161
AR	Bono	35.9111	-90.8008
AR	Booneville	35.1393	-93.9175
AR	Bowman	35.8168	-90.4962
AR	Bradford	35.422	-91.4552
AR	Bradley	33.1001	-93.6569
AR	Branch	35.3083	-93.9554
AR	Briarcliff	36.272	-92.2821
AR	Brinkley	34.8898	-91.1898
AR	Brookland	35.8971	-90.5717
AR	Bryant	34.6151	-92.4913
AR	Buckner	33.3573	-93.4356
AR	Buffalo City	36.1691	-92.4379
AR	Bull Shoals	36.3736	-92.5915
AR	Burdette	35.8153	-89.9464
AR	Cabot	34.9751	-92.0283
AR	Caddo Gap	34.4025	-93.6179
AR	Caddo Valley	34.1807	-93.0846
AR	Caldwell	35.0748	-90.8095
AR	Cale	33.6279	-93.2328
AR	Calico Rock	36.122	-92.1259
AR	Calion	33.3284	-92.5402
AR	Camden	33.5677	-92.8491
AR	Cammack Village	34.7808	-92.345
AR	Campbell Station	35.6678	-91.2538
AR	Canehill	35.9138	-94.3973
AR	Caraway	35.7602	-90.3221
AR	Carlisle	34.7954	-91.7405
AR	Carthage	34.0726	-92.5553
AR	Casa	35.025	-93.0455
AR	Cash	35.8012	-90.9316
AR	Caulksville	35.3018	-93.8678
AR	Cave City	35.9482	-91.5468
AR	Cave Springs	36.2684	-94.2195
AR	Cedarville	35.584	-94.3619
AR	Center Point	34.0318	-93.9512
AR	Center Ridge	35.3807	-92.5756
AR	Centerton	36.3551	-94.2977
AR	Centerville	35.1157	-93.1715
AR	Central City	35.3364	-94.238
AR	Charleston	35.2945	-94.0483
AR	Cherokee City	36.2947	-94.5768
AR	Cherokee Village	36.2913	-91.5694
AR	Cherry Valley	35.4028	-90.7536
AR	Chester	35.6778	-94.1778
AR	Chidester	33.7019	-93.0238
AR	Cincinnati	36.0453	-94.5273
AR	Clarendon	34.693	-91.3063
AR	Clarkedale	35.297	-90.2103
AR	Clarksville	35.4539	-93.4816
AR	Clinton	35.579	-92.4557
AR	Coal Hill	35.4369	-93.6652
AR	College Station	34.7005	-92.2284
AR	Collins	33.5323	-91.5724
AR	Colt	35.1329	-90.8129
AR	Concord	35.6663	-91.8606
AR	Conway	35.0744	-92.467
AR	Corinth	35.0695	-93.4201
AR	Corning	36.4137	-90.5836
AR	Cotter	36.2819	-92.5208
AR	Cotton Plant	35.0059	-91.252
AR	Cove	34.439	-94.4223
AR	Coy	34.5405	-91.8713
AR	Crawfordsville	35.2267	-90.3242
AR	Crossett	33.1228	-91.9581
AR	Crystal Springs	34.5248	-93.3336
AR	Cushman	35.8658	-91.7781
AR	Daisy	34.2359	-93.7392
AR	Damascus	35.3671	-92.4107
AR	Danville	35.0525	-93.3912
AR	Dardanelle	35.2263	-93.1659
AR	Datto	36.3925	-90.7285
AR	De Queen	34.0422	-94.3421
AR	De Valls Bluff	34.7859	-91.4611
AR	DeWitt	34.2874	-91.3383
AR	Decatur	36.3485	-94.458
AR	Deer	35.828	-93.2196
AR	Delaplaine	36.2304	-90.7256
AR	Delight	34.0295	-93.5066
AR	Dell	35.8572	-90.0341
AR	Dennard	35.7479	-92.55
AR	Denning	35.4252	-93.7568
AR	Dermott	33.5262	-91.4323
AR	Des Arc	34.9784	-91.5068
AR	Desha	35.7305	-91.6856
AR	Diamond City	36.4576	-92.911
AR	Diaz	35.6488	-91.2589
AR	Dierks	34.12	-94.0173
AR	Donaldson	34.235	-92.9195
AR	Dora	35.463	-94.4299
AR	Dover	35.391	-93.1142
AR	Drasco	35.6338	-91.9418
AR	Dumas	33.8834	-91.4856
AR	Dyer	35.4944	-94.1388
AR	Dyess	35.5893	-90.2133
AR	Earle	35.2734	-90.4643
AR	East Camden	33.6084	-92.745
AR	East End	34.5545	-92.3275
AR	Edgemont	35.6007	-92.1964
AR	Edmondson	35.105	-90.3055
AR	Egypt	35.8678	-90.9458
AR	El Dorado	33.219	-92.6641
AR	El Paso	35.1153	-92.0812
AR	Elaine	34.3086	-90.8533
AR	Elkins	36.0172	-94.0235
AR	Elm Springs	36.2062	-94.2379
AR	Emerson	33.0973	-93.196
AR	Emmet	33.7225	-93.4662
AR	England	34.5454	-91.9674
AR	Enola	35.1959	-92.2066
AR	Etowah	35.7158	-90.2307
AR	Eudora	33.1189	-91.264
AR	Eureka Springs	36.4108	-93.7449
AR	Evansville	35.7906	-94.4888
AR	Evening Shade	36.0699	-91.6219
AR	Everton	36.1541	-92.9095
AR	Fair Oaks	35.248	-91.036
AR	Fairfield Bay	35.6011	-92.2662
AR	Fargo	34.954	-91.1797
AR	Farmington	36.0366	-94.2525
AR	Fayetteville	36.0715	-94.1666
AR	Felsenthal	33.0608	-92.149
AR	Fifty-Six	35.9635	-92.2334
AR	Fisher	35.4914	-90.9725
AR	Flippin	36.2773	-92.5935
AR	Floral	35.5889	-91.7589
AR	Floyd	35.1989	-91.9645
AR	Fordyce	33.8182	-92.417
AR	Foreman	33.7195	-94.3977
AR	Forrest City	35.0136	-90.7932
AR	Fort Smith	35.3493	-94.3709
AR	Fouke	33.2622	-93.8852
AR	Fountain Hill	33.3575	-91.8511
AR	Fountain Lake	34.6098	-92.9198
AR	Fourche	34.9931	-92.6189
AR	Fox	35.7844	-92.2996
AR	Franklin	36.1727	-91.7697
AR	Fredonia	34.8194	-91.4102
AR	Friendship	34.2243	-93.0037
AR	Fulton	33.6126	-93.8138
AR	Gamaliel	36.4519	-92.2369
AR	Garfield	36.4554	-93.9758
AR	Garland	33.361	-93.7142
AR	Garner	35.1425	-91.7792
AR	Gassville	36.2849	-92.4868
AR	Gateway	36.4889	-93.9331
AR	Genoa	33.3775	-93.8824
AR	Gentry	36.2596	-94.4909
AR	Georgetown	35.1267	-91.4539
AR	Gibson	34.9022	-92.2408
AR	Gilbert	35.991	-92.7162
AR	Gillett	34.1192	-91.3791
AR	Gillham	34.1686	-94.313
AR	Gilmore	35.414	-90.2956
AR	Glenwood	34.3283	-93.5273
AR	Goodwin	34.9407	-91.0036
AR	Goshen	36.1025	-94.0016
AR	Gosnell	35.9649	-89.9686
AR	Gould	33.9872	-91.564
AR	Grady	34.0725	-91.6976
AR	Grannis	34.2402	-94.322
AR	Gravette	36.4283	-94.3685
AR	Green Forest	36.3347	-93.431
AR	Greenbrier	35.2288	-92.3836
AR	Greenland	35.9962	-94.1909
AR	Greenway	36.3406	-90.2221
AR	Greenwood	35.2269	-94.2764
AR	Greers Ferry	35.575	-92.166
AR	Gregory	35.1533	-91.3342
AR	Griffithville	35.1231	-91.645
AR	Grubbs	35.654	-91.0755
AR	Guion	35.9268	-91.9389
AR	Gum Springs	34.0639	-93.0957
AR	Gurdon	33.916	-93.1539
AR	Guy	35.3273	-92.3367
AR	Hackett	35.188	-94.4103
AR	Hagarville	35.515	-93.3321
AR	Halley	33.5363	-91.3237
AR	Hamburg	33.2248	-91.7972
AR	Hampton	33.5348	-92.4666
AR	Hardy	36.3196	-91.4815
AR	Harrell	33.5099	-92.4001
AR	Harrisburg	35.5638	-90.7216
AR	Harrison	36.2426	-93.1176
AR	Hartford	35.0234	-94.3794
AR	Hartman	35.4353	-93.6282
AR	Haskell	34.5092	-92.6419
AR	Hatfield	34.4845	-94.3799
AR	Hattieville	35.2952	-92.7754
AR	Havana	35.1098	-93.526
AR	Haynes	34.8909	-90.7927
AR	Hazen	34.7814	-91.5581
AR	Heber Springs	35.4996	-92.0293
AR	Hector	35.4629	-92.9791
AR	Helena-West Helena	34.5314	-90.6201
AR	Henderson	36.3772	-92.2189
AR	Hensley	34.5104	-92.2095
AR	Hermitage	33.4474	-92.1715
AR	Hickory Ridge	35.4028	-90.9945
AR	Higden	35.5664	-92.2052
AR	Higginson	35.1968	-91.7152
AR	Highfill	36.2744	-94.3239
AR	Highland	36.2694	-91.5198
AR	Hindsville	36.1477	-93.8649
AR	Holiday Island	36.4842	-93.7368
AR	Holland	35.166	-92.277
AR	Holly Grove	34.6015	-91.2003
AR	Hope	33.6682	-93.5889
AR	Horatio	33.9427	-94.3562
AR	Horseshoe Bend	36.2187	-91.7383
AR	Horseshoe Lake	34.9138	-90.3077
AR	Hot Springs	34.4894	-93.0503
AR	Hot Springs Village	34.6581	-92.9686
AR	Houston	35.0349	-92.6945
AR	Hoxie	36.036	-90.9736
AR	Hughes	34.9481	-90.4714
AR	Humnoke	34.5422	-91.7597
AR	Humphrey	34.4224	-91.7025
AR	Hunter	35.0546	-91.1229
AR	Huntington	35.0817	-94.2663
AR	Huntsville	36.0987	-93.7332
AR	Huttig	33.0403	-92.1797
AR	Imboden	36.1997	-91.1774
AR	Indian Bay	34.3871	-91.0696
AR	Ivan	33.902	-92.4332
AR	Jacksonport	35.6422	-91.3079
AR	Jacksonville	34.8805	-92.1306
AR	Jasper	36.0121	-93.1875
AR	Jennette	35.1581	-90.4188
AR	Jericho	35.2877	-90.2305
AR	Jerome	33.3972	-91.4705
AR	Jerusalem	35.4076	-92.823
AR	Johnson	36.1339	-94.1743
AR	Joiner	35.5074	-90.1507
AR	Jones Mills	34.4449	-92.9015
AR	Jonesboro	35.8198	-90.679
AR	Judsonia	35.2764	-91.6416
AR	Junction City	33.0221	-92.7236
AR	Keiser	35.674	-90.096
AR	Kensett	35.2352	-91.6713
AR	Keo	34.6093	-92.0116
AR	Kibler	35.4252	-94.2361
AR	Kingsland	33.858	-92.2978
AR	Kingston	36.0567	-93.5147
AR	Kirby	34.2543	-93.6549
AR	Knobel	36.32	-90.6023
AR	Knoxville	35.3775	-93.3618
AR	LaGrange	34.6558	-90.7347
AR	Lacey	33.4503	-91.8496
AR	Lafe	36.2092	-90.5043
AR	Lake City	35.8194	-90.4539
AR	Lake Hamilton	34.4296	-93.0764
AR	Lake View	34.4212	-90.8133
AR	Lake Village	33.3292	-91.2848
AR	Lakeview	36.3739	-92.5387
AR	Lamar	35.4444	-93.3947
AR	Landmark	34.6104	-92.316
AR	Lavaca	35.3302	-94.1829
AR	Lawson	33.2	-92.4879
AR	Leachville	35.9115	-90.255
AR	Lead Hill	36.4136	-92.9072
AR	Leola	34.1701	-92.5914
AR	Lepanto	35.6085	-90.333
AR	Leslie	35.8295	-92.556
AR	Letona	35.3635	-91.8295
AR	Lewisville	33.3601	-93.584
AR	Lexa	34.5982	-90.7519
AR	Lincoln	35.9488	-94.4175
AR	Little Flock	36.3833	-94.1373
AR	Little Rock	34.7254	-92.3586
AR	Lockesburg	33.9729	-94.1796
AR	London	35.3276	-93.2435
AR	Lonoke	34.7905	-91.9074
AR	Lonsdale	34.545	-92.8106
AR	Lost Bridge Village	36.3897	-93.9155
AR	Louann	33.3915	-92.7922
AR	Lowell	36.2559	-94.1534
AR	Luxora	35.7577	-89.9295
AR	Lynn	36.0043	-91.252
AR	Madison	35.018	-90.7311
AR	Magazine	35.1539	-93.8079
AR	Magness	35.7031	-91.4822
AR	Magnet Cove	34.4492	-92.8377
AR	Magnolia	33.2767	-93.2262
AR	Malvern	34.3736	-92.8213
AR	Mammoth Spring	36.4924	-91.5411
AR	Manila	35.8849	-90.1654
AR	Mansfield	35.0639	-94.2343
AR	Marianna	34.7736	-90.7675
AR	Marie	35.6129	-90.083
AR	Marion	35.2042	-90.2067
AR	Marked Tree	35.5279	-90.4266
AR	Marmaduke	36.19	-90.3851
AR	Marshall	35.9085	-92.6465
AR	Marvell	34.5563	-90.9153
AR	Maumelle	34.8523	-92.4
AR	Mayflower	34.9662	-92.4267
AR	Maynard	36.4215	-90.9018
AR	Maysville	36.402	-94.589
AR	McAlmont	34.7925	-92.196
AR	McCaskill	33.9195	-93.6368
AR	McCrory	35.2573	-91.1973
AR	McDougal	36.4365	-90.3907
AR	McGehee	33.6278	-91.395
AR	McNab	33.6609	-93.8323
AR	McNeil	33.3479	-93.2084
AR	McRae	35.1136	-91.8262
AR	Melbourne	36.064	-91.8815
AR	Mellwood	34.2155	-90.9447
AR	Mena	34.5808	-94.2371
AR	Menifee	35.1497	-92.5504
AR	Midland	35.0924	-94.353
AR	Midway	36.3922	-92.4755
AR	Mineral Springs	33.8777	-93.9214
AR	Minturn	35.9764	-91.0272
AR	Mitchellville	33.9053	-91.4984
AR	Monette	35.8932	-90.3441
AR	Monroe	34.734	-91.1068
AR	Monticello	33.6248	-91.7937
AR	Montrose	33.2989	-91.4964
AR	Moorefield	35.7672	-91.5708
AR	Moro	34.792	-90.988
AR	Morrilton	35.1555	-92.7389
AR	Morrison Bluff	35.382	-93.5189
AR	Morrow	35.8563	-94.4306
AR	Mount Holly	33.3072	-92.9502
AR	Mount Ida	34.5492	-93.6299
AR	Mount Judea	35.9262	-93.0568
AR	Mount Olive	36.0031	-92.0905
AR	Mount Pleasant	35.9814	-91.7774
AR	Mount Vernon	35.2236	-92.124
AR	Mountain Home	36.3351	-92.384
AR	Mountain Pine	34.5696	-93.1715
AR	Mountain View	35.8616	-92.1097
AR	Mountainburg	35.6496	-94.1624
AR	Mulberry	35.5085	-94.0748
AR	Murfreesboro	34.0703	-93.6941
AR	Nashville	33.9419	-93.8517
AR	Natural Steps	34.8743	-92.4978
AR	New Blaine	35.2925	-93.4191
AR	New Edinburg	33.7562	-92.2404
AR	Newark	35.7076	-91.4434
AR	Newhope	34.2223	-93.8774
AR	Newport	35.6238	-91.2317
AR	Nimmons	36.3062	-90.0951
AR	Norfork	36.2095	-92.2778
AR	Norman	34.459	-93.6768
AR	Norphlet	33.3199	-92.662
AR	North Crossett	33.1741	-91.9317
AR	North Little Rock	34.7818	-92.2351
AR	O'Kean	36.1715	-90.8183
AR	Oak Grove	35.3648	-92.9642
AR	Oak Grove Heights	36.1264	-90.5034
AR	Oakhaven	33.7294	-93.6208
AR	Oakland	36.4604	-92.5718
AR	Oark	35.695	-93.575
AR	Oden	34.6231	-93.7836
AR	Ogden	33.5859	-94.0469
AR	Oil Trough	35.6292	-91.4612
AR	Okolona	34.0005	-93.3376
AR	Ola	35.0314	-93.224
AR	Omaha	36.4616	-93.19
AR	Oneida	34.4605	-90.7867
AR	Oppelo	35.1006	-92.7736
AR	Osceola	35.6942	-89.9934
AR	Oxford	36.209	-91.9183
AR	Ozan	33.8466	-93.7208
AR	Ozark	35.5019	-93.8484
AR	Ozark Acres	36.2999	-91.3871
AR	Ozone	35.6385	-93.4473
AR	Palestine	34.9703	-90.9082
AR	Pangburn	35.4261	-91.8394
AR	Paragould	36.0523	-90.5105
AR	Paris	35.2908	-93.7342
AR	Parkdale	33.1212	-91.5464
AR	Parkin	35.2612	-90.5535
AR	Patmos	33.5114	-93.567
AR	Patterson	35.259	-91.235
AR	Payneway	35.5457	-90.5123
AR	Pea Ridge	36.4528	-94.1259
AR	Peach Orchard	36.2812	-90.6608
AR	Pearcy	34.4355	-93.2882
AR	Pencil Bluff	34.6304	-93.735
AR	Perla	34.3648	-92.7762
AR	Perry	35.0462	-92.7944
AR	Perrytown	33.6971	-93.5324
AR	Perryville	35.012	-92.8029
AR	Piggott	36.3872	-90.1989
AR	Pindall	36.0637	-92.8622
AR	Pine Bluff	34.2116	-92.0176
AR	Pineville	36.1611	-92.1065
AR	Piney	34.5029	-93.1444
AR	Plainview	34.9899	-93.2979
AR	Pleasant Grove	35.8205	-91.907
AR	Pleasant Plains	35.5545	-91.6272
AR	Plumerville	35.1594	-92.6431
AR	Pocahontas	36.2634	-90.9712
AR	Pollard	36.4296	-90.2671
AR	Ponca	36.0293	-93.3624
AR	Poplar Grove	34.5522	-90.8542
AR	Portia	36.0849	-91.071
AR	Portland	33.2379	-91.5109
AR	Pottsville	35.2306	-93.0608
AR	Powhatan	36.0873	-91.1239
AR	Poyen	34.3242	-92.642
AR	Prairie Creek	36.3295	-94.0589
AR	Prairie Grove	35.9861	-94.3034
AR	Prattsville	34.3185	-92.5431
AR	Prescott	33.8043	-93.3912
AR	Princeton	33.9775	-92.6242
AR	Pyatt	36.2507	-92.8466
AR	Quitman	35.3817	-92.2147
AR	Ratcliff	35.3069	-93.8886
AR	Ravenden	36.2432	-91.2513
AR	Ravenden Springs	36.3127	-91.2233
AR	Reader	33.7516	-93.1012
AR	Rector	36.2642	-90.2935
AR	Redfield	34.4393	-92.1885
AR	Reed	33.7017	-91.4458
AR	Reyno	36.3609	-90.759
AR	Rison	33.96	-92.1936
AR	Rivervale	35.6759	-90.3445
AR	Rockport	34.4069	-92.8016
AR	Rockwell	34.4643	-93.1338
AR	Roe	34.6311	-91.386
AR	Rogers	36.3181	-94.1523
AR	Roland	34.9022	-92.5175
AR	Rondo	34.6574	-90.8208
AR	Rose Bud	35.3212	-92.0765
AR	Rosston	33.588	-93.2869
AR	Rover	34.9518	-93.409
AR	Rudy	35.5275	-94.2404
AR	Russell	35.3621	-91.5099
AR	Russellville	35.2763	-93.1387
AR	Rye	33.7505	-91.9985
AR	Salado	35.6954	-91.5923
AR	Salem	34.6309	-92.5615
AR	Salesville	36.2391	-92.2775
AR	Saratoga	33.7437	-93.9043
AR	Sardis	34.533	-92.4067
AR	Scott	34.6977	-92.0939
AR	Scranton	35.3604	-93.5397
AR	Searcy	35.2411	-91.7352
AR	Sedgwick	35.9742	-90.8621
AR	Shannon Hills	34.6176	-92.4022
AR	Sheridan	34.3216	-92.4431
AR	Sherrill	34.3851	-91.9518
AR	Sherwood	34.852	-92.2045
AR	Shirley	35.6438	-92.3135
AR	Sidney	36.0044	-91.6583
AR	Siloam Springs	36.1846	-94.5315
AR	Smackover	33.3636	-92.7314
AR	Smithville	36.0799	-91.3027
AR	South Lead Hill	36.3956	-92.9062
AR	Southside	35.7202	-91.6302
AR	Sparkman	33.9172	-92.85
AR	Springdale	36.1914	-94.1551
AR	Springfield	35.2729	-92.555
AR	Springtown	36.2603	-94.4238
AR	St. Charles	34.373	-91.1374
AR	St. Francis	36.4549	-90.1422
AR	St. Joe	36.026	-92.8013
AR	St. Paul	35.8268	-93.7673
AR	Stamps	33.355	-93.4979
AR	Star City	33.9408	-91.84
AR	Staves	34.0336	-92.2806
AR	Stephens	33.4209	-93.0696
AR	Strawberry	35.9665	-91.3211
AR	Strong	33.1079	-92.3556
AR	Stuttgart	34.4952	-91.5486
AR	Subiaco	35.2974	-93.6394
AR	Success	36.4545	-90.7226
AR	Sulphur Rock	35.7516	-91.5003
AR	Sulphur Springs	34.1715	-92.1321
AR	Summers	35.9872	-94.4829
AR	Summit	36.2522	-92.6883
AR	Sunset	35.224	-90.2056
AR	Sweet Home	34.6674	-92.2463
AR	Swifton	35.8244	-91.1294
AR	Taylor	33.0998	-93.4618
AR	Texarkana	33.4363	-93.9871
AR	Thornton	33.7749	-92.4877
AR	Tillar	33.711	-91.4518
AR	Tinsman	33.6292	-92.3533
AR	Tollette	33.8181	-93.8969
AR	Tontitown	36.1674	-94.2421
AR	Traskwood	34.4525	-92.6664
AR	Trumann	35.6769	-90.526
AR	Tucker	34.4395	-91.9519
AR	Tuckerman	35.7256	-91.2021
AR	Tull	34.4412	-92.5859
AR	Tumbling Shoals	35.5471	-91.9675
AR	Tupelo	35.3903	-91.2299
AR	Turrell	35.3746	-90.2704
AR	Twin Groves	35.3292	-92.4057
AR	Tyronza	35.4868	-90.356
AR	Ulm	34.5762	-91.4617
AR	Uniontown	35.5852	-94.447
AR	Urbana	33.1585	-92.4454
AR	Valley Springs	36.1538	-92.9897
AR	Van Buren	35.4512	-94.354
AR	Vandervoort	34.3798	-94.3649
AR	Vanndale	35.3153	-90.7711
AR	Victoria	35.7574	-90.0601
AR	Vilonia	35.0787	-92.2154
AR	Viola	36.3992	-91.987
AR	Violet Hill	36.1529	-91.8397
AR	Wabbaseka	34.3598	-91.7938
AR	Walcott	36.0461	-90.6705
AR	Waldenburg	35.5653	-90.9346
AR	Waldo	33.3519	-93.2954
AR	Waldron	34.9033	-94.0948
AR	Walnut Ridge	36.0848	-90.9468
AR	Ward	35.0138	-91.9577
AR	Warm Springs	36.4831	-91.049
AR	Warren	33.6118	-92.0677
AR	Washington	33.7729	-93.6833
AR	Watson	33.8937	-91.2571
AR	Wayton	35.9194	-93.2596
AR	Weiner	35.6197	-90.9053
AR	Weldon	35.448	-91.2316
AR	Wesley	36.0325	-93.9186
AR	West Crossett	33.148	-92.017
AR	West Fork	35.9349	-94.1811
AR	West Memphis	35.1496	-90.1993
AR	West Point	35.2033	-91.6099
AR	Western Grove	36.1011	-92.9546
AR	Wheatley	34.9212	-91.1063
AR	Whelen Springs	33.8331	-93.126
AR	White Hall	34.2752	-92.1006
AR	Wickes	34.2997	-94.3273
AR	Widener	35.0235	-90.6819
AR	Wiederkehr Village	35.4777	-93.7647
AR	Wilburn	35.5088	-91.8884
AR	Williford	36.2518	-91.3605
AR	Willisville	33.5161	-93.2937
AR	Wilmar	33.6264	-91.9293
AR	Wilmot	33.057	-91.5779
AR	Wilson	35.566	-90.0418
AR	Wilton	33.7387	-94.148
AR	Winchester	33.7741	-91.4737
AR	Winslow	35.8015	-94.1318
AR	Winthrop	33.8308	-94.3542
AR	Witts Springs	35.7703	-92.8823
AR	Woodlawn	33.9667	-92.0452
AR	Woodson	34.5397	-92.2225
AR	Wooster	35.1999	-92.4502
AR	Wrightsville	34.6207	-92.2196
AR	Wynne	35.2352	-90.7885
AR	Yarborough Landing	33.7188	-94.0093
AR	Yellville	36.2288	-92.6861
AR	Zinc	36.284	-92.9144
AZ	Aguila	33.9374	-113.1673
AZ	Ajo	32.3923	-112.8839
AZ	Ak Chin	32.2873	-112.0091
AZ	Ak-Chin Village	33.0196	-112.0809
AZ	Alamo Lake	34.2559	-113.5003
AZ	Ali Chuk	31.8169	-112.5584
AZ	Ali Chukson	31.9115	-111.8016
AZ	Ali Molina	31.9025	-111.7804
AZ	Alpine	33.8455	-109.1437
AZ	Amado	31.6974	-111.0608
AZ	Anegam	32.3742	-112.035
AZ	Antares	35.423	-113.8083
AZ	Anthem	33.8468	-112.127
AZ	Apache Junction	33.3828	-111.5405
AZ	Arivaca	31.5749	-111.2926
AZ	Arivaca Junction	31.7389	-111.0736
AZ	Arizona City	32.7509	-111.6705
AZ	Arizona Village	34.8548	-114.5893
AZ	Arlington	33.3346	-112.7747
AZ	Ash Fork	35.2172	-112.4913
AZ	Avenue B and C	32.719	-114.66
AZ	Avondale	33.3132	-112.3289
AZ	Avra Valley	32.4191	-111.3394
AZ	Aztec	32.8076	-113.4425
AZ	Bagdad	34.5772	-113.1768
AZ	Bear Flat	34.2913	-111.0674
AZ	Beaver Dam	36.907	-113.9362
AZ	Beaver Valley	34.3429	-111.2999
AZ	Bellemont	35.2425	-111.8138
AZ	Benson	31.9145	-110.3286
AZ	Beyerville	31.392	-110.8749
AZ	Bisbee	31.398	-109.9318
AZ	Bitter Springs	36.6117	-111.6475
AZ	Black Canyon City	34.0714	-112.1224
AZ	Blackwater	33.0396	-111.5799
AZ	Blue Ridge	34.6407	-111.1074
AZ	Bluewater	34.1704	-114.2629
AZ	Bouse	33.8985	-113.9964
AZ	Bowie	32.3249	-109.4845
AZ	Brenda	33.6721	-113.9379
AZ	Bryce	32.9258	-109.8231
AZ	Buckeye	33.4316	-112.6416
AZ	Buckshot	32.7403	-114.4831
AZ	Bullhead City	35.1274	-114.556
AZ	Burnside	35.7534	-109.6248
AZ	Bylas	33.1277	-110.1149
AZ	Cactus Flats	32.7605	-109.7213
AZ	Cactus Forest	32.9578	-111.3169
AZ	Cameron	35.8532	-111.4286
AZ	Camp Verde	34.5694	-111.857
AZ	Campo Bonito	32.5629	-110.6984
AZ	Cane Beds	36.9342	-112.9118
AZ	Canyon Day	33.7789	-110.0382
AZ	Carefree	33.8232	-111.9133
AZ	Carrizo	33.9794	-110.3311
AZ	Casa Blanca	33.1155	-111.9081
AZ	Casa Grande	32.9069	-111.7635
AZ	Casas Adobes	32.3418	-111.0116
AZ	Catalina	32.4848	-110.8997
AZ	Catalina Foothills	32.3019	-110.8848
AZ	Cave Creek	33.8362	-111.9821
AZ	Cedar Creek	33.8914	-110.1957
AZ	Centennial Park	36.9538	-112.9813
AZ	Central	32.8692	-109.7908
AZ	Central Heights-Midland City	33.4002	-110.8152
AZ	Chandler	33.2828	-111.8518
AZ	Charco	32.2473	-112.6001
AZ	Chiawuli Tak	31.941	-111.7765
AZ	Chilchinbito	36.492	-110.0492
AZ	Chinle	36.1511	-109.5787
AZ	Chino Valley	34.7399	-112.4061
AZ	Chloride	35.4097	-114.1972
AZ	Christopher Creek	34.321	-111.0072
AZ	Chuichu	32.7403	-111.7822
AZ	Cibecue	34.0304	-110.492
AZ	Cibola	33.3741	-114.6763
AZ	Cienega Springs	34.1997	-114.2127
AZ	Circle City	33.8149	-112.581
AZ	Citrus Park	33.5336	-112.4463
AZ	Clacks Canyon	35.2204	-114.0723
AZ	Clarkdale	34.748	-112.0587
AZ	Clay Springs	34.3593	-110.3043
AZ	Claypool	33.4061	-110.8419
AZ	Clifton	33.0296	-109.284
AZ	Colorado City	36.9701	-112.9853
AZ	Comobabi	32.0554	-111.7988
AZ	Concho	34.4738	-109.6083
AZ	Congress	34.1534	-112.8656
AZ	Coolidge	32.9336	-111.5236
AZ	Copper Hill	33.4309	-110.7465
AZ	Cordes Lakes	34.3103	-112.1073
AZ	Cornfields	35.6512	-109.6757
AZ	Cornville	34.7392	-111.9068
AZ	Corona de Tucson	31.9486	-110.7819
AZ	Cottonwood	34.7508	-111.984
AZ	Cowlic	31.8047	-111.9876
AZ	Crozier	35.4228	-113.6486
AZ	Crystal Beach	34.5714	-114.3926
AZ	Cutter	33.3584	-110.6593
AZ	Dateland	32.8209	-113.5422
AZ	Deer Creek	34.0688	-111.3518
AZ	Del Muerto	36.1874	-109.4359
AZ	Dennehotso	36.829	-109.8757
AZ	Desert Hills	34.5465	-114.378
AZ	Dewey-Humboldt	34.5174	-112.2497
AZ	Dilkon	35.3529	-110.3072
AZ	Dolan Springs	35.5905	-114.2852
AZ	Doney Park	35.2656	-111.519
AZ	Donovan Estates	32.7094	-114.6781
AZ	Douglas	31.3993	-109.5413
AZ	Dragoon	32.0215	-110.0347
AZ	Drexel Heights	32.1453	-111.0481
AZ	Dripping Springs	33.1049	-110.7549
AZ	Drysdale	32.6452	-114.7068
AZ	Dudleyville	32.86	-110.7165
AZ	Duncan	32.75	-109.0884
AZ	Eagar	34.1068	-109.3012
AZ	East Fork	33.8107	-109.921
AZ	East Globe	33.3511	-110.7062
AZ	East Verde Estates	34.2983	-111.3646
AZ	Ehrenberg	33.6142	-114.483
AZ	El Capitan	33.2383	-110.7833
AZ	El Mirage	33.5902	-112.3271
AZ	El Prado Estates	32.7062	-114.5215
AZ	Elephant Head	31.7668	-110.9913
AZ	Elfrida	31.6792	-109.6869
AZ	Elgin	31.6666	-110.5327
AZ	Eloy	32.7413	-111.594
AZ	First Mesa	35.8317	-110.3689
AZ	Flagstaff	35.1852	-111.6207
AZ	Florence	33.0694	-111.414
AZ	Flowing Springs	34.3093	-111.3347
AZ	Flowing Wells	32.2938	-111.0111
AZ	Forest Lakes	34.3299	-110.8107
AZ	Fort Apache	33.7901	-109.9886
AZ	Fort Defiance	35.7475	-109.068
AZ	Fort Mohave	35.0004	-114.5749
AZ	Fort Thomas	33.0304	-109.9613
AZ	Fort Valley	35.3227	-111.7398
AZ	Fortuna Foothills	32.6616	-114.3974
AZ	Fountain Hills	33.6078	-111.7384
AZ	Franklin	32.677	-109.0721
AZ	Fredonia	36.9616	-112.5164
AZ	Freedom Acres	34.3199	-111.3052
AZ	Gadsden	32.5564	-114.781
AZ	Ganado	35.6919	-109.5557
AZ	Geronimo Estates	34.3691	-111.3618
AZ	Gila Bend	32.9662	-112.7155
AZ	Gila Crossing	33.273	-112.1627
AZ	Gilbert	33.3103	-111.7431
AZ	Gisela	34.1018	-111.288
AZ	Glendale	33.5331	-112.1899
AZ	Globe	33.3936	-110.7411
AZ	Gold Canyon	33.3639	-111.423
AZ	Golden Shores	34.7819	-114.4777
AZ	Golden Valley	35.2061	-114.2328
AZ	Goodyear	33.254	-112.3665
AZ	Goodyear Village	33.1973	-111.8723
AZ	Grand Canyon Village	36.0595	-112.1579
AZ	Grand Canyon West	36.0044	-113.8041
AZ	Greasewood	35.5286	-109.8609
AZ	Green Valley	31.8408	-111.0045
AZ	Greenehaven	36.996	-111.5566
AZ	Greer	34.0058	-109.4606
AZ	Gu Oidak	31.9203	-112.0241
AZ	Guadalupe	33.3665	-111.9632
AZ	Hackberry	35.3401	-113.7256
AZ	Haigler Creek	34.2196	-110.9714
AZ	Haivana Nakya	32.0052	-111.7124
AZ	Hard Rock	36.0302	-110.5042
AZ	Hayden	32.995	-110.7799
AZ	Heber-Overgaard	34.4141	-110.5696
AZ	Holbrook	34.9046	-110.1672
AZ	Hondah	34.0943	-109.9344
AZ	Hotevilla-Bacavi	35.9207	-110.6407
AZ	Houck	35.2693	-109.2234
AZ	Huachuca City	31.6308	-110.3422
AZ	Hunter Creek	34.307	-111.0165
AZ	Icehouse Canyon	33.3461	-110.8012
AZ	Indian Wells	35.4093	-110.1144
AZ	J-Six Ranchettes	31.9666	-110.4664
AZ	Jakes Corner	34.0082	-111.3202
AZ	Jeddito	35.7682	-110.1278
AZ	Jerome	34.7471	-112.1075
AZ	Joseph City	34.9637	-110.329
AZ	Kachina Village	35.0924	-111.696
AZ	Kaibab	36.8797	-112.7256
AZ	Kaibab Estates West	35.2748	-112.4985
AZ	Kaibito	36.592	-111.1071
AZ	Kaka	32.5123	-112.3138
AZ	Katherine	35.2208	-114.5613
AZ	Kayenta	36.7172	-110.2605
AZ	Keams Canyon	35.8208	-110.2037
AZ	Kearny	33.0564	-110.9071
AZ	Kingman	35.217	-114.0105
AZ	Kino Springs	31.3641	-110.8097
AZ	Klagetoh	35.5	-109.5305
AZ	Kleindale	32.2681	-110.9146
AZ	Ko Vaya	32.0815	-111.8959
AZ	Kohatk	32.5783	-112.003
AZ	Kohls Ranch	34.3211	-111.0839
AZ	Komatke	33.2968	-112.1625
AZ	Kykotsmovi Village	35.8102	-110.6568
AZ	La Paz Valley	33.5582	-114.2435
AZ	Lake Havasu City	34.4998	-114.3109
AZ	Lake Montezuma	34.6369	-111.8009
AZ	Lake of the Woods	34.1526	-109.9943
AZ	Lazy Y U	35.1369	-113.9685
AZ	LeChee	36.8609	-111.4244
AZ	Leupp	35.2966	-111.0036
AZ	Linden	34.2696	-110.1364
AZ	Litchfield Park	33.5018	-112.3595
AZ	Littlefield	36.8659	-113.936
AZ	Low Mountain	35.9481	-110.1005
AZ	Lower Santan Village	33.1428	-111.7853
AZ	Lukachukai	36.4112	-109.2255
AZ	Lupton	35.3547	-109.0528
AZ	Maish Vaya	32.1703	-112.1342
AZ	Mammoth	32.6852	-110.7293
AZ	Many Farms	36.3429	-109.6376
AZ	Marana	32.4659	-111.1354
AZ	Maricopa	33.0419	-111.9993
AZ	Maricopa Colony	33.3626	-112.2268
AZ	Martinez Lake	32.9755	-114.4682
AZ	Mayer	34.4233	-112.2407
AZ	McConnico	35.1636	-114.0897
AZ	McNary	34.0922	-109.8514
AZ	McNeal	31.6101	-109.6583
AZ	Mead Ranch	34.3461	-111.1428
AZ	Meadview	35.9532	-114.0789
AZ	Mesa	33.4006	-111.7165
AZ	Mesa del Caballo	34.2859	-111.2952
AZ	Mescal	31.9674	-110.4366
AZ	Mesquite Creek	34.9607	-114.5714
AZ	Miami	33.3951	-110.8724
AZ	Miracle Valley	31.3829	-110.1485
AZ	Moccasin	36.9098	-112.7545
AZ	Moenkopi	36.1125	-111.2212
AZ	Mohave Valley	34.9024	-114.5714
AZ	Mojave Ranch Estates	34.9449	-114.5906
AZ	Morenci	33.0584	-109.3332
AZ	Mormon Lake	34.9116	-111.4481
AZ	Morristown	33.8559	-112.6129
AZ	Mountain View Ranches	35.2336	-111.4728
AZ	Mountainaire	35.0938	-111.6452
AZ	Munds Park	34.938	-111.6282
AZ	Naco	31.346	-109.9271
AZ	Nazlini	35.9112	-109.4747
AZ	Nelson	32.4298	-111.2649
AZ	New Kingman-Butler	35.2645	-114.0091
AZ	New River	33.8826	-112.0861
AZ	Nogales	31.3619	-110.9348
AZ	Nolic	32.0342	-111.955
AZ	North Fork	34.0106	-109.9595
AZ	Nutrioso	33.9513	-109.2062
AZ	Oak Creek Canyon	34.9489	-111.7504
AZ	Oak Springs	35.476	-109.1318
AZ	Oatman	35.0274	-114.3839
AZ	Oljato-Monument Valley	36.9872	-110.2096
AZ	Oracle	32.6084	-110.7823
AZ	Orange Grove Mobile Manor	32.5985	-114.6606
AZ	Oro Valley	32.4207	-110.977
AZ	Oxbow Estates	34.1803	-111.343
AZ	Padre Ranchitos	32.6496	-114.6416
AZ	Page	36.9418	-111.5133
AZ	Palominas	31.3876	-110.1151
AZ	Paradise Valley	33.5522	-111.9613
AZ	Parker	34.034	-114.2281
AZ	Parker Strip	34.2707	-114.1297
AZ	Parks	35.2852	-111.9672
AZ	Patagonia	31.5447	-110.7455
AZ	Paulden	34.8897	-112.4937
AZ	Payson	34.2438	-111.319
AZ	Peach Springs	35.5314	-113.432
AZ	Peeples Valley	34.2772	-112.7653
AZ	Peoria	33.7862	-112.308
AZ	Peridot	33.3033	-110.459
AZ	Phoenix	33.5722	-112.0901
AZ	Picacho	32.7102	-111.4943
AZ	Picture Rocks	32.3247	-111.2599
AZ	Pima	32.8919	-109.8443
AZ	Pinal	33.3801	-110.7572
AZ	Pine	34.3803	-111.4605
AZ	Pine Lake	35.0887	-113.8739
AZ	Pinedale	34.3207	-110.2599
AZ	Pinetop Country Club	34.1164	-109.891
AZ	Pinetop-Lakeside	34.1484	-109.966
AZ	Pinion Pines	35.1466	-113.9058
AZ	Pinon	36.0989	-110.2191
AZ	Pirtleville	31.3609	-109.5661
AZ	Pisinemo	32.0349	-112.3192
AZ	Poston	33.9921	-114.4045
AZ	Prescott	34.5922	-112.4467
AZ	Prescott Valley	34.5979	-112.3185
AZ	Quartzsite	33.6675	-114.217
AZ	Queen Creek	33.2394	-111.6133
AZ	Queen Valley	33.283	-111.305
AZ	Rainbow City	33.873	-109.9763
AZ	Rancho Mesa Verde	32.5944	-114.6551
AZ	Red Lake	35.3615	-112.1721
AZ	Red Mesa	36.9711	-109.3698
AZ	Red Rock	32.5612	-111.374
AZ	Rillito	32.4155	-111.1548
AZ	Rincon Valley	32.11	-110.689
AZ	Rio Rico	31.4982	-110.9878
AZ	Rio Verde	33.7266	-111.6758
AZ	Rock House	33.6307	-110.9411
AZ	Rock Point	36.6968	-109.6195
AZ	Roosevelt	33.6574	-111.1271
AZ	Roosevelt Estates	33.6202	-110.9998
AZ	Rough Rock	36.4095	-109.8684
AZ	Round Rock	36.5043	-109.4632
AZ	Round Valley	34.1878	-111.3018
AZ	Rye	34.0978	-111.3543
AZ	Sacate Village	33.1399	-111.9776
AZ	Sacaton	33.0775	-111.7629
AZ	Sacaton Flats Village	33.0566	-111.661
AZ	Saddlebrooke	32.5564	-110.8747
AZ	Safford	32.8333	-109.6974
AZ	Sahuarita	31.9322	-110.9654
AZ	Salome	33.7778	-113.606
AZ	San Carlos	33.3446	-110.4777
AZ	San Jose	32.818	-109.5948
AZ	San Luis	32.4857	-114.7219
AZ	San Manuel	32.6091	-110.6415
AZ	San Miguel	31.6295	-111.7801
AZ	San Simon	32.2682	-109.2302
AZ	San Tan Valley	33.1786	-111.5628
AZ	Sanders	35.2092	-109.3191
AZ	Santa Cruz	33.2327	-112.1594
AZ	Santa Rosa	32.3325	-112.0463
AZ	Sawmill	35.8862	-109.158
AZ	Scenic	36.7936	-114.0128
AZ	Scottsdale	33.6843	-111.8614
AZ	Seba Dalkai	35.4789	-110.4511
AZ	Second Mesa	35.8514	-110.498
AZ	Sedona	34.8585	-111.7931
AZ	Sehili	36.2808	-109.1855
AZ	Seligman	35.3256	-112.8572
AZ	Sells	31.9209	-111.8709
AZ	Seven Mile	33.7882	-109.9586
AZ	Shongopovi	35.8097	-110.5334
AZ	Shonto	36.587	-110.6625
AZ	Show Low	34.2651	-110.0383
AZ	Shumway	34.4145	-110.0649
AZ	Sierra Vista	31.5654	-110.3145
AZ	Sierra Vista Southeast	31.4525	-110.219
AZ	Six Shooter Canyon	33.3668	-110.7746
AZ	Snowflake	34.5215	-110.0912
AZ	So-Hi	35.2527	-114.1415
AZ	Solomon	32.8138	-109.6289
AZ	Somerton	32.6018	-114.6963
AZ	Sonoita	31.6656	-110.6391
AZ	South Komelik	31.7145	-111.7744
AZ	South Tucson	32.1955	-110.9692
AZ	Spring Valley	34.3452	-112.1592
AZ	Springerville	34.1719	-109.3069
AZ	St. David	31.886	-110.2215
AZ	St. Johns	34.5004	-109.3769
AZ	St. Michaels	35.6606	-109.0962
AZ	Stanfield	32.8794	-111.9628
AZ	Star Valley	34.2547	-111.2207
AZ	Steamboat	35.7526	-109.8506
AZ	Stotonic Village	33.1532	-111.817
AZ	Strawberry	34.3909	-111.5027
AZ	Summerhaven	32.4422	-110.775
AZ	Summit	32.0621	-110.9486
AZ	Sun City	33.6155	-112.2831
AZ	Sun City West	33.6714	-112.3572
AZ	Sun Lakes	33.215	-111.87
AZ	Sun Valley	34.9829	-110.032
AZ	Sunizona	31.8855	-109.6332
AZ	Sunsites	31.9417	-109.8408
AZ	Sunwest	33.651	-113.4091
AZ	Supai	36.2299	-112.6926
AZ	Superior	33.2716	-111.1242
AZ	Surprise	33.6708	-112.4525
AZ	Sweet Water Village	33.12	-111.8379
AZ	Swift Trail Junction	32.7272	-109.7181
AZ	Tacna	32.7004	-113.9618
AZ	Tanque Verde	32.2688	-110.7437
AZ	Tat Momoli	32.6012	-111.8861
AZ	Taylor	34.4427	-110.0985
AZ	Teec Nos Pos	36.9333	-109.0641
AZ	Tees Toh	35.486	-110.4056
AZ	Tempe	33.3884	-111.9318
AZ	Thatcher	32.8127	-109.7665
AZ	Theba	32.9182	-112.8898
AZ	Three Points	32.0593	-111.2866
AZ	Timberline-Fernwood	35.3168	-111.5507
AZ	Tolani Lake	35.4298	-110.8412
AZ	Tolleson	33.4484	-112.256
AZ	Tombstone	31.7208	-110.0767
AZ	Tonalea	36.3217	-110.9667
AZ	Tonopah	33.488	-112.9308
AZ	Tonto Basin	33.8433	-111.3016
AZ	Tonto Village	34.3198	-111.1393
AZ	Top-of-the-World	33.3477	-110.9997
AZ	Topawa	31.8078	-111.8305
AZ	Topock	34.72	-114.4788
AZ	Toyei	35.7038	-109.9382
AZ	Truxton	35.4904	-113.563
AZ	Tsaile	36.3024	-109.2187
AZ	Tuba City	36.1251	-111.2467
AZ	Tubac	31.6107	-111.057
AZ	Tucson	32.153	-110.8708
AZ	Tucson Estates	32.1792	-111.1266
AZ	Tucson Mountains	32.2823	-111.0774
AZ	Tumacacori-Carmen	31.571	-111.0477
AZ	Turkey Creek	33.8011	-109.9461
AZ	Tusayan	35.955	-112.1202
AZ	Upper Santan Village	33.1164	-111.7442
AZ	Utting	33.8546	-113.9129
AZ	Vail	32.0217	-110.6937
AZ	Vaiva Vo	32.7167	-111.9269
AZ	Valencia West	32.1354	-111.1106
AZ	Valentine	35.3885	-113.6591
AZ	Valle	35.6752	-112.1529
AZ	Valle Vista	35.4109	-113.8627
AZ	Ventana	32.468	-112.2434
AZ	Verde Village	34.7119	-111.9941
AZ	Vernon	34.2479	-109.6899
AZ	Vicksburg	33.7293	-113.8254
AZ	Village of Oak Creek	34.7813	-111.7606
AZ	Wagon Wheel	34.1975	-110.0271
AZ	Wahak Hotrontk	32.1747	-112.3663
AZ	Wall Lane	32.6573	-114.7105
AZ	Walnut Creek	35.1312	-114.1266
AZ	Washington Park	34.4004	-111.271
AZ	Wellton	32.6401	-114.2152
AZ	Wellton Hills	32.6232	-114.1452
AZ	Wenden	33.8325	-113.5432
AZ	Wet Camp Village	33.1412	-111.9017
AZ	Wheatfields	33.4709	-110.8161
AZ	Whetstone	31.7189	-110.292
AZ	Whispering Pines	34.3727	-111.2812
AZ	White Hills	35.7242	-114.4004
AZ	White Mountain Lake	34.344	-109.9868
AZ	Whitecone	35.6047	-110.08
AZ	Whiteriver	33.8398	-109.9608
AZ	Why	32.259	-112.7306
AZ	Wickenburg	33.9948	-112.7589
AZ	Wide Ruins	35.4174	-109.4996
AZ	Wikieup	34.693	-113.5995
AZ	Wilhoit	34.4082	-112.6156
AZ	Willcox	32.2518	-109.8357
AZ	Williams	35.2466	-112.1833
AZ	Williamson	34.7083	-112.5337
AZ	Willow Canyon	32.3877	-110.7008
AZ	Willow Valley	34.9277	-114.6266
AZ	Window Rock	35.6705	-109.063
AZ	Winkelman	32.9817	-110.7617
AZ	Winslow	35.0242	-110.7093
AZ	Winslow West	34.9926	-110.7068
AZ	Wintersburg	33.4196	-112.8676
AZ	Wittmann	33.775	-112.5251
AZ	Woodruff	34.7919	-110.0259
AZ	Yarnell	34.2282	-112.7629
AZ	York	32.9163	-109.1954
AZ	Young	34.1241	-110.9383
AZ	Youngtown	33.585	-112.3049
AZ	Yucca	34.863	-114.1461
AZ	Yuma	32.5163	-114.5218
AZ	Yuma Proving Ground	32.8652	-114.4369
CA	Acalanes Ridge	37.9047	-122.0786
CA	Acampo	38.1735	-121.2799
CA	Acton	34.4961	-118.1839
CA	Adelanto	34.5809	-117.4395
CA	Adin	41.1993	-120.9568
CA	Agoura Hills	34.1489	-118.7639
CA	Agua Dulce	34.5017	-118.3207
CA	Aguanga	33.4522	-116.8555
CA	Ahwahnee	37.3654	-119.7166
CA	Airport	37.6339	-120.972
CA	Alameda	37.7419	-122.2599
CA	Alamo	37.8548	-122.0136
CA	Albany	37.8907	-122.3181
CA	Albion	39.2253	-123.7576
CA	Alderpoint	40.1613	-123.6157
CA	Alhambra	34.0836	-118.1364
CA	Alhambra Valley	37.9667	-122.136
CA	Aliso Viejo	33.5792	-117.7289
CA	Alleghany	39.4667	-120.8411
CA	Allendale	38.443	-121.9833
CA	Allensworth	35.8499	-119.3892
CA	Almanor	40.2145	-121.1762
CA	Alondra Park	33.8902	-118.3357
CA	Alpaugh	35.889	-119.4858
CA	Alpine	32.8425	-116.7559
CA	Alpine Village	38.7793	-119.8078
CA	Alta	39.2157	-120.7985
CA	Alta Sierra	39.1262	-121.0491
CA	Altadena	34.1922	-118.1356
CA	Alto	37.9056	-122.5187
CA	Alturas	41.4891	-120.5513
CA	Alum Rock	37.3694	-121.8238
CA	Amador City	38.419	-120.8233
CA	Amador Pines	38.4896	-120.5333
CA	American Canyon	38.179	-122.2596
CA	Amesti	36.9595	-121.7817
CA	Anaheim	33.8555	-117.7587
CA	Anchor Bay	38.8127	-123.5703
CA	Anderson	40.4498	-122.2951
CA	Angels	38.071	-120.5517
CA	Angwin	38.5779	-122.4512
CA	Antelope	38.7153	-121.361
CA	Antioch	37.9783	-121.7961
CA	Anza	33.5616	-116.6961
CA	Apple Valley	34.5334	-117.2104
CA	Aptos	36.9911	-121.8935
CA	Aptos Hills-Larkin Valley	36.9635	-121.8352
CA	Arbuckle	39.0142	-122.061
CA	Arcadia	34.1327	-118.0363
CA	Arcata	40.8623	-124.075
CA	Arden-Arcade	38.6006	-121.3846
CA	Armona	36.3166	-119.7054
CA	Arnold	38.249	-120.3493
CA	Aromas	36.8748	-121.6307
CA	Arroyo Grande	35.1241	-120.5845
CA	Artesia	33.8676	-118.0806
CA	Artois	39.6332	-122.1898
CA	Arvin	35.1944	-118.8306
CA	Ashland	37.6942	-122.1159
CA	Aspen Springs	37.5488	-118.6997
CA	Atascadero	35.4857	-120.6879
CA	Atherton	37.4571	-122.2011
CA	Atwater	37.354	-120.5972
CA	Auberry	37.0887	-119.4508
CA	Auburn	38.8951	-121.0767
CA	Auburn Lake Trails	38.8862	-120.9797
CA	August	37.9796	-121.2625
CA	Avalon	33.3433	-118.3176
CA	Avenal	36.0311	-120.1162
CA	Avery	38.2068	-120.3723
CA	Avila Beach	35.1994	-120.7208
CA	Avocado Heights	34.039	-117.9982
CA	Azusa	34.1385	-117.9123
CA	Baker	35.2769	-116.0717
CA	Bakersfield	35.3532	-119.0379
CA	Bakersfield Country Club	35.3899	-118.9409
CA	Baldwin Park	34.0828	-117.9713
CA	Ballard	34.6399	-120.111
CA	Ballico	37.4519	-120.7037
CA	Bangor	39.3761	-121.4117
CA	Banning	33.9459	-116.899
CA	Barstow	34.867	-117.043
CA	Bass Lake	37.3273	-119.5653
CA	Bay Point	38.0323	-121.9622
CA	Bayview	40.7654	-124.1786
CA	Baywood Park	37.5292	-122.3416
CA	Beale AFB	39.1081	-121.3512
CA	Bear Creek	37.2966	-120.4177
CA	Bear Valley	38.4723	-120.0518
CA	Bear Valley Springs	35.1784	-118.6696
CA	Beaumont	33.8767	-116.953
CA	Beckwourth	39.8439	-120.414
CA	Belden	40.0068	-121.2482
CA	Bell	33.9797	-118.1792
CA	Bell Canyon	34.2081	-118.6876
CA	Bell Gardens	33.9644	-118.1544
CA	Bella Vista	40.6512	-122.2564
CA	Bellflower	33.8878	-118.1273
CA	Belmont	37.5144	-122.2945
CA	Belvedere	37.8736	-122.471
CA	Ben Lomond	37.0782	-122.0881
CA	Benbow	40.0603	-123.7654
CA	Bend	40.2551	-122.2109
CA	Benicia	38.0727	-122.1552
CA	Benton	37.8224	-118.4877
CA	Benton Park	35.3464	-119.0298
CA	Berkeley	37.8657	-122.2987
CA	Bermuda Dunes	33.7435	-116.2873
CA	Berry Creek	39.6318	-121.4056
CA	Bertsch-Oceanview	41.7517	-124.1702
CA	Bethel Island	38.0281	-121.6299
CA	Beverly Hills	34.0792	-118.4024
CA	Bieber	41.1385	-121.117
CA	Big Bear City	34.2541	-116.7964
CA	Big Bear Lake	34.2429	-116.8939
CA	Big Bend	41.0116	-121.9304
CA	Big Creek	37.2036	-119.2485
CA	Big Lagoon	41.1594	-124.1297
CA	Big Pine	37.1655	-118.2963
CA	Big River	34.1398	-114.3621
CA	Biggs	39.4102	-121.7133
CA	Biola	36.7999	-120.021
CA	Bishop	37.3664	-118.3958
CA	Black Point-Green Point	38.1107	-122.5191
CA	Blackhawk	37.8096	-121.9132
CA	Blacklake	35.0497	-120.5386
CA	Blairsden	39.7752	-120.6108
CA	Bloomfield	38.3221	-122.8345
CA	Bloomington	34.0601	-117.4012
CA	Blue Lake	40.881	-123.9949
CA	Bluewater	34.1754	-114.265
CA	Blythe	33.6535	-114.6218
CA	Bodega	38.3488	-122.9712
CA	Bodega Bay	38.3275	-123.0299
CA	Bodfish	35.5734	-118.4864
CA	Bolinas	37.9177	-122.7095
CA	Bombay Beach	33.3556	-115.7269
CA	Bonadelle Ranchos	36.9688	-119.8928
CA	Bonita	32.6732	-117.0061
CA	Bonny Doon	37.0436	-122.137
CA	Bonsall	33.2749	-117.1919
CA	Boonville	39.0115	-123.374
CA	Bootjack	37.474	-119.8838
CA	Boron	35.0198	-117.6659
CA	Boronda	36.6946	-121.6745
CA	Borrego Springs	33.241	-116.3571
CA	Bostonia	32.819	-116.9423
CA	Boulder Creek	37.1341	-122.1272
CA	Boulevard	32.664	-116.2896
CA	Bowles	36.6089	-119.7526
CA	Boyes Hot Springs	38.3126	-122.4887
CA	Bradbury	34.1532	-117.9688
CA	Bradley	35.8628	-120.8043
CA	Brawley	32.9785	-115.5286
CA	Brea	33.9252	-117.8651
CA	Brentwood	37.9356	-121.719
CA	Bret Harte	37.6021	-121.0044
CA	Bridgeport	38.2552	-119.2104
CA	Brisbane	37.6758	-122.3833
CA	Broadmoor	37.6915	-122.4813
CA	Brookdale	37.1057	-122.1106
CA	Brooks	38.7369	-122.1468
CA	Brooktrails	39.4433	-123.3938
CA	Buck Meadows	37.807	-120.0752
CA	Buckhorn	38.4548	-120.5323
CA	Bucks Lake	39.8796	-121.1991
CA	Buellton	34.6155	-120.1942
CA	Buena Park	33.8574	-118.0074
CA	Buena Vista	38.2975	-120.9174
CA	Burbank	34.1901	-118.3264
CA	Burlingame	37.59	-122.3633
CA	Burney	40.8894	-121.6755
CA	Burnt Ranch	40.8113	-123.5083
CA	Butte Creek Canyon	39.7445	-121.7071
CA	Butte Meadows	40.0853	-121.5427
CA	Butte Valley	39.6688	-121.6459
CA	Buttonwillow	35.4092	-119.4407
CA	Byron	37.8756	-121.6421
CA	Bystrom	37.6194	-120.9813
CA	C-Road	39.7627	-120.5771
CA	Cabazon	33.9127	-116.7828
CA	Calabasas	34.1343	-118.6665
CA	Calexico	32.6849	-115.4947
CA	California City	35.1466	-117.8693
CA	California Hot Springs	35.8876	-118.655
CA	California Pines	41.4138	-120.6653
CA	California Polytechnic State University	35.307	-120.6673
CA	Calimesa	33.9874	-117.0542
CA	Calipatria	33.1687	-115.4856
CA	Calistoga	38.5814	-122.5827
CA	Callender	35.048	-120.5759
CA	Calpella	39.2337	-123.1938
CA	Calpine	39.6634	-120.4393
CA	Calwa	36.7135	-119.7609
CA	Camanche North Shore	38.2442	-120.9539
CA	Camanche Village	38.2665	-120.9866
CA	Camarillo	34.2218	-119.0322
CA	Cambria	35.5521	-121.0841
CA	Cambrian Park	37.2561	-121.9288
CA	Cameron Park	38.674	-120.9883
CA	Camino	38.7423	-120.6808
CA	Camino Tassajara	37.7909	-121.8851
CA	Camp Nelson	36.142	-118.6107
CA	Camp Pendleton Mainside	33.3072	-117.331
CA	Camp Pendleton South	33.2318	-117.392
CA	Campbell	37.2802	-121.9533
CA	Campo	32.641	-116.4745
CA	Campo Seco	38.2207	-120.8591
CA	Camptonville	39.4521	-121.0487
CA	Canby	41.4523	-120.8883
CA	Cantua Creek	36.5	-120.3164
CA	Canyon Lake	33.6883	-117.2635
CA	Canyondam	40.1699	-121.077
CA	Capitola	36.9761	-121.954
CA	Caribou	40.0732	-121.1657
CA	Carlsbad	33.1293	-117.2842
CA	Carmel Valley Village	36.5006	-121.7318
CA	Carmel-by-the-Sea	36.5529	-121.9219
CA	Carmet	38.3745	-123.0719
CA	Carmichael	38.6308	-121.3256
CA	Carnelian Bay	39.2352	-120.0782
CA	Carpinteria	34.3852	-119.5008
CA	Carrick	41.4467	-122.3635
CA	Carson	33.8404	-118.2496
CA	Cartago	36.3052	-118.0272
CA	Caruthers	36.5399	-119.845
CA	Casa Conejo	34.1847	-118.9445
CA	Casa Loma	35.3432	-118.9987
CA	Casa de Oro-Mount Helix	32.764	-116.9688
CA	Casmalia	34.8378	-120.531
CA	Caspar	39.3631	-123.8042
CA	Cassel	40.925	-121.5485
CA	Castaic	34.4774	-118.6327
CA	Castella	41.1772	-122.2872
CA	Castle Hill	37.8747	-122.0586
CA	Castro Valley	37.7083	-122.0628
CA	Castroville	36.7648	-121.7534
CA	Cathedral City	33.8355	-116.4631
CA	Catheys Valley	37.4277	-120.096
CA	Cayucos	35.4396	-120.8898
CA	Cazadero	38.5278	-123.1098
CA	Cedar Flat	39.2069	-120.0949
CA	Cedar Ridge	38.0657	-120.2739
CA	Cedar Slope	36.1455	-118.5789
CA	Cedarville	41.5287	-120.1744
CA	Centerville	36.7361	-119.496
CA	Ceres	37.5988	-120.9681
CA	Cerritos	33.8677	-118.0695
CA	Chalfant	37.4921	-118.3904
CA	Challenge-Brownsville	39.4646	-121.2632
CA	Channel Islands Beach	34.169	-119.2285
CA	Charleston View	35.9646	-115.8972
CA	Charter Oak	34.1025	-117.8563
CA	Cherokee	39.6509	-121.5336
CA	Cherokee Strip	35.4696	-119.2615
CA	Cherry Valley	33.9796	-116.9694
CA	Cherryland	37.6792	-122.1038
CA	Chester	40.3017	-121.2325
CA	Chico	39.759	-121.8177
CA	Chilcoot-Vinton	39.8067	-120.1389
CA	China Lake Acres	35.64	-117.7665
CA	Chinese Camp	37.8702	-120.4442
CA	Chino	33.978	-117.6577
CA	Chino Hills	33.943	-117.7256
CA	Choctaw Valley	35.4486	-118.8872
CA	Chowchilla	37.1161	-120.242
CA	Chualar	36.5711	-121.5103
CA	Chula Vista	32.6277	-117.0152
CA	Citrus	34.1134	-117.8913
CA	Citrus Heights	38.6948	-121.288
CA	Claremont	34.1249	-117.7139
CA	Clarksburg	38.4193	-121.5416
CA	Clay	38.314	-121.1596
CA	Clayton	37.9403	-121.9301
CA	Clear Creek	40.3071	-121.0554
CA	Clearlake	38.96	-122.6332
CA	Clearlake Oaks	39.0206	-122.6569
CA	Clearlake Riviera	38.9514	-122.7222
CA	Cleone	39.4902	-123.7757
CA	Clio	39.7542	-120.5667
CA	Clipper Mills	39.5324	-121.1666
CA	Cloverdale	38.7948	-123.0147
CA	Clovis	36.829	-119.6849
CA	Clyde	38.0254	-122.028
CA	Coachella	33.6904	-116.1431
CA	Coalinga	36.1331	-120.339
CA	Coarsegold	37.2392	-119.701
CA	Cobb	38.8353	-122.7224
CA	Coffee Creek	41.0797	-122.7169
CA	Cohasset	39.9022	-121.7454
CA	Cold Springs	38.1613	-120.0535
CA	Coleville	38.5806	-119.5029
CA	Colfax	39.0938	-120.9532
CA	College City	39.0061	-122.0051
CA	Collierville	38.2128	-121.265
CA	Colma	37.6767	-122.4528
CA	Coloma	38.8026	-120.8946
CA	Colton	34.0545	-117.325
CA	Columbia	38.0312	-120.4134
CA	Colusa	39.2	-122.0095
CA	Commerce	33.9945	-118.15
CA	Comptche	39.2651	-123.5897
CA	Compton	33.894	-118.2275
CA	Concord	37.9722	-122.0016
CA	Concow	39.7703	-121.5135
CA	Contra Costa Centre	37.926	-122.054
CA	Copperopolis	37.9391	-120.6251
CA	Corcoran	36.0841	-119.5613
CA	Corning	39.9282	-122.182
CA	Corona	33.862	-117.5655
CA	Coronado	32.6576	-117.1565
CA	Coronita	33.8759	-117.611
CA	Corralitos	36.9842	-121.7894
CA	Corte Madera	37.9318	-122.5077
CA	Costa Mesa	33.6659	-117.9123
CA	Cotati	38.3285	-122.71
CA	Coto de Caza	33.597	-117.5865
CA	Cottonwood	40.3903	-122.3156
CA	Coulterville	37.7126	-120.1961
CA	Country Club	37.968	-121.3405
CA	Courtland	38.3329	-121.557
CA	Covelo	39.8002	-123.2526
CA	Covina	34.0905	-117.8821
CA	Cowan	37.5601	-120.9888
CA	Crescent City	41.7645	-124.2008
CA	Crescent Mills	40.1007	-120.9217
CA	Cressey	37.421	-120.6557
CA	Crest	32.8	-116.8671
CA	Crestline	34.2541	-117.2867
CA	Creston	35.5171	-120.5181
CA	Crockett	38.0519	-122.2201
CA	Cromberg	39.8684	-120.6904
CA	Crowley Lake	37.5687	-118.7464
CA	Crows Landing	37.3944	-121.0752
CA	Cudahy	33.964	-118.1826
CA	Culver City	34.0058	-118.3968
CA	Cupertino	37.3194	-122.045
CA	Cutler	36.5247	-119.2888
CA	Cutten	40.7657	-124.1445
CA	Cuyama	34.9311	-119.6149
CA	Cypress	33.8185	-118.0383
CA	Dales	40.318	-122.0538
CA	Daly City	37.6862	-122.4687
CA	Dana Point	33.4755	-117.6931
CA	Danville	37.8121	-121.9698
CA	Daphnedale Park	41.5069	-120.5481
CA	Darwin	36.2688	-117.589
CA	Davenport	37.0178	-122.1879
CA	Davis	38.5561	-121.7378
CA	Day Valley	37.0254	-121.8559
CA	Deer Park	38.5352	-122.4702
CA	Del Aire	33.9167	-118.3693
CA	Del Dios	33.0757	-117.119
CA	Del Mar	32.9639	-117.2598
CA	Del Monte Forest	36.5838	-121.9467
CA	Del Rey	36.6565	-119.5981
CA	Del Rey Oaks	36.5897	-121.8295
CA	Del Rio	37.7459	-121.0093
CA	Delano	35.7664	-119.2642
CA	Delft Colony	36.5138	-119.4465
CA	Delhi	37.4306	-120.7759
CA	Delleker	39.8133	-120.4897
CA	Denair	37.5254	-120.7974
CA	Derby Acres	35.244	-119.6038
CA	Descanso	32.8696	-116.6279
CA	Desert Center	33.7378	-115.3666
CA	Desert Edge	33.9223	-116.4401
CA	Desert Hot Springs	33.9576	-116.5423
CA	Desert Palms	33.7791	-116.2982
CA	Desert Shores	33.4038	-116.0392
CA	Desert View Highlands	34.5903	-118.1535
CA	Di Giorgio	35.2491	-118.8442
CA	Diablo	37.8408	-121.9565
CA	Diablo Grande	37.399	-121.2635
CA	Diamond Bar	34.0016	-117.8176
CA	Diamond Springs	38.692	-120.8387
CA	Dillon Beach	38.2435	-122.956
CA	Dinuba	36.5451	-119.3988
CA	Discovery Bay	37.9081	-121.5972
CA	Dixon	38.4475	-121.8242
CA	Dixon Lane-MeadowCreek	37.3864	-118.4153
CA	Dobbins	39.3566	-121.2104
CA	Dogtown	38.2087	-121.1548
CA	Dollar Point	39.1896	-120.1094
CA	Dorrington	38.3045	-120.2663
CA	Dorris	41.965	-121.9204
CA	Dos Palos	36.9854	-120.6338
CA	Dos Palos Y	37.0468	-120.6395
CA	Douglas City	40.645	-122.9274
CA	Douglas Flat	38.1146	-120.4529
CA	Downey	33.9382	-118.1309
CA	Downieville	39.5786	-120.8164
CA	Doyle	40.0272	-120.1154
CA	Drytown	38.4415	-120.8605
CA	Duarte	34.161	-117.9504
CA	Dublin	37.7161	-121.8962
CA	Ducor	35.8927	-119.047
CA	Dunnigan	38.8926	-121.9742
CA	Dunsmuir	41.2315	-122.2709
CA	Durham	39.6294	-121.7908
CA	Dustin Acres	35.2159	-119.375
CA	Dutch Flat	39.208	-120.8345
CA	Eagleville	41.319	-120.1146
CA	Earlimart	35.8914	-119.2721
CA	East Bakersfield	35.3832	-118.9744
CA	East Foothills	37.3826	-121.8137
CA	East Hemet	33.7301	-116.941
CA	East Los Angeles	34.0315	-118.1686
CA	East Nicolaus	38.91	-121.5443
CA	East Niles	35.3683	-118.9225
CA	East Oakdale	37.7839	-120.7986
CA	East Orosi	36.5481	-119.2599
CA	East Palo Alto	37.4678	-122.1325
CA	East Pasadena	34.1368	-118.0775
CA	East Porterville	36.0582	-118.9749
CA	East Quincy	39.9164	-120.9189
CA	East Rancho Dominguez	33.8948	-118.1956
CA	East Richmond Heights	37.9451	-122.3139
CA	East San Gabriel	34.1162	-118.0799
CA	East Shore	40.2453	-121.0768
CA	East Sonora	37.9742	-120.338
CA	East Tulare Villa	36.2038	-119.2803
CA	East Whittier	33.9244	-117.9887
CA	Eastern Goleta Valley	34.4439	-119.7855
CA	Easton	36.6524	-119.7908
CA	Eastvale	33.9633	-117.5824
CA	Edgewood	41.4608	-122.4257
CA	Edison	35.3473	-118.8698
CA	Edmundson Acres	35.2273	-118.8233
CA	Edna	35.2108	-120.606
CA	Edwards AFB	34.9024	-117.9219
CA	El Adobe	35.2451	-118.9588
CA	El Cajon	32.8017	-116.9605
CA	El Centro	32.7864	-115.5602
CA	El Centro Naval Air Facility	32.8252	-115.6681
CA	El Cerrito	37.9196	-122.3025
CA	El Dorado Hills	38.6761	-121.0477
CA	El Granada	37.5142	-122.4648
CA	El Macero	38.544	-121.6852
CA	El Monte	34.0746	-118.0291
CA	El Monte Mobile Village	36.5471	-119.425
CA	El Nido	37.1324	-120.4986
CA	El Paso de Robles	35.6285	-120.6504
CA	El Portal	37.6732	-119.7877
CA	El Rancho	36.2207	-119.0684
CA	El Rio	34.2454	-119.1568
CA	El Segundo	33.9104	-118.4251
CA	El Sobrante	33.8725	-117.4625
CA	El Verano	38.2975	-122.4915
CA	Eldridge	38.3339	-122.5065
CA	Elfin Forest	33.0812	-117.1774
CA	Elizabeth Lake	34.6565	-118.3798
CA	Elk Creek	39.5987	-122.5323
CA	Elk Grove	38.4146	-121.385
CA	Elkhorn	36.8107	-121.7187
CA	Elmira	38.3523	-121.9077
CA	Elverta	38.7185	-121.4455
CA	Emerald Lake Hills	37.4657	-122.2654
CA	Emeryville	37.8385	-122.3017
CA	Empire	37.6431	-120.907
CA	Encinitas	33.0506	-117.2636
CA	Escalon	37.7913	-120.9996
CA	Escondido	33.1331	-117.074
CA	Esparto	38.6934	-122.024
CA	Etna	41.4582	-122.8958
CA	Eucalyptus Hills	32.8852	-116.945
CA	Eureka	40.7976	-124.1542
CA	Exeter	36.2941	-119.146
CA	Fair Oaks	38.6502	-121.251
CA	Fairbanks Ranch	32.9916	-117.1866
CA	Fairfax	37.9885	-122.5952
CA	Fairfield	38.2621	-122.0324
CA	Fairhaven	40.7883	-124.2014
CA	Fairmead	37.0775	-120.1937
CA	Fairview	37.6777	-122.0444
CA	Fall River Mills	41.0072	-121.4411
CA	Fallbrook	33.3742	-117.2204
CA	Farmersville	36.3047	-119.2086
CA	Farmington	37.9299	-121.0044
CA	Fellows	35.1779	-119.5472
CA	Felton	37.0392	-122.0808
CA	Ferndale	40.5781	-124.2612
CA	Fetters Hot Springs-Agua Caliente	38.3275	-122.4871
CA	Fiddletown	38.5069	-120.7601
CA	Fieldbrook	40.973	-124.0286
CA	Fields Landing	40.7242	-124.2186
CA	Fillmore	34.399	-118.9175
CA	Firebaugh	36.8537	-120.4537
CA	Fish Camp	37.4799	-119.6409
CA	Florence-Graham	33.9682	-118.2447
CA	Florin	38.4832	-121.4043
CA	Floriston	39.3929	-120.0151
CA	Flournoy	39.9283	-122.4458
CA	Folsom	38.6666	-121.1416
CA	Fontana	34.1097	-117.4629
CA	Foothill Farms	38.6867	-121.3475
CA	Forbestown	39.5276	-121.2662
CA	Ford City	35.1647	-119.4584
CA	Forest Meadows	38.1718	-120.3977
CA	Forest Ranch	39.8952	-121.6705
CA	Foresta	37.6988	-119.7483
CA	Foresthill	39.0053	-120.8314
CA	Forestville	38.4825	-122.8899
CA	Fort Bidwell	41.8633	-120.1594
CA	Fort Bragg	39.4398	-123.8018
CA	Fort Dick	41.8695	-124.1672
CA	Fort Hunter Liggett	35.9923	-121.2349
CA	Fort Irwin	35.2477	-116.6834
CA	Fort Jones	41.6085	-122.8411
CA	Fort Washington	36.8793	-119.7613
CA	Fortuna	40.5871	-124.1422
CA	Foster City	37.5648	-122.2508
CA	Fountain Valley	33.7106	-117.9511
CA	Fowler	36.6241	-119.6747
CA	Franklin	38.3675	-121.4616
CA	Frazier Park	34.8142	-118.955
CA	Freedom	36.9403	-121.7952
CA	Freeport	38.4629	-121.5021
CA	Fremont	37.4945	-121.9411
CA	French Camp	37.866	-121.2742
CA	French Gulch	40.7188	-122.6294
CA	French Valley	33.5995	-117.1065
CA	Fresno	36.7827	-119.7934
CA	Friant	36.984	-119.7081
CA	Fruitdale	37.3117	-121.9358
CA	Fruitridge Pocket	38.5326	-121.4558
CA	Fuller Acres	35.3023	-118.9143
CA	Fullerton	33.8857	-117.928
CA	Fulton	38.4937	-122.7734
CA	Furnace Creek	36.4277	-116.8747
CA	Galt	38.2685	-121.299
CA	Garberville	40.1003	-123.7943
CA	Garden Acres	37.9637	-121.2296
CA	Garden Farms	35.4158	-120.614
CA	Garden Grove	33.7788	-117.9605
CA	Gardena	33.8944	-118.3075
CA	Garey	34.8858	-120.3137
CA	Garnet	33.9179	-116.4796
CA	Gasquet	41.8361	-123.976
CA	Gazelle	41.5119	-122.5219
CA	Georgetown	38.9114	-120.8346
CA	Gerber	40.0614	-122.1482
CA	Geyserville	38.7173	-122.9034
CA	Gilroy	37.0064	-121.5853
CA	Glen Ellen	38.3553	-122.5433
CA	Glencoe	38.353	-120.5733
CA	Glendale	34.1814	-118.2458
CA	Glendora	34.145	-117.8478
CA	Glennville	35.7242	-118.7152
CA	Gold Mountain	39.7613	-120.5191
CA	Gold River	38.6269	-121.2492
CA	Golden Hills	35.1364	-118.4976
CA	Goleta	34.4354	-119.8589
CA	Gonzales	36.506	-121.4429
CA	Good Hope	33.7706	-117.2772
CA	Goodmanville	35.429	-118.9437
CA	Goodyears Bar	39.5524	-120.8931
CA	Goshen	36.3493	-119.4206
CA	Graeagle	39.7525	-120.6454
CA	Grand Terrace	34.0311	-117.3131
CA	Grangeville	36.3439	-119.7075
CA	Granite Bay	38.7604	-121.1682
CA	Granite Hills	32.8033	-116.9056
CA	Graniteville	39.4444	-120.736
CA	Grass Valley	39.2203	-121.0527
CA	Graton	38.4375	-122.866
CA	Grayson	37.5646	-121.18
CA	Greeley Hill	37.757	-120.1308
CA	Green Acres	33.735	-117.0782
CA	Green Valley	34.6174	-118.405
CA	Greenacres	35.3832	-119.1184
CA	Greenfield	36.324	-121.2437
CA	Greenhorn	39.903	-120.759
CA	Greenview	41.5449	-122.921
CA	Greenville	40.1336	-120.9453
CA	Grenada	41.6401	-122.5266
CA	Gridley	39.3622	-121.6971
CA	Grimes	39.0742	-121.8988
CA	Grizzly Flats	38.6357	-120.5354
CA	Groveland	37.832	-120.2416
CA	Grover Beach	35.1209	-120.6197
CA	Guadalupe	34.9649	-120.5731
CA	Guerneville	38.5172	-122.9899
CA	Guinda	38.8274	-122.1984
CA	Gustine	37.2525	-120.9955
CA	Hacienda Heights	33.9959	-117.973
CA	Half Moon Bay	37.4673	-122.4405
CA	Hamilton Branch	40.2773	-121.0961
CA	Hamilton City	39.7427	-122.0109
CA	Hanford	36.3277	-119.6546
CA	Happy Camp	41.8159	-123.3928
CA	Happy Valley	40.4661	-122.418
CA	Harbison Canyon	32.8273	-116.8381
CA	Hardwick	36.4026	-119.7208
CA	Harmony Grove	33.1007	-117.138
CA	Hartland	36.6539	-118.9588
CA	Hartley	38.4204	-121.9508
CA	Hasley Canyon	34.4816	-118.6667
CA	Hat Creek	40.7898	-121.4745
CA	Hathaway Pines	38.1901	-120.3615
CA	Hawaiian Gardens	33.8305	-118.0735
CA	Hawthorne	33.9148	-118.3481
CA	Hayfork	40.5759	-123.1236
CA	Hayward	37.6268	-122.104
CA	Healdsburg	38.6225	-122.8651
CA	Heber	32.7325	-115.5294
CA	Hemet	33.7341	-116.9968
CA	Herald	38.2884	-121.2311
CA	Hercules	38.0214	-122.2889
CA	Herlong	40.1417	-120.1397
CA	Hermosa Beach	33.8698	-118.4053
CA	Hesperia	34.397	-117.3152
CA	Hickman	37.6193	-120.7512
CA	Hidden Hills	34.1637	-118.6612
CA	Hidden Meadows	33.2236	-117.1198
CA	Hidden Valley Lake	38.8015	-122.5514
CA	Highgrove	34.0106	-117.3098
CA	Highland	34.1135	-117.1657
CA	Highlands	37.52	-122.3459
CA	Hillcrest	35.379	-118.9579
CA	Hillsborough	37.5572	-122.3585
CA	Hilmar-Irwin	37.4045	-120.8504
CA	Hiouchi	41.7937	-124.0661
CA	Hollister	36.8556	-121.3986
CA	Holtville	32.8138	-115.3783
CA	Home Garden	36.3028	-119.6371
CA	Home Gardens	33.8783	-117.5115
CA	Homeland	33.7459	-117.1132
CA	Homestead Valley	34.273	-116.4145
CA	Homewood Canyon	35.89	-117.3864
CA	Honcut	39.3326	-121.5388
CA	Hood	38.3693	-121.5155
CA	Hoopa	41.0796	-123.6977
CA	Hopland	38.9688	-123.1169
CA	Hornbrook	41.9045	-122.5583
CA	Hornitos	37.5025	-120.2389
CA	Hughson	37.6021	-120.866
CA	Humboldt Hill	40.7223	-124.1974
CA	Huntington Beach	33.698	-118.0038
CA	Huntington Park	33.9792	-118.2174
CA	Huron	36.2042	-120.0953
CA	Hyampom	40.6262	-123.4688
CA	Hydesville	40.5579	-124.0823
CA	Hypericum	36.2562	-119.2169
CA	Idlewild	35.8096	-118.6705
CA	Idyllwild-Pine Cove	33.7442	-116.7307
CA	Igo	40.4977	-122.5496
CA	Imperial	32.8388	-115.572
CA	Imperial Beach	32.5691	-117.1149
CA	Independence	36.8303	-118.2079
CA	Indian Falls	40.0588	-120.9803
CA	Indian Wells	33.6999	-116.3295
CA	Indianola	40.81	-124.0784
CA	Indio	33.7316	-116.236
CA	Indio Hills	33.8411	-116.2485
CA	Industry	34.0262	-117.9403
CA	Inglewood	33.9561	-118.3443
CA	Interlaken	36.9506	-121.7375
CA	Inverness	38.0828	-122.8549
CA	Inyokern	35.6544	-117.8195
CA	Ione	38.3629	-120.9477
CA	Iron Horse	39.7805	-120.4823
CA	Irvine	33.6784	-117.7713
CA	Irwindale	34.1119	-117.9636
CA	Isla Vista	34.4122	-119.8607
CA	Isleton	38.1613	-121.605
CA	Ivanhoe	36.3834	-119.2201
CA	Jackson	38.3485	-120.7728
CA	Jacumba	32.6365	-116.1907
CA	Jamestown	37.9582	-120.4071
CA	Jamul	32.7184	-116.8709
CA	Janesville	40.3011	-120.4903
CA	Jenner	38.459	-123.1275
CA	Johannesburg	35.3719	-117.6418
CA	Johnson Park	40.9212	-121.6295
CA	Johnstonville	40.3802	-120.5861
CA	Johnsville	39.7697	-120.6998
CA	Jones Valley	40.7013	-122.242
CA	Joshua Tree	34.1236	-116.3129
CA	Jovista	35.794	-119.1896
CA	Julian	33.0735	-116.5889
CA	Junction City	40.736	-123.0846
CA	June Lake	37.7618	-119.1147
CA	Jurupa Valley	34.0026	-117.4676
CA	Keddie	40.0059	-120.9524
CA	Keeler	36.4867	-117.8733
CA	Keene	35.2318	-118.6131
CA	Kelly Ridge	39.5288	-121.4663
CA	Kelseyville	38.9702	-122.8314
CA	Kennedy	37.929	-121.2458
CA	Kennedy Meadows	36.0076	-118.1099
CA	Kensington	37.9051	-122.2842
CA	Kentfield	37.9359	-122.559
CA	Kenwood	38.4154	-122.5388
CA	Kep'el	41.2841	-123.819
CA	Kerman	36.725	-120.0625
CA	Kernville	35.755	-118.4309
CA	Keswick	40.613	-122.4608
CA	Kettleman City	36.009	-119.9629
CA	Keyes	37.5573	-120.9114
CA	King City	36.2163	-121.132
CA	Kings Beach	39.2475	-120.0199
CA	Kingsburg	36.5252	-119.5666
CA	Kingvale	39.321	-120.4383
CA	Kirkwood	38.6893	-120.055
CA	Klamath	41.5729	-124.0556
CA	Knights Ferry	37.8212	-120.6691
CA	Knights Landing	38.798	-121.7174
CA	Knightsen	37.9624	-121.6486
CA	La CaÃ±ada Flintridge	34.2097	-118.2001
CA	La Crescenta-Montrose	34.233	-118.2358
CA	La Cresta	35.3972	-118.9893
CA	La Grange	37.6635	-120.4631
CA	La Habra	33.9279	-117.9516
CA	La Habra Heights	33.959	-117.949
CA	La Honda	37.3177	-122.2584
CA	La Mesa	32.7695	-117.0219
CA	La Mirada	33.902	-118.009
CA	La Palma	33.8506	-118.0396
CA	La Porte	39.6725	-120.9852
CA	La Presa	32.7123	-117.0037
CA	La Puente	34.0323	-117.9535
CA	La Quinta	33.6461	-116.2753
CA	La Riviera	38.5685	-121.355
CA	La Selva Beach	36.9274	-121.8444
CA	La Verne	34.1205	-117.7699
CA	La Vina	36.8799	-120.1148
CA	Ladera	37.3999	-122.199
CA	Ladera Heights	33.9968	-118.37
CA	Ladera Ranch	33.5491	-117.6417
CA	Lafayette	37.891	-122.1195
CA	Laguna Beach	33.5434	-117.7618
CA	Laguna Hills	33.5912	-117.6976
CA	Laguna Niguel	33.5287	-117.7013
CA	Laguna Woods	33.6121	-117.7303
CA	Lagunitas-Forest Knolls	38.018	-122.6913
CA	Lake Almanor Country Club	40.2578	-121.147
CA	Lake Almanor Peninsula	40.2812	-121.1345
CA	Lake Almanor West	40.2336	-121.2021
CA	Lake Arrowhead	34.254	-117.1781
CA	Lake California	40.3584	-122.2088
CA	Lake City	41.6453	-120.2221
CA	Lake Davis	39.8524	-120.4584
CA	Lake Don Pedro	37.6414	-120.3644
CA	Lake Elsinore	33.686	-117.3354
CA	Lake Forest	33.6549	-117.6758
CA	Lake Hughes	34.6824	-118.4519
CA	Lake Isabella	35.6371	-118.4826
CA	Lake Los Angeles	34.6098	-117.8303
CA	Lake Mathews	33.825	-117.3683
CA	Lake Nacimiento	35.731	-120.8695
CA	Lake Riverside	33.5187	-116.8121
CA	Lake San Marcos	33.1224	-117.2086
CA	Lake Shastina	41.5231	-122.3764
CA	Lake Sherwood	34.1318	-118.8847
CA	Lake Wildwood	39.2332	-121.1977
CA	Lake of the Pines	39.0387	-121.0613
CA	Lake of the Woods	34.8271	-118.9973
CA	Lakehead	40.9034	-122.3997
CA	Lakeland Village	33.649	-117.3668
CA	Lakeport	39.0383	-122.9226
CA	Lakeside	32.8566	-116.9042
CA	Lakeview	33.8285	-117.1233
CA	Lakewood	33.8471	-118.1219
CA	Lamont	35.2651	-118.916
CA	Lanare	36.4377	-119.9322
CA	Lancaster	34.6936	-118.1753
CA	Larkfield-Wikiup	38.513	-122.7536
CA	Larkspur	37.9405	-122.5302
CA	Las Flores	33.5838	-117.6237
CA	Las Lomas	36.8688	-121.7316
CA	Lathrop	37.8087	-121.3178
CA	Laton	36.4314	-119.6976
CA	Lawndale	33.8884	-118.3531
CA	Laytonville	39.6623	-123.495
CA	Le Grand	37.2288	-120.254
CA	Lebec	34.8446	-118.8992
CA	Lee Vining	37.9549	-119.122
CA	Leggett	39.8635	-123.7252
CA	Lemon Cove	36.3809	-119.0285
CA	Lemon Grove	32.7331	-117.0344
CA	Lemon Hill	38.5172	-121.4573
CA	Lemoore	36.2944	-119.7983
CA	Lemoore Station	36.2633	-119.9048
CA	Lennox	33.9381	-118.3585
CA	Lenwood	34.8861	-117.1078
CA	Leona Valley	34.6081	-118.3013
CA	Lewiston	40.6969	-122.8225
CA	Lexington Hills	37.159	-121.9888
CA	Likely	41.2268	-120.5012
CA	Lincoln	38.8745	-121.2929
CA	Lincoln Village	38.0055	-121.3338
CA	Linda	39.1241	-121.5422
CA	Lindcove	36.358	-119.0646
CA	Linden	38.0181	-121.1016
CA	Lindsay	36.2091	-119.0933
CA	Linnell Camp	36.3089	-119.2226
CA	Litchfield	40.3877	-120.3807
CA	Little Grass Valley	39.7252	-120.9591
CA	Little River	39.2703	-123.7817
CA	Little Valley	40.893	-121.178
CA	Littlerock	34.5251	-117.9816
CA	Live Oak	36.986	-121.9804
CA	Livermore	37.687	-121.7598
CA	Livingston	37.3873	-120.7249
CA	Lockeford	38.1491	-121.1543
CA	Lockwood	35.9401	-121.0783
CA	Lodi	38.1216	-121.2908
CA	Lodoga	39.3043	-122.5059
CA	Loleta	40.6409	-124.2226
CA	Loma Linda	34.0429	-117.2489
CA	Loma Mar	37.2658	-122.3007
CA	Loma Rica	39.3203	-121.4038
CA	Lomita	33.7933	-118.3175
CA	Lompico	37.1146	-122.0528
CA	Lompoc	34.6627	-120.4708
CA	London	36.4805	-119.4449
CA	Lone Pine	36.5744	-118.0806
CA	Long Barn	38.0933	-120.1347
CA	Long Beach	33.7808	-118.1682
CA	Lookout	41.2104	-121.153
CA	Loomis	38.8094	-121.1955
CA	Los Alamitos	33.7969	-118.0612
CA	Los Alamos	34.7418	-120.2746
CA	Los Altos	37.3684	-122.0966
CA	Los Altos Hills	37.3668	-122.1386
CA	Los Angeles	34.0194	-118.4108
CA	Los Banos	37.0632	-120.8403
CA	Los Berros	35.0809	-120.545
CA	Los Gatos	37.2299	-121.9568
CA	Los Molinos	40.0271	-122.098
CA	Los Olivos	34.6615	-120.1174
CA	Los Osos	35.3071	-120.8245
CA	Los Ranchos	35.2127	-120.628
CA	Lost Hills	35.6327	-119.6779
CA	Lower Lake	38.913	-122.607
CA	Loyalton	39.6769	-120.2448
CA	Loyola	37.3503	-122.098
CA	Lucas Valley-Marinwood	38.0405	-122.5765
CA	Lucerne	39.0568	-122.7703
CA	Lucerne Valley	34.4427	-116.9021
CA	Lynwood	33.924	-118.2017
CA	Lytle Creek	34.2499	-117.5044
CA	Mabie	39.7771	-120.5447
CA	Macdoel	41.8262	-122.0059
CA	Mad River	40.4325	-123.4921
CA	Madeline	41.0514	-120.4754
CA	Madera	36.9658	-120.0862
CA	Madera Acres	37.0127	-120.0797
CA	Madera Ranchos	36.9279	-119.8773
CA	Madison	38.675	-121.9703
CA	Magalia	39.8188	-121.6077
CA	Malaga	36.6816	-119.7318
CA	Malibu	34.0259	-118.7596
CA	Mammoth Lakes	37.6244	-118.9884
CA	Manchester	38.9744	-123.691
CA	Manhattan Beach	33.9009	-118.4207
CA	Manila	40.8509	-124.1632
CA	Manteca	37.7928	-121.2261
CA	Manton	40.4267	-121.8504
CA	March ARB	33.8892	-117.2777
CA	Maricopa	35.0509	-119.4066
CA	Marin City	37.8712	-122.5137
CA	Marina	36.6803	-121.7894
CA	Marina del Rey	33.9764	-118.4509
CA	Mariposa	37.4912	-119.9732
CA	Markleeville	38.684	-119.8227
CA	Martell	38.3673	-120.8072
CA	Martinez	37.9981	-122.1144
CA	Marysville	39.1515	-121.5834
CA	Matheny	36.1706	-119.3516
CA	Mather	38.5484	-121.2838
CA	Maxwell	39.2771	-122.1947
CA	Mayfair	36.7693	-119.7613
CA	Mayflower Village	34.1159	-118.0096
CA	Maywood	33.9885	-118.1877
CA	McArthur	41.042	-121.4052
CA	McClellan Park	38.6629	-121.4017
CA	McClenney Tract	35.822	-118.6478
CA	McCloud	41.2547	-122.1362
CA	McFarland	35.6673	-119.2307
CA	McGee Creek	37.5727	-118.791
CA	McKinleyville	40.9516	-124.0774
CA	McKittrick	35.298	-119.6249
CA	McSwain	37.3145	-120.5868
CA	Mead Valley	33.8333	-117.2852
CA	Meadow Valley	39.9323	-121.0831
CA	Meadow Vista	39.0017	-121.0376
CA	Meadowbrook	33.7258	-117.2851
CA	Mecca	33.5766	-116.0647
CA	Meiners Oaks	34.4553	-119.2702
CA	Mendocino	39.3125	-123.7924
CA	Mendota	36.7576	-120.3805
CA	Menifee	33.6899	-117.1844
CA	Menlo Park	37.4797	-122.1481
CA	Mentone	34.0606	-117.115
CA	Merced	37.3057	-120.4779
CA	Meridian	39.1404	-121.9079
CA	Mesa	37.4168	-118.5391
CA	Mesa Verde	33.5957	-114.7316
CA	Mesa Vista	38.8103	-119.8033
CA	Mettler	35.0636	-118.973
CA	Mexican Colony	35.4689	-119.2687
CA	Meyers	38.8348	-120.0186
CA	Mi-Wuk Village	38.0577	-120.1767
CA	Middletown	38.7519	-122.6221
CA	Midpines	37.5534	-119.9288
CA	Midway City	33.7451	-117.9848
CA	Milford	40.1495	-120.3702
CA	Mill Valley	37.9081	-122.5423
CA	Millbrae	37.599	-122.402
CA	Millerton	36.9769	-119.6658
CA	Millville	40.5596	-122.1756
CA	Milpitas	37.4331	-121.8909
CA	Mineral	40.4027	-121.5508
CA	Minkler	36.7276	-119.4588
CA	Mira Monte	34.4311	-119.2872
CA	Miranda	40.2287	-123.8176
CA	Mission Canyon	34.4563	-119.717
CA	Mission Hills	34.6888	-120.4398
CA	Mission Viejo	33.6093	-117.6565
CA	Modesto	37.6375	-121.003
CA	Modjeska	33.7091	-117.6297
CA	Mohawk Vista	39.8048	-120.5883
CA	Mojave	35.015	-118.1902
CA	Mokelumne Hill	38.3085	-120.7056
CA	Monmouth	36.5656	-119.7405
CA	Mono City	38.0321	-119.1474
CA	Mono Vista	38.0134	-120.27
CA	Monrovia	34.164	-117.9846
CA	Monson	36.4924	-119.3361
CA	Montague	41.7271	-122.5305
CA	Montalvin Manor	37.9976	-122.3301
CA	Montara	37.5483	-122.4924
CA	Montclair	34.0715	-117.6981
CA	Monte Rio	38.4736	-123.0262
CA	Monte Sereno	37.2404	-121.9882
CA	Montebello	34.0154	-118.111
CA	Montecito	34.4186	-119.6331
CA	Monterey	36.6012	-121.8831
CA	Monterey Park	34.0484	-118.1332
CA	Monterey Park Tract	37.5268	-121.0115
CA	Montgomery Creek	40.8428	-121.9207
CA	Monument Hills	38.6641	-121.8754
CA	Moorpark	34.2859	-118.877
CA	Morada	38.0386	-121.2459
CA	Moraga	37.8457	-122.1232
CA	Moreno Valley	33.9233	-117.2057
CA	Morgan Hill	37.1325	-121.6419
CA	Morongo Valley	34.0724	-116.5627
CA	Morro Bay	35.3668	-120.8683
CA	Moskowite Corner	38.4439	-122.192
CA	Moss Beach	37.5133	-122.4984
CA	Moss Landing	36.8054	-121.7866
CA	Mount Hebron	41.7856	-122.0079
CA	Mount Hermon	37.051	-122.0533
CA	Mount Laguna	32.8711	-116.4247
CA	Mount Shasta	41.3209	-122.3155
CA	Mountain Center	33.7107	-116.7233
CA	Mountain Gate	40.7185	-122.3262
CA	Mountain House	37.7673	-121.5449
CA	Mountain Meadows	35.0936	-118.4327
CA	Mountain Mesa	35.6411	-118.4046
CA	Mountain Ranch	38.2117	-120.5311
CA	Mountain View	37.3997	-122.0793
CA	Mountain View Acres	34.4976	-117.3472
CA	Mt. Bullion	37.5086	-120.0421
CA	Muir Beach	37.8616	-122.5803
CA	Murphys	38.1361	-120.4439
CA	Murrieta	33.5721	-117.1904
CA	Muscoy	34.1552	-117.3477
CA	Myers Flat	40.2655	-123.8755
CA	Myrtletown	40.7887	-124.1307
CA	Napa	38.2979	-122.3007
CA	National City	32.6659	-117.0974
CA	Needles	34.8134	-114.6266
CA	Nevada City	39.2596	-121.0333
CA	New Cuyama	34.9431	-119.682
CA	New Pine Creek	41.9873	-120.301
CA	Newark	37.5043	-122.0319
CA	Newcastle	38.8667	-121.132
CA	Newell	41.8887	-121.3602
CA	Newman	37.3161	-121.0214
CA	Newport Beach	33.5973	-117.8904
CA	Nicasio	38.0606	-122.7008
CA	Nice	39.1262	-122.8553
CA	Nicolaus	38.8982	-121.5728
CA	Niland	33.2387	-115.5144
CA	Nipinnawasee	37.4031	-119.7293
CA	Nipomo	35.0307	-120.4978
CA	Norco	33.9255	-117.552
CA	Nord	39.7738	-121.9549
CA	Norris Canyon	37.7458	-121.9881
CA	North Auburn	38.9307	-121.0811
CA	North Edwards	35.0473	-117.8094
CA	North El Monte	34.1029	-118.0239
CA	North Fair Oaks	37.4754	-122.2035
CA	North Fork	37.2346	-119.521
CA	North Gate	37.9055	-121.9979
CA	North Highlands	38.6713	-121.3721
CA	North Lakeport	39.0866	-122.9094
CA	North Richmond	37.9653	-122.3706
CA	North San Juan	39.3718	-121.1061
CA	North Shore	33.5146	-115.911
CA	North Tustin	33.7635	-117.7947
CA	Norwalk	33.9076	-118.0835
CA	Novato	38.0851	-122.5483
CA	Nubieber	41.0966	-121.1822
CA	Nuevo	33.8011	-117.1414
CA	Oak Glen	34.041	-116.9623
CA	Oak Hills	34.3899	-117.4031
CA	Oak Park	34.185	-118.7669
CA	Oak Run	40.6942	-122.025
CA	Oak Shores	35.7608	-120.9828
CA	Oak View	34.403	-119.299
CA	Oakdale	37.7617	-120.8464
CA	Oakhurst	37.3414	-119.6262
CA	Oakland	37.7698	-122.2257
CA	Oakley	37.9961	-121.6936
CA	Oakville	38.4384	-122.4068
CA	Oasis	33.5275	-116.1261
CA	Occidental	38.4004	-122.9349
CA	Oceano	35.1016	-120.6082
CA	Oceanside	33.2246	-117.3063
CA	Ocotillo	32.7431	-116.0019
CA	Oildale	35.4293	-119.0306
CA	Ojai	34.4492	-119.2467
CA	Olancha	36.2698	-118.0013
CA	Old Fig Garden	36.7988	-119.8051
CA	Old River	35.2671	-119.1055
CA	Old Station	40.6732	-121.4133
CA	Old Stine	35.3478	-119.0469
CA	Olde Stockdale	35.3476	-119.0794
CA	Olivehurst	39.0795	-121.5567
CA	Ono	40.4781	-122.6255
CA	Ontario	34.0376	-117.6044
CA	Onyx	35.6702	-118.2272
CA	Orange	33.787	-117.8613
CA	Orange Blossom	37.8147	-120.6873
CA	Orange Cove	36.6211	-119.3187
CA	Orangevale	38.6894	-121.2231
CA	Orcutt	34.8692	-120.4217
CA	Orick	41.2902	-124.0703
CA	Orinda	37.8816	-122.1686
CA	Orland	39.7461	-122.1855
CA	Orosi	36.5433	-119.2914
CA	Oroville	39.4954	-121.5601
CA	Oroville East	39.4936	-121.4838
CA	Oxnard	34.1994	-119.2075
CA	Pacheco	37.9879	-122.0698
CA	Pacific Grove	36.6226	-121.9264
CA	Pacifica	37.6066	-122.4772
CA	Pajaro	36.9017	-121.7417
CA	Pajaro Dunes	36.8682	-121.8057
CA	Pala	33.3639	-117.0678
CA	Palermo	39.4307	-121.5229
CA	Palm Desert	33.7376	-116.3641
CA	Palm Springs	33.8034	-116.5383
CA	Palmdale	34.591	-118.1054
CA	Palo Alto	37.3965	-122.1431
CA	Palo Cedro	40.5662	-122.2428
CA	Palo Verde	33.4278	-114.7271
CA	Paloma	38.2606	-120.7644
CA	Palos Verdes Estates	33.7743	-118.4258
CA	Panorama Heights	35.8068	-118.6271
CA	Paradise	39.7542	-121.6064
CA	Paradise Park	37.0063	-122.0424
CA	Paramount	33.8989	-118.1666
CA	Parklawn	37.6071	-120.9804
CA	Parksdale	36.9465	-120.0212
CA	Parkway	38.4993	-121.452
CA	Parkwood	36.9293	-120.0481
CA	Parlier	36.609	-119.5436
CA	Pasadena	34.1606	-118.138
CA	Pasatiempo	37.0033	-122.0265
CA	Paskenta	39.8833	-122.5458
CA	Patterson	37.4759	-121.1539
CA	Patterson Tract	36.3795	-119.2956
CA	Patton Village	40.1407	-120.1781
CA	Paxton	40.0336	-121.0026
CA	Paynes Creek	40.3419	-121.925
CA	Pearsonville	35.8229	-117.8782
CA	Penn Valley	39.1953	-121.1942
CA	Penngrove	38.3006	-122.6706
CA	Penryn	38.8482	-121.1698
CA	Pepperdine University	34.0423	-118.7092
CA	Perris	33.7898	-117.2222
CA	Pescadero	37.2449	-122.3789
CA	Petaluma	38.2423	-122.6288
CA	Petaluma Center	38.2507	-122.7888
CA	Peters	37.9762	-121.0438
CA	Phelan	34.4398	-117.5248
CA	Phillipsville	40.2107	-123.7812
CA	Philo	39.0658	-123.4451
CA	Phoenix Lake	38.0113	-120.309
CA	Pico Rivera	33.9895	-118.0893
CA	Piedmont	37.8225	-122.23
CA	Pierpoint	36.1405	-118.6296
CA	Pike	39.4278	-120.9997
CA	Pine Canyon	36.1721	-121.143
CA	Pine Flat	35.8754	-118.6438
CA	Pine Grove	38.403	-120.6571
CA	Pine Hills	40.7329	-124.1611
CA	Pine Mountain Club	34.8409	-119.1685
CA	Pine Mountain Lake	37.8595	-120.1817
CA	Pine Valley	32.8415	-116.5107
CA	Pinole	38.0017	-122.3185
CA	Pioneer	38.4338	-120.5861
CA	Piru	34.4057	-118.8051
CA	Pismo Beach	35.1532	-120.6739
CA	Pittsburg	38.0168	-121.8969
CA	Pixley	35.9768	-119.3002
CA	PiÃ±on Hills	34.4456	-117.6236
CA	Placentia	33.8812	-117.8548
CA	Placerville	38.7311	-120.7977
CA	Plainview	36.143	-119.1353
CA	Planada	37.2902	-120.3216
CA	Platina	40.3591	-122.9042
CA	Pleasant Hill	37.9542	-122.0758
CA	Pleasanton	37.6672	-121.8812
CA	Pleasure Point	36.9597	-121.97
CA	Plumas Eureka	39.7982	-120.6644
CA	Plumas Lake	38.9791	-121.5581
CA	Plymouth	38.4717	-120.8572
CA	Point Arena	38.9123	-123.6956
CA	Point Reyes Station	38.0846	-122.8092
CA	Pollock Pines	38.7576	-120.591
CA	Pomona	34.0585	-117.7611
CA	Ponderosa	36.1047	-118.5319
CA	Poplar-Cotton Center	36.0577	-119.1502
CA	Port Costa	38.0445	-122.1849
CA	Port Hueneme	34.1621	-119.2042
CA	Porterville	36.0635	-119.0336
CA	Portola	39.8208	-120.4743
CA	Portola Valley	37.3652	-122.2327
CA	Posey	35.8053	-118.6826
CA	Poso Park	35.8113	-118.6365
CA	Post Mountain	40.4159	-123.2316
CA	Potomac Park	35.3635	-118.965
CA	Potrero	32.6131	-116.6068
CA	Potter Valley	39.3171	-123.1099
CA	Poway	32.9877	-117.0218
CA	Prattville	40.206	-121.1575
CA	Princeton	39.4016	-122.0194
CA	Proberta	40.0762	-122.1776
CA	Prunedale	36.8117	-121.655
CA	Pumpkin Center	35.2653	-119.0324
CA	Quartz Hill	34.652	-118.2159
CA	Quincy	39.931	-120.9549
CA	Rackerby	39.4261	-121.3542
CA	Rail Road Flat	38.3356	-120.5501
CA	Rainbow	33.4099	-117.1394
CA	Raisin City	36.6033	-119.9092
CA	Ramona	33.0458	-116.8775
CA	Rancho Calaveras	38.1333	-120.8618
CA	Rancho Cordova	38.5771	-121.2362
CA	Rancho Cucamonga	34.1303	-117.5661
CA	Rancho Mirage	33.7638	-116.4304
CA	Rancho Mission Viejo	33.514	-117.5618
CA	Rancho Murieta	38.5007	-121.074
CA	Rancho Palos Verdes	33.7385	-118.3697
CA	Rancho San Diego	32.7624	-116.9197
CA	Rancho Santa Fe	33.0258	-117.1981
CA	Rancho Santa Margarita	33.6323	-117.599
CA	Rancho Tehama Reserve	40.004	-122.4283
CA	Randsburg	35.3687	-117.6603
CA	Red Bluff	40.1735	-122.2415
CA	Red Corral	38.4121	-120.6071
CA	Redcrest	40.3988	-123.9474
CA	Redding	40.5703	-122.3668
CA	Redlands	34.0535	-117.1705
CA	Redondo Beach	33.8495	-118.4008
CA	Redway	40.1202	-123.8218
CA	Redwood City	37.5153	-122.2137
CA	Redwood Valley	39.2685	-123.2028
CA	Reedley	36.5984	-119.4467
CA	Reliez Valley	37.9399	-122.1027
CA	Rexland Acres	35.3051	-118.997
CA	Rialto	34.1174	-117.3892
CA	Richfield	39.9738	-122.1732
CA	Richgrove	35.7966	-119.1069
CA	Richmond	37.9523	-122.3606
CA	Richvale	39.4937	-121.7508
CA	Ridgecrest	35.6285	-117.664
CA	Ridgecrest Heights	35.6019	-117.7042
CA	Ridgemark	36.8082	-121.3623
CA	Rio Dell	40.4956	-124.1152
CA	Rio Linda	38.6875	-121.4417
CA	Rio Oso	38.9518	-121.531
CA	Rio Vista	38.1767	-121.7034
CA	Rio del Mar	36.9579	-121.8848
CA	Ripley	33.5238	-114.653
CA	Ripon	37.742	-121.1304
CA	River Pines	38.5455	-120.7429
CA	Riverbank	37.726	-120.9448
CA	Riverdale	36.4304	-119.8672
CA	Riverdale Park	37.6022	-121.0395
CA	Rivergrove	35.4403	-118.9411
CA	Riverside	33.9381	-117.3932
CA	Robbins	38.8669	-121.7071
CA	Robinson Mill	39.4856	-121.3202
CA	Rocklin	38.8069	-121.2497
CA	Rodeo	38.0366	-122.254
CA	Rodriguez Camp	35.809	-119.1388
CA	Rohnert Park	38.3476	-122.7009
CA	Rolling Hills	33.76	-118.3472
CA	Rolling Hills Estates	33.7784	-118.3274
CA	Rollingwood	37.9653	-122.3306
CA	Romoland	33.7648	-117.1571
CA	Rosamond	34.8656	-118.2148
CA	Rose Hills	34.009	-118.0419
CA	Rosedale	35.3886	-119.2057
CA	Rosemead	34.0689	-118.0827
CA	Rosemont	38.5477	-121.3554
CA	Roseville	38.7703	-121.3196
CA	Ross	37.9638	-122.5616
CA	Rossmoor	33.7887	-118.0803
CA	Rough and Ready	39.234	-121.138
CA	Round Mountain	40.7975	-121.938
CA	Round Valley	37.4142	-118.5723
CA	Rouse	37.6195	-121.0084
CA	Rowland Heights	33.9703	-117.8906
CA	Rumsey	38.8933	-122.2436
CA	Running Springs	34.2114	-117.1046
CA	Ruth	40.2938	-123.3483
CA	Rutherford	38.4589	-122.4288
CA	Sacramento	38.5677	-121.4682
CA	Sage	33.5941	-116.9104
CA	Salida	37.7091	-121.0848
CA	Salinas	36.6902	-121.6338
CA	Salmon Creek	38.3462	-123.0593
CA	Salton City	33.2994	-115.9609
CA	Salton Sea Beach	33.3759	-116.0115
CA	Salyer	40.8768	-123.5735
CA	Samoa	40.8146	-124.1892
CA	San Andreas	38.1927	-120.6732
CA	San Anselmo	37.9821	-122.5699
CA	San Antonio Heights	34.1564	-117.6587
CA	San Ardo	36.0237	-120.9073
CA	San Bernardino	34.1411	-117.2946
CA	San Bruno	37.6256	-122.4314
CA	San Buenaventura	34.2678	-119.2542
CA	San Carlos	37.499	-122.2676
CA	San Clemente	33.4491	-117.6131
CA	San Diego	32.815	-117.1356
CA	San Diego Country Estates	33.0094	-116.7873
CA	San Dimas	34.108	-117.8085
CA	San Fernando	34.2887	-118.4362
CA	San Francisco	37.7272	-123.0322
CA	San Gabriel	34.0946	-118.0985
CA	San Geronimo	38.0067	-122.6633
CA	San Jacinto	33.7989	-116.9959
CA	San Joaquin	36.6056	-120.1899
CA	San Jose	37.296	-121.8146
CA	San Juan Bautista	36.8451	-121.5369
CA	San Juan Capistrano	33.5009	-117.6544
CA	San Leandro	37.7034	-122.163
CA	San Lorenzo	37.6759	-122.136
CA	San Lucas	36.1283	-121.0217
CA	San Luis Obispo	35.2662	-120.6684
CA	San Marcos	33.1326	-117.1699
CA	San Marino	34.1227	-118.1129
CA	San Martin	37.0829	-121.5963
CA	San Mateo	37.5603	-122.3106
CA	San Miguel	35.7534	-120.6924
CA	San Pablo	37.9629	-122.3426
CA	San Pasqual	34.1392	-118.1025
CA	San Rafael	37.981	-122.5069
CA	San Ramon	37.7653	-121.932
CA	San Simeon	35.6182	-121.1374
CA	Sand City	36.6218	-121.8477
CA	Sanger	36.699	-119.5575
CA	Santa Ana	33.7363	-117.8829
CA	Santa Barbara	34.4036	-119.7137
CA	Santa Clara	37.3646	-121.968
CA	Santa Clarita	34.4165	-118.5007
CA	Santa Cruz	36.9744	-122.0353
CA	Santa Fe Springs	33.9336	-118.0626
CA	Santa Margarita	35.3894	-120.6082
CA	Santa Maria	34.9331	-120.4436
CA	Santa Monica	34.0109	-118.4982
CA	Santa Nella	37.1012	-121.0157
CA	Santa Paula	34.3549	-119.0663
CA	Santa Rosa	38.4458	-122.7062
CA	Santa Rosa Valley	34.2459	-118.9018
CA	Santa Susana	34.2586	-118.6643
CA	Santa Venetia	38.0055	-122.5028
CA	Santa Ynez	34.6175	-120.0964
CA	Santee	32.855	-116.9861
CA	Saranap	37.8878	-122.0761
CA	Saratoga	37.2683	-122.0262
CA	Saticoy	34.2825	-119.1428
CA	Sattley	39.6299	-120.4373
CA	Sausalito	37.8584	-122.4918
CA	Scotia	40.4788	-124.1047
CA	Scotts Valley	37.0555	-122.0118
CA	Sea Ranch	38.7253	-123.4583
CA	Seacliff	36.9773	-121.9186
CA	Seal Beach	33.7544	-118.0713
CA	Searles Valley	35.77	-117.3967
CA	Seaside	36.6251	-121.8178
CA	Sebastopol	38.4	-122.8276
CA	Seeley	32.7905	-115.685
CA	Selma	36.5717	-119.6139
CA	Sequoia Crest	36.1859	-118.6256
CA	Sereno del Mar	38.3837	-123.0731
CA	Seville	36.4835	-119.2259
CA	Shafter	35.4794	-119.2013
CA	Shandon	35.6536	-120.3831
CA	Shasta	40.592	-122.4779
CA	Shasta Lake	40.6766	-122.3809
CA	Shaver Lake	37.0992	-119.3257
CA	Sheep Ranch	38.2074	-120.4602
CA	Shell Ridge	37.9059	-122.0344
CA	Shelter Cove	40.039	-124.0558
CA	Sheridan	38.9731	-121.3509
CA	Shingle Springs	38.6659	-120.9362
CA	Shingletown	40.5061	-121.8557
CA	Shoshone	35.9672	-116.3088
CA	Sierra Brooks	39.6426	-120.2154
CA	Sierra City	39.5727	-120.6276
CA	Sierra Madre	34.1688	-118.0502
CA	Sierra Village	38.0756	-120.1593
CA	Sierraville	39.5822	-120.3621
CA	Signal Hill	33.8035	-118.1697
CA	Silver City	36.4663	-118.6495
CA	Silver Lakes	34.7478	-117.345
CA	Silverado	33.7482	-117.6285
CA	Silverado Resort	38.3563	-122.2563
CA	Simi Valley	34.2669	-118.7485
CA	Sisquoc	34.8618	-120.2944
CA	Sky Valley	33.8912	-116.355
CA	Sleepy Hollow	38.012	-122.5877
CA	Smartsville	39.2053	-121.2929
CA	Smith Corner	35.4788	-119.2771
CA	Smith River	41.9238	-124.1478
CA	Snelling	37.5245	-120.4363
CA	Soda Bay	39.0024	-122.7795
CA	Soda Springs	39.3248	-120.3787
CA	Solana Beach	32.9913	-117.2581
CA	Soledad	36.4345	-121.3178
CA	Solvang	34.5938	-120.1397
CA	Somis	34.2653	-118.9984
CA	Sonoma	38.2903	-122.4598
CA	Sonoma State University	38.3406	-122.6729
CA	Sonora	37.9817	-120.3828
CA	Soquel	36.9978	-121.9482
CA	Soulsbyville	37.9913	-120.2628
CA	South Dos Palos	36.9707	-120.6467
CA	South El Monte	34.0504	-118.0484
CA	South Gate	33.9442	-118.1928
CA	South Lake Tahoe	38.9282	-119.981
CA	South Monrovia Island	34.1234	-117.9959
CA	South Oroville	39.4766	-121.5439
CA	South Pasadena	34.109	-118.1566
CA	South San Francisco	37.6551	-122.3762
CA	South San Gabriel	34.0478	-118.0957
CA	South San Jose Hills	34.0123	-117.9044
CA	South Taft	35.1293	-119.4575
CA	South Whittier	33.9331	-118.0308
CA	Spaulding	40.6557	-120.7863
CA	Spreckels	36.6247	-121.6465
CA	Spring Garden	39.892	-120.7866
CA	Spring Valley	32.7299	-116.9764
CA	Spring Valley Lake	34.4968	-117.2676
CA	Springville	36.1209	-118.8228
CA	Squaw Valley	36.7191	-119.2027
CA	Squirrel Mountain Valley	35.6175	-118.4047
CA	St. Helena	38.5128	-122.4681
CA	Stallion Springs	35.092	-118.6576
CA	Stanford	37.4269	-122.1677
CA	Stanton	33.8002	-117.9934
CA	Stebbins	35.4057	-119.3142
CA	Stevenson Ranch	34.3877	-118.5844
CA	Stevinson	37.3247	-120.8497
CA	Stinson Beach	37.9025	-122.6501
CA	Stirling City	39.905	-121.5373
CA	Stockton	37.9772	-121.3089
CA	Stones Landing	40.6915	-120.7346
CA	Stonyford	39.3695	-122.5438
CA	Stratford	36.1885	-119.8222
CA	Strathmore	36.1461	-119.0643
CA	Strawberry	37.8912	-122.5092
CA	Sugarloaf Saw Mill	35.8343	-118.6165
CA	Sugarloaf Village	35.8269	-118.6354
CA	Suisun City	38.2483	-122.0101
CA	Sultana	36.5455	-119.3377
CA	Summerland	34.4172	-119.5875
CA	Sun Village	34.5595	-117.9568
CA	Sunny Slopes	37.5694	-118.6758
CA	Sunnyside	36.7294	-119.6945
CA	Sunnyside-Tahoe City	39.1483	-120.1709
CA	Sunnyvale	37.3858	-122.0263
CA	Sunol	37.5859	-121.8805
CA	Susanville	40.4337	-120.6283
CA	Sutter	39.1556	-121.7493
CA	Sutter Creek	38.3924	-120.799
CA	Swall Meadows	37.5061	-118.6427
CA	Taft	35.1267	-119.4242
CA	Taft Heights	35.1337	-119.4711
CA	Taft Mosswood	37.912	-121.2822
CA	Tahoe Vista	39.2468	-120.0586
CA	Tahoma	39.0582	-120.1421
CA	Talmage	39.1312	-123.1638
CA	Tamalpais-Homestead Valley	37.8791	-122.5379
CA	Tancred	38.7619	-122.1547
CA	Tara Hills	37.9938	-122.3188
CA	Tarina	35.3807	-118.8171
CA	Tarpey Village	36.794	-119.7012
CA	Taylorsville	40.0587	-120.8387
CA	Tecopa	35.8206	-116.2051
CA	Tehachapi	35.143	-118.446
CA	Tehama	40.0218	-122.1269
CA	Temecula	33.4931	-117.1317
CA	Temelec	38.2578	-122.4982
CA	Temescal Valley	33.758	-117.4672
CA	Temple City	34.1022	-118.058
CA	Templeton	35.556	-120.7182
CA	Tennant	41.5789	-121.9175
CA	Terminous	38.1153	-121.4896
CA	Terra Bella	35.96	-119.0385
CA	Teviston	35.9289	-119.2783
CA	Thermal	33.6262	-116.1308
CA	Thermalito	39.5089	-121.6011
CA	Thornton	38.2297	-121.4261
CA	Thousand Oaks	34.1933	-118.8742
CA	Thousand Palms	33.815	-116.3545
CA	Three Rivers	36.44	-118.8803
CA	Three Rocks	36.5051	-120.3935
CA	Tiburon	37.8868	-122.4626
CA	Timber Cove	38.5411	-123.2588
CA	Tipton	36.0572	-119.3135
CA	Tobin	39.9358	-121.2965
CA	Tomales	38.247	-122.9054
CA	Tonyville	36.2474	-119.0904
CA	Tooleville	36.2878	-119.1154
CA	Topanga	34.0968	-118.606
CA	Topaz	38.6381	-119.5018
CA	Toro Canyon	34.423	-119.5607
CA	Torrance	33.8305	-118.3566
CA	Trabuco Canyon	33.6782	-117.594
CA	Tracy	37.7274	-121.4522
CA	Tranquillity	36.648	-120.2525
CA	Traver	36.4541	-119.4837
CA	Tres Pinos	36.7904	-121.3106
CA	Trinidad	41.0577	-124.1433
CA	Trinity Center	40.9841	-122.7083
CA	Trinity Village	40.8789	-123.5132
CA	Trona	35.8158	-117.3473
CA	Trowbridge	38.9264	-121.5148
CA	Truckee	39.3505	-120.1939
CA	Tulare	36.1994	-119.3419
CA	Tulelake	41.9535	-121.4749
CA	Tuolumne City	37.9627	-120.242
CA	Tupman	35.2987	-119.3577
CA	Turlock	37.5055	-120.8593
CA	Tustin	33.7309	-117.8106
CA	Tuttle	37.2965	-120.3789
CA	Tuttletown	38.0104	-120.4412
CA	Twain	40.0355	-121.0404
CA	Twain Harte	38.0369	-120.2339
CA	Twentynine Palms	34.1478	-116.066
CA	Twin Lakes	38.1629	-119.3411
CA	Ukiah	39.1466	-123.2103
CA	Union City	37.6028	-122.0188
CA	University of California-Davis	38.5377	-121.7579
CA	University of California-Merced	37.3641	-120.4188
CA	University of California-Santa Barbara	34.4178	-119.8467
CA	Upland	34.1161	-117.6599
CA	Upper Lake	39.1651	-122.9052
CA	Vacaville	38.3586	-121.9686
CA	Val Verde	34.4504	-118.6718
CA	Valinda	34.04	-117.9301
CA	Valle Vista	33.7434	-116.8888
CA	Vallecito	38.0832	-120.4683
CA	Vallejo	38.1069	-122.2623
CA	Valley Acres	35.2087	-119.4107
CA	Valley Center	33.233	-117.0158
CA	Valley Ford	38.3246	-122.9147
CA	Valley Home	37.8272	-120.9143
CA	Valley Ranch	39.7403	-120.5649
CA	Valley Springs	38.1894	-120.8253
CA	Valley Wells	35.8807	-117.3357
CA	Vandenberg AFB	34.728	-120.5065
CA	Vandenberg Village	34.7117	-120.4619
CA	Verdi	39.527	-120.0234
CA	Vernon	34.0011	-118.2109
CA	Victor	38.1385	-121.1988
CA	Victorville	34.5277	-117.3536
CA	View Park-Windsor Hills	33.9945	-118.3478
CA	Villa Park	33.818	-117.8113
CA	Vina	39.9342	-122.0517
CA	Vincent	34.0983	-117.9238
CA	Vine Hill	38.0071	-122.0873
CA	Vineyard	38.474	-121.324
CA	Virginia Lakes	38.0435	-119.2599
CA	Visalia	36.328	-119.3285
CA	Vista	33.1897	-117.2386
CA	Vista Santa Rosa	33.6215	-116.2088
CA	Volcano	38.4506	-120.6218
CA	Volta	37.0824	-120.9145
CA	Walker	38.5185	-119.4731
CA	Wallace	38.1998	-120.9642
CA	Walnut	34.0372	-117.8556
CA	Walnut Creek	37.9027	-122.0405
CA	Walnut Grove	38.2506	-121.535
CA	Walnut Park	33.9682	-118.2219
CA	Warm Springs	33.7067	-117.3343
CA	Warner Valley	40.4044	-121.3406
CA	Wasco	35.5938	-119.3671
CA	Washington	39.3592	-120.7905
CA	Waterford	37.6427	-120.7542
CA	Waterloo	38.0365	-121.1846
CA	Watsonville	36.9236	-121.7724
CA	Waukena	36.1391	-119.511
CA	Wautec	41.3543	-123.8623
CA	Wawona	37.5447	-119.6387
CA	Weaverville	40.7407	-122.929
CA	Weed	41.4121	-122.381
CA	Weedpatch	35.2359	-118.9096
CA	Weitchpec	41.1946	-123.6888
CA	Weldon	35.6441	-118.3091
CA	Weott	40.3228	-123.9206
CA	West Athens	33.9235	-118.3033
CA	West Bishop	37.3628	-118.475
CA	West Carson	33.8231	-118.2937
CA	West Covina	34.0559	-117.9099
CA	West Goshen	36.3492	-119.4574
CA	West Hollywood	34.0883	-118.3718
CA	West Menlo Park	37.4338	-122.2034
CA	West Modesto	37.6175	-121.0328
CA	West Park	36.7055	-119.8515
CA	West Point	38.4068	-120.5426
CA	West Puente Valley	34.0523	-117.9667
CA	West Rancho Dominguez	33.9043	-118.2678
CA	West Sacramento	38.5544	-121.5487
CA	West Whittier-Los Nietos	33.976	-118.0689
CA	Westhaven-Moonstone	41.0361	-124.0908
CA	Westlake Village	34.1367	-118.8174
CA	Westley	37.5469	-121.2009
CA	Westminster	33.7523	-117.9939
CA	Westmont	33.9417	-118.3018
CA	Westmorland	33.039	-115.6224
CA	Westside	36.4042	-120.1343
CA	Westwood	40.3052	-121.0035
CA	Wheatland	39.0312	-121.39
CA	Whitehawk	39.7206	-120.5536
CA	Whitewater	33.9356	-116.6872
CA	Whitley Gardens	35.6563	-120.5081
CA	Whitmore	40.6125	-121.9359
CA	Whittier	33.9668	-118.0201
CA	Wildomar	33.6173	-117.2583
CA	Wilkerson	37.2773	-118.3916
CA	Williams	39.1498	-122.139
CA	Williams Canyon	33.7289	-117.6394
CA	Willits	39.405	-123.3489
CA	Willow Creek	40.9393	-123.6411
CA	Willowbrook	33.9208	-118.2369
CA	Willows	39.5148	-122.1992
CA	Wilseyville	38.3765	-120.4868
CA	Wilsonia	36.7346	-118.9558
CA	Wilton	38.413	-121.2127
CA	Winchester	33.7146	-117.0774
CA	Windsor	38.5421	-122.8086
CA	Winter Gardens	32.8375	-116.9266
CA	Winterhaven	32.7372	-114.6378
CA	Winters	38.5333	-121.9755
CA	Winton	37.3854	-120.6174
CA	Wofford Heights	35.715	-118.4727
CA	Woodacre	38.0052	-122.6383
CA	Woodbridge	38.1721	-121.3089
CA	Woodcrest	33.8789	-117.3687
CA	Woodlake	36.4128	-119.1007
CA	Woodland	38.6712	-121.75
CA	Woodlands	35.0289	-120.5524
CA	Woodside	37.4222	-122.2586
CA	Woodville	36.0927	-119.2012
CA	Woodville Farm Labor Camp	36.0832	-119.1479
CA	Woody	35.7081	-118.8144
CA	Wrightwood	34.346	-117.6276
CA	Yankee Hill	39.7007	-121.5147
CA	Yermo	34.9067	-116.8233
CA	Yettem	36.4857	-119.2557
CA	Yolo	38.7405	-121.8093
CA	Yorba Linda	33.889	-117.7721
CA	Yosemite Lakes	37.1854	-119.7721
CA	Yosemite Valley	37.7425	-119.5776
CA	Yosemite West	37.6482	-119.7182
CA	Yountville	38.3935	-122.3655
CA	Yreka	41.724	-122.6316
CA	Yuba City	39.1298	-121.6415
CA	Yucaipa	34.0336	-117.0429
CA	Yucca Valley	34.1233	-116.4216
CA	Zayante	37.0892	-122.0409
CO	Acres Green	39.5557	-104.8958
CO	Aetna Estates	39.7381	-104.6732
CO	Aguilar	37.4036	-104.655
CO	Air Force Academy	38.9942	-104.8639
CO	Akron	40.1635	-103.2203
CO	Alamosa	37.4745	-105.877
CO	Alamosa East	37.4767	-105.8397
CO	Allenspark	40.2313	-105.518
CO	Alma	39.2861	-106.0689
CO	Alpine	37.6878	-106.5861
CO	Altona	40.1219	-105.2962
CO	Amherst	40.6832	-102.1726
CO	Antonito	37.0762	-106.0103
CO	Applewood	39.7475	-105.173
CO	Arapahoe	38.8529	-102.1789
CO	Arboles	37.0209	-107.4217
CO	Aristocrat Ranchettes	40.1085	-104.7606
CO	Arriba	39.2843	-103.274
CO	Arvada	39.8337	-105.1503
CO	Aspen	39.1952	-106.8368
CO	Aspen Park	39.5427	-105.2963
CO	Atwood	40.5505	-103.2746
CO	Ault	40.5892	-104.7394
CO	Aurora	39.7036	-104.7201
CO	Avon	39.6419	-106.5158
CO	Avondale	38.2352	-104.3482
CO	Bark Ranch	40.1178	-105.4407
CO	Basalt	39.3686	-107.0488
CO	Battlement Mesa	39.4528	-108.0039
CO	Bayfield	37.2341	-107.5952
CO	Bennett	39.7417	-104.4287
CO	Berkley	39.8066	-105.0288
CO	Berthoud	40.2847	-104.9655
CO	Bethune	39.3038	-102.4234
CO	Beulah Valley	38.0727	-104.9817
CO	Black Forest	39.0636	-104.6796
CO	Black Hawk	39.8017	-105.4933
CO	Blanca	37.4393	-105.5135
CO	Blende	38.2498	-104.5687
CO	Blue River	39.4485	-106.0368
CO	Blue Sky	40.3001	-103.8055
CO	Blue Valley	39.6997	-105.4921
CO	Bonanza	38.2966	-106.1419
CO	Bonanza Mountain Estates	39.9769	-105.4796
CO	Boone	38.2506	-104.261
CO	Boulder	40.0244	-105.2513
CO	Bow Mar	39.6266	-105.0509
CO	Brandon	38.4464	-102.4412
CO	Branson	37.0155	-103.8838
CO	Breckenridge	39.4995	-106.0432
CO	Brick Center	39.5912	-104.4608
CO	Briggsdale	40.636	-104.3243
CO	Brighton	39.9657	-104.7942
CO	Brook Forest	39.5739	-105.3944
CO	Brookside	38.4135	-105.1909
CO	Broomfield	39.9536	-105.0508
CO	Brush	40.2593	-103.6363
CO	Buena Vista	38.832	-106.1387
CO	Burlington	39.3042	-102.2715
CO	Byers	39.7094	-104.2128
CO	Calhan	39.0344	-104.2993
CO	Campo	37.1047	-102.5788
CO	Capulin	37.2819	-106.1049
CO	Carbonate	39.7465	-107.3401
CO	Carbondale	39.3956	-107.215
CO	Cascade-Chipita Park	38.9474	-104.9981
CO	Castle Pines	39.4625	-104.8706
CO	Castle Pines Village	39.4418	-104.897
CO	Castle Rock	39.3762	-104.8529
CO	Cathedral	38.0836	-107.0307
CO	Catherine	39.4038	-107.145
CO	Cattle Creek	39.4666	-107.2599
CO	CaÃ±on City	38.4419	-105.2209
CO	Cedaredge	38.8941	-107.9255
CO	Centennial	39.5909	-104.8638
CO	Center	37.7512	-106.1106
CO	Central	39.7928	-105.5143
CO	Chacra	39.5784	-107.4549
CO	Cheraw	38.1077	-103.511
CO	Cherry Creek	39.6095	-104.8645
CO	Cherry Hills Village	39.6374	-104.9475
CO	Cheyenne Wells	38.8192	-102.352
CO	Cimarron Hills	38.8593	-104.7002
CO	City of Creede	37.8486	-106.9251
CO	Clifton	39.0767	-108.4605
CO	Coal Creek	39.9047	-105.3721
CO	Coaldale	38.3557	-105.8131
CO	Cokedale	37.1442	-104.6216
CO	Collbran	39.24	-107.9635
CO	Colona	38.3275	-107.7793
CO	Colorado City	37.9394	-104.8431
CO	Colorado Springs	38.8673	-104.7607
CO	Columbine	39.5886	-105.0692
CO	Columbine Valley	39.5996	-105.0309
CO	Comanche Creek	39.6061	-104.3358
CO	Commerce City	39.8828	-104.7949
CO	Conejos	37.0873	-106.016
CO	Cope	39.6642	-102.8451
CO	Copper Mountain	39.4769	-106.2011
CO	Cortez	37.3498	-108.5767
CO	Cotopaxi	38.3728	-105.6855
CO	Craig	40.5171	-107.5554
CO	Crawford	38.705	-107.6096
CO	Crested Butte	38.8678	-106.9773
CO	Crestone	37.9945	-105.6962
CO	Cripple Creek	38.7466	-105.185
CO	Crisman	40.0434	-105.3724
CO	Crook	40.8588	-102.8014
CO	Crowley	38.1935	-103.8597
CO	Dacono	40.0635	-104.9468
CO	Dakota Ridge	39.6192	-105.1351
CO	De Beque	39.31	-108.205
CO	Deer Trail	39.617	-104.0439
CO	Del Norte	37.678	-106.353
CO	Delta	38.7574	-108.088
CO	Denver	39.7619	-104.8811
CO	Derby	39.8408	-104.9163
CO	Dillon	39.6259	-106.0437
CO	Dinosaur	40.2399	-109.0068
CO	Divide	38.945	-105.1619
CO	Dolores	37.4746	-108.4994
CO	Dotsero	39.6476	-107.0499
CO	Dove Creek	37.7668	-108.9072
CO	Dove Valley	39.5749	-104.8324
CO	Downieville-Lawson-Dumont	39.7666	-105.6067
CO	Durango	37.2654	-107.8782
CO	Eads	38.4816	-102.7798
CO	Eagle	39.6432	-106.8213
CO	East Pleasant View	39.7277	-105.1572
CO	Eaton	40.5257	-104.713
CO	Echo Hills	39.6747	-105.4134
CO	Eckley	40.1124	-102.4883
CO	Edgewater	39.7508	-105.0626
CO	Edwards	39.6118	-106.6197
CO	El Jebel	39.407	-107.0942
CO	El Moro	37.2466	-104.4531
CO	Elbert	39.2189	-104.5404
CO	Eldora	39.9583	-105.585
CO	Eldorado Springs	39.9393	-105.2491
CO	Elizabeth	39.3653	-104.6039
CO	Ellicott	38.8256	-104.3829
CO	Empire	39.7594	-105.6817
CO	Englewood	39.647	-104.9945
CO	Erie	40.0403	-105.0383
CO	Estes Park	40.367	-105.5339
CO	Evans	40.3502	-104.7484
CO	Evergreen	39.6356	-105.3381
CO	Fairmount	39.7926	-105.1712
CO	Fairplay	39.2243	-105.9984
CO	Federal Heights	39.865	-105.0153
CO	Firestone	40.1557	-104.9486
CO	Flagler	39.2966	-103.0646
CO	Fleming	40.6821	-102.8396
CO	Florence	38.3796	-105.1002
CO	Florissant	38.9446	-105.2899
CO	Floyd Hill	39.7197	-105.4349
CO	Fort Carson	38.6874	-104.7489
CO	Fort Collins	40.5482	-105.0648
CO	Fort Garland	37.4279	-105.435
CO	Fort Lupton	40.0828	-104.8055
CO	Fort Morgan	40.253	-103.7887
CO	Fountain	38.689	-104.6806
CO	Four Square Mile	39.6807	-104.8879
CO	Fowler	38.1306	-104.0261
CO	Foxfield	39.5881	-104.7857
CO	Franktown	39.39	-104.7424
CO	Fraser	39.9233	-105.8053
CO	Frederick	40.1059	-104.9745
CO	Frisco	39.5785	-106.091
CO	Fruita	39.1556	-108.7296
CO	Fruitvale	39.0933	-108.4788
CO	Fulford	39.5185	-106.6587
CO	Garden City	40.3946	-104.6895
CO	Gardner	37.7889	-105.1645
CO	Garfield	38.5493	-106.2893
CO	Genesee	39.6879	-105.2712
CO	Genoa	39.2782	-103.4987
CO	Georgetown	39.7179	-105.6945
CO	Gerrard	37.6783	-106.5752
CO	Gilcrest	40.2842	-104.782
CO	Glendale	40.0869	-105.3715
CO	Gleneagle	39.0399	-104.8254
CO	Glenwood Springs	39.5471	-107.3426
CO	Gold Hill	40.0597	-105.4189
CO	Golden	39.7425	-105.2106
CO	Goldfield	38.7176	-105.1253
CO	Granada	38.063	-102.3116
CO	Granby	40.0648	-105.9194
CO	Grand Junction	39.0891	-108.5675
CO	Grand Lake	40.2559	-105.8289
CO	Grand View Estates	39.543	-104.8226
CO	Greeley	40.414	-104.771
CO	Green Mountain Falls	38.935	-105.0197
CO	Greenwood Village	39.6159	-104.9117
CO	Grover	40.8691	-104.2259
CO	Guffey	38.7607	-105.5098
CO	Gunbarrel	40.0632	-105.1717
CO	Gunnison	38.548	-106.9246
CO	Gypsum	39.6202	-106.9564
CO	Hartman	38.1211	-102.2216
CO	Hartsel	39.0226	-105.8006
CO	Hasty	38.1023	-102.9697
CO	Haswell	38.4525	-103.165
CO	Haxtun	40.6419	-102.6297
CO	Hayden	40.4922	-107.2643
CO	Heeney	39.874	-106.3042
CO	Hidden Lake	40.1052	-105.4776
CO	Highlands Ranch	39.5408	-104.9711
CO	Hillrose	40.3245	-103.5222
CO	Hoehne	37.2814	-104.3891
CO	Holly	38.0556	-102.1246
CO	Holly Hills	39.6677	-104.9216
CO	Holyoke	40.5821	-102.2972
CO	Hooper	37.746	-105.8777
CO	Hot Sulphur Springs	40.0749	-106.1032
CO	Hotchkiss	38.799	-107.7134
CO	Howard	38.4098	-105.8424
CO	Hudson	40.0917	-104.5937
CO	Hugo	39.1362	-103.4731
CO	Idaho Springs	39.7493	-105.5038
CO	Idalia	39.703	-102.294
CO	Idledale	39.6689	-105.2432
CO	Ignacio	37.118	-107.6376
CO	Iliff	40.7592	-103.0661
CO	Indian Hills	39.6299	-105.2475
CO	Inverness	39.5758	-104.8654
CO	Jackson Lake	40.3701	-104.0592
CO	Jamestown	40.123	-105.3931
CO	Jansen	37.1582	-104.5501
CO	Joes	39.6596	-102.6785
CO	Johnson Village	38.8119	-106.1071
CO	Johnstown	40.3072	-104.9112
CO	Julesburg	40.9849	-102.2627
CO	Keenesburg	40.1552	-104.5634
CO	Ken Caryl	39.5767	-105.1137
CO	Kersey	40.3956	-104.5783
CO	Keystone	39.5739	-105.9347
CO	Kim	37.2471	-103.3534
CO	Kiowa	39.3437	-104.4579
CO	Kirk	39.6145	-102.5914
CO	Kit Carson	38.7628	-102.7955
CO	Kittredge	39.6594	-105.3049
CO	Kremmling	40.0565	-106.3782
CO	La Jara	37.2735	-105.9597
CO	La Junta	37.9794	-103.5473
CO	La Junta Gardens	38.0013	-103.5549
CO	La Salle	40.3486	-104.7061
CO	La Veta	37.5086	-105.0085
CO	Lafayette	39.9948	-105.0997
CO	Laird	40.0818	-102.1019
CO	Lake City	38.0216	-107.3107
CO	Lakeside	39.7791	-105.0578
CO	Lakewood	39.6989	-105.1176
CO	Lamar	38.076	-102.6147
CO	Laporte	40.6377	-105.1436
CO	Larkspur	39.2296	-104.8857
CO	Las Animas	38.0697	-103.2232
CO	Lazear	38.7788	-107.7804
CO	Lazy Acres	40.0856	-105.3344
CO	Leadville	39.2473	-106.2935
CO	Leadville North	39.26	-106.3113
CO	Lewis	37.5017	-108.6601
CO	Leyner	40.0511	-105.1074
CO	Limon	39.2651	-103.6859
CO	Lincoln Park	38.4252	-105.2131
CO	Littleton	39.5904	-105.0201
CO	Lochbuie	40.0091	-104.7265
CO	Log Lane Village	40.2697	-103.829
CO	Loghill Village	38.1994	-107.7753
CO	Loma	39.2075	-108.805
CO	Lone Tree	39.5309	-104.871
CO	Longmont	40.1699	-105.1018
CO	Louisville	39.9696	-105.1433
CO	Louviers	39.4799	-105.0033
CO	Loveland	40.4169	-105.0631
CO	Lynn	37.4219	-104.6431
CO	Lyons	40.2231	-105.2687
CO	Manassa	37.1738	-105.9373
CO	Mancos	37.3466	-108.2938
CO	Manitou Springs	38.8575	-104.9129
CO	Manzanola	38.1088	-103.8668
CO	Marble	39.0717	-107.1907
CO	Marvel	37.1112	-108.1263
CO	Matheson	39.1683	-103.977
CO	Maybell	40.5188	-108.0885
CO	Maysville	38.526	-106.2194
CO	McClave	38.1315	-102.8504
CO	McCoy	39.9144	-106.7257
CO	Mead	40.227	-104.9883
CO	Meeker	40.05	-107.8946
CO	Meridian	39.5457	-104.8533
CO	Meridian Village	39.5281	-104.8258
CO	Merino	40.4837	-103.3537
CO	Midland	38.8463	-105.1521
CO	Milliken	40.3105	-104.8584
CO	Minturn	39.5357	-106.3818
CO	Moffat	38.0057	-105.9101
CO	Monte Vista	37.5785	-106.1499
CO	Montezuma	39.5815	-105.8676
CO	Montrose	38.4688	-107.8589
CO	Monument	39.0744	-104.8442
CO	Morgan Heights	40.2875	-103.8274
CO	Morrison	39.6364	-105.206
CO	Mount Crested Butte	38.9083	-106.9606
CO	Mountain Meadows	40.027	-105.3831
CO	Mountain View	39.7748	-105.0567
CO	Mountain Village	37.9324	-107.8577
CO	Mulford	39.4064	-107.166
CO	Nathrop	38.7487	-106.0764
CO	Naturita	38.2183	-108.5666
CO	Nederland	39.9638	-105.5059
CO	New Castle	39.5776	-107.5265
CO	Niwot	40.0976	-105.1583
CO	No Name	39.5597	-107.2928
CO	Norrie	39.3281	-106.6563
CO	North La Junta	37.9996	-103.5232
CO	North Washington	39.8077	-104.98
CO	Northglenn	39.9116	-104.9821
CO	Norwood	38.1284	-108.2922
CO	Nucla	38.2667	-108.5487
CO	Nunn	40.7137	-104.7888
CO	Oak Creek	40.274	-106.9576
CO	Olathe	38.6084	-107.9833
CO	Olney Springs	38.1663	-103.9445
CO	Ophir	37.8568	-107.8312
CO	Orchard	40.332	-104.1178
CO	Orchard City	38.8181	-107.9673
CO	Orchard Mesa	39.0374	-108.5228
CO	Ordway	38.2209	-103.7567
CO	Otis	40.1501	-102.9621
CO	Ouray	38.0275	-107.6733
CO	Ovid	40.9608	-102.3883
CO	Padroni	40.7818	-103.1733
CO	Pagosa Springs	37.2634	-107.0036
CO	Palisade	39.1079	-108.3573
CO	Palmer Lake	39.1158	-104.9092
CO	Paoli	40.6128	-102.4718
CO	Paonia	38.8698	-107.5921
CO	Parachute	39.4468	-108.0521
CO	Paragon Estates	39.9808	-105.1852
CO	Park Center	38.4852	-105.2261
CO	Parker	39.5059	-104.7758
CO	Parshall	40.0556	-106.176
CO	Peetz	40.9618	-103.1138
CO	Penrose	38.4213	-105.0004
CO	Peoria	39.6533	-104.137
CO	Perry Park	39.2605	-104.9678
CO	Peyton	39.033	-104.4904
CO	Phippsburg	40.2301	-106.9508
CO	Piedra	37.4418	-107.1684
CO	Pierce	40.6476	-104.7801
CO	Pine Brook Hill	40.0384	-105.3075
CO	Pine Valley	39.6909	-105.4132
CO	Pitkin	38.6087	-106.5149
CO	Placerville	38.0053	-108.0398
CO	Platteville	40.2228	-104.8336
CO	Poncha Springs	38.5211	-106.0726
CO	Ponderosa Park	39.3987	-104.6352
CO	Portland	38.0892	-107.6952
CO	Pritchett	37.37	-102.8587
CO	Pueblo	38.2692	-104.6108
CO	Pueblo West	38.3158	-104.785
CO	Ramah	39.1214	-104.1673
CO	Rangely	40.087	-108.7833
CO	Raymer	40.608	-103.8436
CO	Red Cliff	39.5093	-106.3699
CO	Red Feather Lakes	40.8095	-105.579
CO	Redlands	39.085	-108.655
CO	Redstone	39.1803	-107.2383
CO	Redvale	38.1761	-108.4125
CO	Rico	37.6891	-108.0317
CO	Ridgway	38.1572	-107.7546
CO	Rifle	39.5376	-107.7703
CO	Rock Creek Park	38.7011	-104.8347
CO	Rockvale	38.3644	-105.1645
CO	Rocky Ford	38.0499	-103.7221
CO	Rollinsville	39.9232	-105.5135
CO	Romeo	37.1718	-105.9854
CO	Roxborough Park	39.4506	-105.0741
CO	Rye	37.9213	-104.9319
CO	Saddle Ridge	40.3131	-103.8023
CO	Saguache	38.0863	-106.1411
CO	Salida	38.5299	-105.9979
CO	Salt Creek	38.2407	-104.5866
CO	San Acacio	37.2086	-105.5666
CO	San Luis	37.2024	-105.4225
CO	Sanford	37.2574	-105.9008
CO	Sawpit	37.9947	-108.0021
CO	Security-Widefield	38.7511	-104.716
CO	Sedalia	39.4397	-104.9699
CO	Sedgwick	40.9355	-102.5256
CO	Segundo	37.1225	-104.7397
CO	Seibert	39.298	-102.8695
CO	Seven Hills	40.0337	-105.3307
CO	Severance	40.5051	-104.8421
CO	Shaw Heights	39.8575	-105.0391
CO	Sheridan	39.6478	-105.0175
CO	Sheridan Lake	38.4667	-102.2944
CO	Sherrelwood	39.8383	-105.0023
CO	Sierra Ridge	39.5286	-104.8172
CO	Silt	39.548	-107.6527
CO	Silver Cliff	38.1292	-105.3992
CO	Silver Plume	39.6954	-105.727
CO	Silverthorne	39.6599	-106.0891
CO	Silverton	37.8109	-107.6647
CO	Simla	39.1407	-104.0824
CO	Smeltertown	38.5523	-106.0084
CO	Snowmass Village	39.2169	-106.944
CO	Snyder	40.3308	-103.592
CO	Somerset	38.9288	-107.465
CO	South Fork	37.6692	-106.6429
CO	Southern Ute	37.0749	-107.5933
CO	Springfield	37.4049	-102.6189
CO	St. Ann Highlands	39.9873	-105.4558
CO	St. Mary's	39.8165	-105.6471
CO	Starkville	37.1168	-104.5233
CO	Steamboat Springs	40.4756	-106.8229
CO	Stepping Stone	39.5147	-104.8222
CO	Sterling	40.6205	-103.1926
CO	Sterling Ranch	39.4932	-105.0475
CO	Stonegate	39.5338	-104.7998
CO	Stonewall Gap	37.1605	-105.0342
CO	Strasburg	39.7207	-104.3182
CO	Stratmoor	38.772	-104.7778
CO	Stratton	39.3029	-102.6035
CO	Sugar City	38.2328	-103.6633
CO	Sugarloaf	40.0189	-105.4077
CO	Sunshine	40.0637	-105.3696
CO	Superior	39.9312	-105.1591
CO	Swink	38.0141	-103.6282
CO	Tabernash	39.9788	-105.844
CO	Tall Timber	40.0151	-105.3498
CO	Telluride	37.9402	-107.8182
CO	The Pinery	39.4484	-104.7495
CO	Thornton	39.9204	-104.9414
CO	Timnath	40.5332	-104.9645
CO	Todd Creek	39.9787	-104.8683
CO	Towaoc	37.2126	-108.7265
CO	Towner	38.4704	-102.0805
CO	Trail Side	40.249	-103.8432
CO	Trinidad	37.1732	-104.4903
CO	Twin Lakes	39.1037	-106.319
CO	Two Buttes	37.5607	-102.3966
CO	Upper Bear Creek	39.6269	-105.4097
CO	Upper Witter Gulch	39.6611	-105.4268
CO	Vail	39.6378	-106.3625
CO	Valdez	37.1258	-104.6729
CO	Valmont	40.0336	-105.2078
CO	Vernon	39.9396	-102.3069
CO	Victor	38.7087	-105.1419
CO	Vilas	37.3737	-102.4474
CO	Vineland	38.2447	-104.4599
CO	Vona	39.3021	-102.7434
CO	Walden	40.7316	-106.2813
CO	Walsenburg	37.6306	-104.7817
CO	Walsh	37.3861	-102.2799
CO	Ward	40.073	-105.5148
CO	Watkins	39.6984	-104.5772
CO	Welby	39.8402	-104.9655
CO	Weldona	40.3484	-103.9694
CO	Wellington	40.7007	-105.0057
CO	West Pleasant View	39.7319	-105.1784
CO	Westcliffe	38.1342	-105.4653
CO	Westcreek	39.1489	-105.1623
CO	Westminster	39.8801	-105.0615
CO	Weston	37.1459	-104.8683
CO	Wheat Ridge	39.7727	-105.1048
CO	Wiggins	40.2284	-104.0721
CO	Wiley	38.1548	-102.7189
CO	Williamsburg	38.384	-105.171
CO	Windsor	40.4783	-104.9151
CO	Winter Park	39.8785	-105.7828
CO	Wolcott	39.7036	-106.6793
CO	Woodland Park	38.9982	-105.059
CO	Woodmoor	39.1048	-104.8436
CO	Woody Creek	39.2709	-106.8883
CO	Wray	40.08	-102.2286
CO	Yampa	40.153	-106.9085
CO	Yuma	40.1225	-102.7156
CT	Ansonia	41.3442	-73.0698
CT	Ball Pond	41.4617	-73.5268
CT	Baltic	41.6097	-72.0819
CT	Bantam	41.7247	-73.2423
CT	Bethel	41.3603	-73.4139
CT	Bethlehem Village	41.644	-73.2028
CT	Bigelow Corners	41.465	-73.5082
CT	Blue Hills	41.8134	-72.6954
CT	Bogus Hill	41.5081	-73.463
CT	Botsford	41.3588	-73.2672
CT	Branchville	41.2678	-73.4434
CT	Branford Center	41.2777	-72.8161
CT	Bridgeport	41.1874	-73.1958
CT	Bridgewater	41.5348	-73.3646
CT	Bristol	41.6816	-72.9407
CT	Broad Brook	41.9112	-72.5411
CT	Brookfield Center	41.4624	-73.3875
CT	Brooklyn	41.7897	-71.9548
CT	Byram	41.0011	-73.6541
CT	Canaan	42.0401	-73.3329
CT	Candlewood Isle	41.4885	-73.4533
CT	Candlewood Knolls	41.4791	-73.4636
CT	Candlewood Lake Club	41.4931	-73.4368
CT	Candlewood Orchards	41.4716	-73.4373
CT	Candlewood Shores	41.4801	-73.438
CT	Cannondale	41.2162	-73.4253
CT	Canton Valley	41.8316	-72.8977
CT	Cheshire Village	41.5041	-72.8969
CT	Chester Center	41.403	-72.4569
CT	Chimney Point	41.5015	-73.4414
CT	Clinton	41.2764	-72.529
CT	Colchester	41.5776	-72.3327
CT	Coleytown	41.1769	-73.3434
CT	Collinsville	41.8222	-72.9245
CT	Compo	41.1228	-73.3515
CT	Conning Towers-Nautilus Park	41.3892	-72.0638
CT	Cornwall	41.8443	-73.3327
CT	Cornwall Bridge	41.8062	-73.3844
CT	Cos Cob	41.0486	-73.5919
CT	Coventry Lake	41.7792	-72.334
CT	Crystal Lake	41.933	-72.3813
CT	Danbury	41.3987	-73.4781
CT	Daniels Farm	41.2769	-73.2123
CT	Danielson	41.8071	-71.8844
CT	Darien Downtown	41.0767	-73.4697
CT	Dayville	41.8442	-71.8824
CT	Deep River Center	41.3789	-72.4405
CT	Derby	41.3261	-73.0826
CT	Dodgingtown	41.3798	-73.3524
CT	Durham	41.4689	-72.6845
CT	East Brooklyn	41.7921	-71.9064
CT	East Hampton	41.5738	-72.4849
CT	East Hartford	41.7607	-72.6076
CT	East Haven	41.2935	-72.859
CT	East Village	41.3604	-73.1865
CT	Essex Village	41.3566	-72.3935
CT	Fairfield University	41.159	-73.2571
CT	Falls Village	41.9576	-73.3562
CT	Fenwick	41.2711	-72.3546
CT	Gales Ferry	41.4217	-72.0845
CT	Gaylordsville	41.6417	-73.481
CT	Georgetown	41.242	-73.4357
CT	Glastonbury Center	41.7007	-72.5994
CT	Glenville	41.0352	-73.6642
CT	Greens Farms	41.1241	-73.3227
CT	Greenwich	41.0278	-73.6269
CT	Groton	41.3251	-72.0669
CT	Groton Long Point	41.3142	-72.0102
CT	Guilford Center	41.2805	-72.6762
CT	Hartford	41.7659	-72.6816
CT	Hawleyville	41.4289	-73.3504
CT	Hazardville	41.9909	-72.532
CT	Heritage Village	41.4859	-73.2333
CT	Higganum	41.4907	-72.5578
CT	Indian Field	41.0198	-73.608
CT	Inglenook	41.5231	-73.4735
CT	Jewett City	41.6072	-71.9798
CT	Kellogg Point	41.4682	-73.4599
CT	Kensington	41.6256	-72.7687
CT	Knollcrest	41.5012	-73.4669
CT	Lake Bungee	41.9565	-72.069
CT	Lake Chaffee	41.938	-72.197
CT	Lake Pocotopaug	41.602	-72.5018
CT	Lakes East	41.3307	-73.4925
CT	Lakes West	41.3363	-73.5119
CT	Lakeside Woods	41.5548	-73.484
CT	Lakeville	41.9621	-73.4433
CT	Litchfield	41.7457	-73.1892
CT	Long Hill	41.2666	-73.2284
CT	Lordship	41.153	-73.1142
CT	Madison Center	41.2802	-72.6023
CT	Mamanasco Lake	41.3182	-73.5298
CT	Manchester	41.7796	-72.5202
CT	Mansfield Center	41.7671	-72.1868
CT	Mashantucket	41.4645	-71.9748
CT	Mechanicsville	41.9506	-71.8854
CT	Meriden	41.5368	-72.7945
CT	Middletown	41.5486	-72.6568
CT	Milford	41.2236	-73.0646
CT	Mill Plain	41.1547	-73.2683
CT	Moodus	41.5019	-72.4355
CT	Moosup	41.717	-71.8752
CT	Murray	41.1974	-73.2895
CT	Mystic	41.356	-71.9559
CT	Naugatuck	41.4878	-73.0516
CT	New Britain	41.6766	-72.7862
CT	New Canaan	41.1417	-73.4901
CT	New Hartford Center	41.8809	-72.9728
CT	New Haven	41.3108	-72.925
CT	New London	41.333	-72.0962
CT	New Milford	41.5803	-73.4039
CT	New Preston	41.6913	-73.3344
CT	Newington	41.687	-72.7308
CT	Newtown	41.4119	-73.3119
CT	Niantic	41.3167	-72.1999
CT	Noank	41.3375	-71.9976
CT	Norfolk	41.9917	-73.194
CT	Noroton	41.0584	-73.4905
CT	Noroton Heights	41.0741	-73.4972
CT	North Granby	42.016	-72.8432
CT	North Grosvenor Dale	41.9862	-71.9033
CT	North Haven	41.3815	-72.8564
CT	Northford	41.3958	-72.7832
CT	Northwest Harwinton	41.7764	-73.0795
CT	Norwalk	41.0927	-73.4198
CT	Norwich	41.548	-72.0895
CT	Oakville	41.589	-73.0905
CT	Old Greenwich	41.0201	-73.5677
CT	Old Hill	41.1499	-73.3794
CT	Old Mystic	41.3836	-71.9862
CT	Old Saybrook Center	41.2866	-72.3582
CT	Orange	41.285	-73.0246
CT	Oronoque	41.2592	-73.1106
CT	Oxoboxo River	41.4449	-72.1269
CT	Pawcatuck	41.3739	-71.8564
CT	Pemberwick	41.0182	-73.6562
CT	Plainfield Village	41.6752	-71.9247
CT	Plantsville	41.5832	-72.8919
CT	Plattsville	41.2259	-73.2591
CT	Pleasant Valley	41.9083	-72.9923
CT	Poplar Plains	41.1689	-73.3782
CT	Poquonock Bridge	41.3364	-72.0123
CT	Portland	41.5775	-72.6198
CT	Putnam	41.9168	-71.9107
CT	Quasset Lake	41.9223	-71.9814
CT	Quinebaug	42.0115	-71.9261
CT	Quinnipiac University	41.4201	-72.8936
CT	Redding Center	41.3067	-73.383
CT	Ridgebury	41.3568	-73.5359
CT	Ridgefield	41.2697	-73.4926
CT	Riverside	41.0301	-73.5837
CT	Riverton	41.9631	-73.0166
CT	Rock Ridge	41.0344	-73.6484
CT	Rockville	41.8665	-72.4513
CT	Route 7 Gateway	41.3188	-73.4754
CT	Sacred Heart University	41.2215	-73.2442
CT	Sail Harbor	41.5242	-73.4642
CT	Salmon Brook	41.9575	-72.7919
CT	Sandy Hook	41.409	-73.2426
CT	Saugatuck	41.1121	-73.3688
CT	Saybrook Manor	41.2834	-72.4066
CT	Sharon	41.879	-73.4616
CT	Shelton	41.3046	-73.1392
CT	Sherman	41.5721	-73.4951
CT	Sherwood Manor	42.0112	-72.5674
CT	Simsbury Center	41.8806	-72.8067
CT	Somers	41.9917	-72.4451
CT	South Coventry	41.7568	-72.3017
CT	South Wilton	41.1723	-73.417
CT	South Windham	41.6842	-72.1825
CT	South Woodstock	41.9296	-71.9556
CT	Southport	41.1349	-73.2871
CT	Southwood Acres	41.9582	-72.5726
CT	Stafford Springs	41.9679	-72.3064
CT	Stamford	41.0796	-73.5461
CT	Staples	41.1554	-73.3256
CT	Stepney	41.3244	-73.2684
CT	Stonington	41.3348	-71.8995
CT	Storrs	41.8089	-72.2516
CT	Stratford Downtown	41.1988	-73.1277
CT	Suffield Depot	41.9852	-72.6393
CT	Tariffville	41.9076	-72.7682
CT	Tashua	41.275	-73.2544
CT	Taylor Corners	41.4464	-73.5287
CT	Terramuggus	41.6336	-72.4718
CT	Terryville	41.6778	-73.0079
CT	Thomaston	41.6768	-73.083
CT	Thompsonville	41.9921	-72.5965
CT	Tokeneke	41.0535	-73.4626
CT	Topstone	41.2963	-73.4466
CT	Torrington	41.8342	-73.1315
CT	Trumbull Center	41.2424	-73.1835
CT	Wallingford Center	41.4499	-72.8183
CT	Waterbury	41.5585	-73.0367
CT	Waterford	41.3463	-72.1293
CT	Watertown	41.6012	-73.1215
CT	Wauregan	41.7505	-71.9149
CT	Weatogue	41.8472	-72.8298
CT	West Cornwall	41.8642	-73.3608
CT	West Hartford	41.7666	-72.7549
CT	West Haven	41.2721	-72.9675
CT	West Mountain	41.3001	-73.5423
CT	West Simsbury	41.8757	-72.8451
CT	Westbrook Center	41.2814	-72.4423
CT	Weston	41.2032	-73.3788
CT	Westport Village	41.1434	-73.3603
CT	Wethersfield	41.7025	-72.6693
CT	Willimantic	41.7166	-72.2117
CT	Wilton Center	41.1913	-73.4262
CT	Windsor Locks	41.9278	-72.6516
CT	Winsted	41.9258	-73.0675
CT	Witches Woods	41.9464	-72.0742
CT	Woodbury Center	41.5439	-73.2049
CT	Woodmont	41.2216	-72.9951
DC	Washington	38.9042	-77.0165
DE	Arden	39.8113	-75.4885
DE	Ardencroft	39.8056	-75.4862
DE	Ardentown	39.8084	-75.481
DE	Bear	39.6189	-75.6808
DE	Bellefonte	39.7669	-75.4982
DE	Bethany Beach	38.5376	-75.0643
DE	Bethel	38.571	-75.6195
DE	Blades	38.6352	-75.6025
DE	Bowers	39.0622	-75.4029
DE	Bridgeville	38.7252	-75.6029
DE	Brookside	39.6662	-75.7066
DE	Camden	39.0992	-75.5569
DE	Cheswold	39.2188	-75.5882
DE	Claymont	39.8032	-75.4605
DE	Clayton	39.2741	-75.6315
DE	Dagsboro	38.5462	-75.2458
DE	Delaware City	39.5738	-75.5946
DE	Delmar	38.4725	-75.5439
DE	Dewey Beach	38.6957	-75.0752
DE	Dover	39.1606	-75.5217
DE	Dover Base Housing	39.1163	-75.483
DE	Edgemoor	39.7539	-75.5055
DE	Ellendale	38.8101	-75.4249
DE	Elsmere	39.7384	-75.5946
DE	Farmington	38.8699	-75.579
DE	Felton	39.0126	-75.5766
DE	Fenwick Island	38.4603	-75.0533
DE	Frankford	38.5216	-75.2342
DE	Frederica	39.008	-75.4666
DE	Georgetown	38.6895	-75.3872
DE	Glasgow	39.6015	-75.7473
DE	Greenville	39.7748	-75.604
DE	Greenwood	38.8072	-75.59
DE	Harrington	38.9241	-75.5718
DE	Hartly	39.1683	-75.7124
DE	Henlopen Acres	38.7256	-75.085
DE	Highland Acres	39.1163	-75.5183
DE	Hockessin	39.7839	-75.6807
DE	Houston	38.9173	-75.5039
DE	Kent Acres	39.1322	-75.5161
DE	Kenton	39.2274	-75.6647
DE	Laurel	38.5715	-75.5711
DE	Leipsic	39.2405	-75.5155
DE	Lewes	38.7786	-75.1437
DE	Lincoln	38.8678	-75.4225
DE	Little Creek	39.1659	-75.4481
DE	Long Neck	38.622	-75.1621
DE	Magnolia	39.0714	-75.476
DE	Middletown	39.4434	-75.7175
DE	Milford	38.9098	-75.4223
DE	Millsboro	38.5887	-75.3096
DE	Millville	38.537	-75.1294
DE	Milton	38.7751	-75.3099
DE	New Castle	39.67	-75.5665
DE	Newark	39.6776	-75.7575
DE	Newport	39.7144	-75.6043
DE	North Star	39.7525	-75.7349
DE	Ocean View	38.5265	-75.1097
DE	Odessa	39.4565	-75.6596
DE	Pike Creek	39.7487	-75.695
DE	Pike Creek Valley	39.7293	-75.6979
DE	Port Penn	39.5152	-75.5814
DE	Rehoboth Beach	38.7174	-75.0806
DE	Rising Sun-Lebanon	39.0999	-75.5063
DE	Riverview	39.0304	-75.5186
DE	Rodney Village	39.1283	-75.5397
DE	Seaford	38.6573	-75.6134
DE	Selbyville	38.4622	-75.2148
DE	Slaughter Beach	38.9183	-75.3133
DE	Smyrna	39.2953	-75.6087
DE	South Bethany	38.5163	-75.0581
DE	St. Georges	39.5591	-75.6487
DE	Townsend	39.4048	-75.6991
DE	Viola	39.0429	-75.5715
DE	Wilmington	39.7357	-75.5321
DE	Wilmington Manor	39.6858	-75.5849
DE	Woodside	39.0711	-75.5677
DE	Woodside East	39.0675	-75.5376
DE	Wyoming	39.1124	-75.5649
FL	Acacia Villas	26.6457	-80.1104
FL	Alachua	29.7652	-82.4751
FL	Alafaya	28.5284	-81.1857
FL	Alford	30.6966	-85.3957
FL	Allentown	30.7705	-87.0844
FL	Altamonte Springs	28.661	-81.3947
FL	Altha	30.5734	-85.1261
FL	Altoona	28.9687	-81.6481
FL	Alturas	27.8421	-81.6816
FL	Alva	26.7215	-81.6243
FL	Andrews	29.5496	-82.8883
FL	Anna Maria	27.5298	-82.7337
FL	Apalachicola	29.7274	-84.994
FL	Apollo Beach	27.763	-82.4033
FL	Apopka	28.7017	-81.5318
FL	Arcadia	27.2212	-81.8584
FL	Archer	29.5597	-82.5729
FL	Aripeka	28.4293	-82.6683
FL	Asbury Lake	30.049	-81.7876
FL	Astatula	28.7073	-81.7342
FL	Astor	29.1638	-81.5346
FL	Atlantic Beach	30.3396	-81.3967
FL	Atlantis	26.5972	-80.1041
FL	Auburndale	28.11	-81.7973
FL	Aucilla	30.477	-83.7604
FL	Avalon	30.5362	-87.1046
FL	Ave Maria	26.3228	-81.4394
FL	Aventura	25.9602	-80.133
FL	Avon Park	27.5897	-81.5073
FL	Azalea Park	28.5473	-81.2954
FL	Babson Park	27.8342	-81.5281
FL	Bagdad	30.5842	-87.0449
FL	Bal Harbour	25.8933	-80.1232
FL	Baldwin	30.3078	-81.9737
FL	Balm	27.753	-82.2895
FL	Bardmoor	27.8561	-82.7532
FL	Bartow	27.8868	-81.8218
FL	Bascom	30.9278	-85.1181
FL	Bay Harbor Islands	25.888	-80.1336
FL	Bay Hill	28.4624	-81.5148
FL	Bay Lake	28.3892	-81.5784
FL	Bay Pines	27.8163	-82.7777
FL	Bayonet Point	28.3265	-82.6834
FL	Bayport	28.5431	-82.644
FL	Bayshore Gardens	27.433	-82.5781
FL	Beacon Square	28.2112	-82.7508
FL	Bear Creek	27.7581	-82.7288
FL	Bee Ridge	27.2843	-82.4731
FL	Bell	29.7568	-82.862
FL	Bellair-Meadowbrook Terrace	30.1793	-81.7344
FL	Belle Glade	26.6922	-80.6656
FL	Belle Isle	28.4649	-81.3513
FL	Belleair	27.936	-82.8128
FL	Belleair Beach	27.9312	-82.8366
FL	Belleair Bluffs	27.9196	-82.8197
FL	Belleair Shore	27.9173	-82.8453
FL	Belleview	29.0606	-82.0559
FL	Bellview	30.4648	-87.3093
FL	Berkshire Lakes	26.1616	-81.7285
FL	Berrydale	30.897	-87.034
FL	Beverly Beach	29.5158	-81.1469
FL	Beverly Hills	28.9175	-82.4541
FL	Big Coppitt Key	24.5802	-81.6522
FL	Big Pine Key	24.6851	-81.3625
FL	Biscayne Park	25.8817	-80.1811
FL	Bithlo	28.5819	-81.0921
FL	Black Diamond	28.9067	-82.4946
FL	Black Hammock	28.706	-81.1773
FL	Bloomingdale	27.8767	-82.2614
FL	Blountstown	30.4428	-85.0454
FL	Boca Raton	26.3727	-80.1037
FL	Bokeelia	26.6814	-82.1416
FL	Bonifay	30.7813	-85.6888
FL	Bonita Springs	26.355	-81.7842
FL	Boulevard Gardens	26.1271	-80.1812
FL	Bowling Green	27.6378	-81.8248
FL	Boynton Beach	26.5283	-80.0807
FL	Bradenton	27.4898	-82.5768
FL	Bradenton Beach	27.4617	-82.6965
FL	Bradfordville	30.5706	-84.2042
FL	Bradley Junction	27.7946	-81.9782
FL	Brandon	27.936	-82.2993
FL	Branford	29.9623	-82.9243
FL	Brent	30.4719	-87.2507
FL	Briny Breezes	26.5089	-80.0522
FL	Bristol	30.4255	-84.9773
FL	Broadview Park	26.0987	-80.2085
FL	Bronson	29.4491	-82.6385
FL	Brooker	29.8876	-82.3327
FL	Brookridge	28.5481	-82.49
FL	Brooksville	28.5166	-82.4047
FL	Brownsdale	30.8942	-87.215
FL	Brownsville	25.8216	-80.2418
FL	Buckhead Ridge	27.1325	-80.8851
FL	Buckingham	26.6455	-81.7474
FL	Buenaventura Lakes	28.3334	-81.3522
FL	Bunnell	29.4187	-81.3195
FL	Burnt Store Marina	26.7671	-82.0514
FL	Bushnell	28.6869	-82.1144
FL	Butler Beach	29.7989	-81.2648
FL	Cabana Colony	26.8554	-80.0865
FL	Callahan	30.5654	-81.8319
FL	Callaway	30.1304	-85.5486
FL	Campbell	28.2593	-81.4508
FL	Campbellton	30.9579	-85.4086
FL	Canal Point	26.8626	-80.6222
FL	Cape Canaveral	28.3932	-80.6048
FL	Cape Coral	26.6432	-81.9974
FL	Capitola	30.4424	-84.0792
FL	Captiva	26.4976	-82.1872
FL	Carrabelle	29.8544	-84.6679
FL	Carrollwood	28.0582	-82.5158
FL	Caryville	30.7752	-85.8119
FL	Casselberry	28.6612	-81.3219
FL	Cedar Grove	30.181	-85.6267
FL	Cedar Key	29.1503	-83.0374
FL	Celebration	28.3103	-81.5511
FL	Center Hill	28.622	-82.015
FL	Century	30.9773	-87.2647
FL	Chaires	30.4442	-84.132
FL	Charleston Park	26.7055	-81.5807
FL	Charlotte Harbor	26.9615	-82.0593
FL	Charlotte Park	26.9044	-82.049
FL	Chattahoochee	30.6983	-84.8306
FL	Cheval	28.148	-82.5173
FL	Chiefland	29.4922	-82.8663
FL	Chipley	30.7756	-85.54
FL	Chokoloskee	25.8142	-81.3601
FL	Christmas	28.5556	-80.9902
FL	Chuluota	28.6403	-81.1184
FL	Chumuckla	30.7881	-87.226
FL	Cinco Bayou	30.4222	-86.6096
FL	Citrus Hills	28.8868	-82.4307
FL	Citrus Park	28.071	-82.5622
FL	Citrus Springs	28.9932	-82.4595
FL	Clarcona	28.6309	-81.5013
FL	Clearwater	27.9794	-82.7713
FL	Clermont	28.5333	-81.7202
FL	Cleveland	26.9517	-81.99
FL	Clewiston	26.7528	-80.9392
FL	Cloud Lake	26.6749	-80.0715
FL	Cobbtown	30.8797	-87.1289
FL	Cocoa	28.3766	-80.7633
FL	Cocoa Beach	28.3291	-80.6275
FL	Cocoa West	28.359	-80.7713
FL	Coconut Creek	26.2809	-80.1847
FL	Coleman	28.8028	-82.0708
FL	Combee Settlement	28.0601	-81.9042
FL	Connerton	28.3077	-82.4648
FL	Conway	28.4969	-81.333
FL	Cooper City	26.0481	-80.285
FL	Coral Gables	25.6831	-80.2617
FL	Coral Springs	26.2707	-80.2593
FL	Coral Terrace	25.7462	-80.3045
FL	Cortez	27.4677	-82.6687
FL	Cottondale	30.7897	-85.366
FL	Country Club	25.9395	-80.3092
FL	Country Walk	25.6329	-80.434
FL	Crawfordville	30.1996	-84.3634
FL	Crescent Beach	29.7303	-81.2417
FL	Crescent City	29.4345	-81.5133
FL	Crestview	30.7479	-86.5793
FL	Crooked Lake Park	27.8306	-81.5902
FL	Cross City	29.6386	-83.1248
FL	Crystal Lake	28.036	-81.8996
FL	Crystal River	28.8955	-82.6019
FL	Crystal Springs	28.1836	-82.1529
FL	Cudjoe Key	24.6788	-81.4997
FL	Cutler Bay	25.5761	-80.334
FL	Cypress Gardens	28.0035	-81.6906
FL	Cypress Lake	26.5393	-81.8994
FL	Cypress Quarters	27.2477	-80.8098
FL	Dade City	28.3559	-82.1934
FL	Dade City North	28.3841	-82.1943
FL	Dania Beach	26.0572	-80.1646
FL	Davenport	28.1612	-81.6108
FL	Davie	26.0792	-80.283
FL	Day	30.1984	-83.2873
FL	Daytona Beach	29.1907	-81.0971
FL	Daytona Beach Shores	29.1713	-80.9807
FL	De Leon Springs	29.1172	-81.3516
FL	DeBary	28.8814	-81.3243
FL	DeFuniak Springs	30.7125	-86.1197
FL	DeLand	29.0227	-81.2865
FL	DeLand Southwest	29.0077	-81.3113
FL	Deerfield Beach	26.3117	-80.1254
FL	Delray Beach	26.4559	-80.0904
FL	Deltona	28.9051	-81.211
FL	Desoto Acres	27.3826	-82.518
FL	Desoto Lakes	27.3805	-82.499
FL	Destin	30.4044	-86.4714
FL	Dickerson City	30.4776	-87.069
FL	Dixonville	30.9842	-87.0526
FL	Doctor Phillips	28.4433	-81.4905
FL	Doral	25.816	-80.3576
FL	Dover	27.9868	-82.2311
FL	Duck Key	24.7728	-80.9095
FL	Dundee	28.0173	-81.6034
FL	Dunedin	28.0257	-82.8154
FL	Dunnellon	29.0596	-82.4254
FL	Eagle Lake	27.9743	-81.7554
FL	East Bronson	29.4593	-82.5905
FL	East Lake	28.1229	-82.6891
FL	East Lake-Orient Park	28.0044	-82.3647
FL	East Milton	30.6172	-86.9643
FL	East Palatka	29.6496	-81.599
FL	East Williston	29.3883	-82.4165
FL	Eastpoint	29.7567	-84.8617
FL	Eatonville	28.615	-81.3924
FL	Ebro	30.4373	-85.882
FL	Edgewater	28.9544	-80.9409
FL	Edgewood	28.4815	-81.3701
FL	Eglin AFB	30.4605	-86.5505
FL	Egypt Lake-Leto	28.0173	-82.5061
FL	El Portal	25.8553	-80.1962
FL	Elfers	28.2139	-82.7221
FL	Ellenton	27.5266	-82.5267
FL	Englewood	26.9687	-82.3479
FL	Ensley	30.526	-87.2723
FL	Estero	26.4256	-81.7995
FL	Esto	30.9817	-85.643
FL	Eustis	28.8572	-81.6768
FL	Everglades	25.8578	-81.3865
FL	Fairview Shores	28.6005	-81.3978
FL	Fanning Springs	29.5881	-82.9251
FL	Feather Sound	27.91	-82.6888
FL	Fellsmere	27.7212	-80.6099
FL	Fern Park	28.6482	-81.3456
FL	Fernandina Beach	30.6581	-81.4515
FL	Ferndale	28.6195	-81.6929
FL	Ferry Pass	30.5211	-87.1864
FL	Fidelis	30.9305	-87.0307
FL	Fish Hawk	27.8493	-82.2151
FL	Fisher Island	25.7617	-80.1423
FL	Five Points	30.2201	-82.6448
FL	Flagler Beach	29.4739	-81.131
FL	Flagler Estates	29.6484	-81.4577
FL	Fleming Island	30.099	-81.7119
FL	Floral City	28.7067	-82.3067
FL	Florida City	25.4441	-80.4677
FL	Florida Gulf Coast University	26.4677	-81.7637
FL	Florida Ridge	27.5835	-80.3835
FL	Floridatown	30.5824	-87.1609
FL	Forest City	28.6615	-81.4449
FL	Fort Braden	30.426	-84.5427
FL	Fort Denaud	26.7227	-81.5541
FL	Fort Green	27.6255	-81.9397
FL	Fort Green Springs	27.5876	-81.9402
FL	Fort Lauderdale	26.1412	-80.1467
FL	Fort Meade	27.7659	-81.8055
FL	Fort Myers	26.6201	-81.8295
FL	Fort Myers Beach	26.4302	-81.914
FL	Fort Myers Shores	26.7139	-81.7438
FL	Fort Pierce	27.4261	-80.3425
FL	Fort Pierce North	27.4749	-80.3593
FL	Fort Pierce South	27.4097	-80.3541
FL	Fort Walton Beach	30.4249	-86.6218
FL	Fort White	29.9222	-82.7126
FL	Fountainebleau	25.7723	-80.3462
FL	Four Corners	28.3332	-81.6475
FL	Franklin Park	26.1327	-80.1763
FL	Freeport	30.5008	-86.1344
FL	Frostproof	27.7489	-81.5265
FL	Fruit Cove	30.0968	-81.6211
FL	Fruitland Park	28.8496	-81.9369
FL	Fruitville	27.3329	-82.4595
FL	Fuller Heights	27.9252	-81.9967
FL	Fussels Corner	28.0576	-81.8607
FL	Gainesville	29.6795	-82.3468
FL	Garcon Point	30.4763	-87.0859
FL	Garden Grove	28.4717	-82.4345
FL	Gardner	27.363	-81.7863
FL	Gateway	26.58	-81.7476
FL	Geneva	28.7366	-81.1162
FL	Gibsonton	27.8276	-82.3793
FL	Gifford	27.6756	-80.4252
FL	Gladeview	25.8399	-80.2389
FL	Glen Ridge	26.6721	-80.0767
FL	Glen St. Mary	30.2752	-82.1603
FL	Glencoe	29.0157	-80.97
FL	Glenvar Heights	25.7094	-80.3159
FL	Golden Beach	25.9633	-80.1221
FL	Golden Gate	26.1836	-81.7037
FL	Golden Glades	25.913	-80.2007
FL	Goldenrod	28.6119	-81.2912
FL	Golf	26.5029	-80.1058
FL	Gonzalez	30.5887	-87.2863
FL	Goodland	25.9253	-81.6476
FL	Gotha	28.531	-81.5166
FL	Goulding	30.4399	-87.2295
FL	Goulds	25.5612	-80.3881
FL	Graceville	30.9603	-85.5128
FL	Grand Ridge	30.7041	-85.0226
FL	Grant-Valkaria	27.9343	-80.5659
FL	Green Cove Springs	29.9853	-81.681
FL	Greenacres	26.627	-80.1376
FL	Greenbriar	28.0113	-82.7527
FL	Greensboro	30.571	-84.7229
FL	Greenville	30.4668	-83.6353
FL	Greenwood	30.8727	-85.1612
FL	Grenelefe	28.0492	-81.5474
FL	Gretna	30.5796	-84.711
FL	Grove City	26.9067	-82.3261
FL	Groveland	28.6102	-81.8271
FL	Gulf Breeze	30.3683	-87.1734
FL	Gulf Gate	27.2577	-82.5076
FL	Gulf Stream	26.486	-80.0574
FL	Gulfport	27.7464	-82.7099
FL	Gun Club Estates	26.6754	-80.1084
FL	Haines City	28.1128	-81.6165
FL	Hallandale Beach	25.984	-80.1408
FL	Hampton	29.8641	-82.1388
FL	Harbor Bluffs	27.9078	-82.8265
FL	Harbour Heights	26.993	-82.006
FL	Harlem	26.7324	-80.9518
FL	Harlem Heights	26.5151	-81.9282
FL	Harold	30.6738	-86.8474
FL	Hastings	29.7144	-81.4992
FL	Havana	30.6303	-84.4138
FL	Haverhill	26.691	-80.1217
FL	Hawthorne	29.5937	-82.0945
FL	Heathrow	28.7787	-81.3711
FL	Heritage Bay	26.2845	-81.6624
FL	Heritage Pines	28.4288	-82.6234
FL	Hernando	28.9545	-82.3935
FL	Hernando Beach	28.4681	-82.6673
FL	Hialeah	25.8699	-80.3029
FL	Hialeah Gardens	25.8877	-80.3569
FL	High Point	28.5473	-82.5209
FL	High Springs	29.7996	-82.5893
FL	Highland Beach	26.4116	-80.0644
FL	Highland City	27.9635	-81.8786
FL	Highland Park	27.8621	-81.5664
FL	Hill 'n Dale	28.5138	-82.2909
FL	Hillcrest Heights	27.8249	-81.5362
FL	Hilliard	30.6866	-81.9212
FL	Hillsboro Beach	26.2785	-80.0795
FL	Hillsboro Pines	26.3251	-80.1921
FL	Hobe Sound	27.0727	-80.1424
FL	Holden Heights	28.5195	-81.4002
FL	Holden Lakes	28.4986	-81.3846
FL	Holiday	28.1862	-82.7426
FL	Holley	30.4529	-86.9043
FL	Holly Hill	29.2456	-81.047
FL	Hollywood	26.031	-80.1646
FL	Holmes Beach	27.5106	-82.7155
FL	Homeland	27.8181	-81.827
FL	Homestead	25.4663	-80.443
FL	Homestead Base	25.4933	-80.3902
FL	Homosassa	28.7849	-82.6076
FL	Homosassa Springs	28.8093	-82.5408
FL	Horizon West	28.4402	-81.6134
FL	Horseshoe Beach	29.4436	-83.2884
FL	Hosford	30.4034	-84.8081
FL	Howey-in-the-Hills	28.7044	-81.784
FL	Hudson	28.3592	-82.6897
FL	Hunters Creek	28.3598	-81.437
FL	Hurlburt Field	30.4264	-86.7193
FL	Hutchinson Island South	27.3053	-80.2202
FL	Hypoluxo	26.5673	-80.0518
FL	Immokalee	26.424	-81.4216
FL	Indialantic	28.0862	-80.5683
FL	Indian Creek	25.8779	-80.1373
FL	Indian Harbour Beach	28.1575	-80.6001
FL	Indian Lake Estates	27.7986	-81.3562
FL	Indian River Estates	27.3552	-80.298
FL	Indian River Shores	27.7101	-80.382
FL	Indian Rocks Beach	27.8958	-82.8462
FL	Indian Shores	27.8532	-82.8446
FL	Indiantown	27.0401	-80.4882
FL	Inglis	29.033	-82.661
FL	Interlachen	29.6223	-81.8947
FL	Inverness	28.8422	-82.3423
FL	Inverness Highlands North	28.8645	-82.377
FL	Inverness Highlands South	28.8007	-82.3372
FL	Inwood	28.0385	-81.7674
FL	Iona	26.5172	-81.9608
FL	Islamorada, Village of Islands	24.9844	-80.5433
FL	Island Walk	26.251	-81.711
FL	Istachatta	28.6619	-82.2745
FL	Ives Estates	25.9634	-80.1829
FL	Jacksonville	30.3369	-81.6616
FL	Jacksonville Beach	30.2725	-81.3856
FL	Jacob City	30.8855	-85.4136
FL	Jan Phyl Village	28.0162	-81.7938
FL	Jasmine Estates	28.2961	-82.6892
FL	Jasper	30.4559	-82.9342
FL	Jay	30.9504	-87.1523
FL	Jennings	30.5968	-83.107
FL	Jensen Beach	27.244	-80.2411
FL	June Park	28.0717	-80.6878
FL	Juno Beach	26.8755	-80.0596
FL	Juno Ridge	26.849	-80.062
FL	Jupiter	26.9186	-80.1169
FL	Jupiter Farms	26.9225	-80.218
FL	Jupiter Inlet Colony	26.948	-80.0752
FL	Jupiter Island	27.0269	-80.1019
FL	Kathleen	28.1192	-82.04
FL	Kendale Lakes	25.7069	-80.4116
FL	Kendall	25.6695	-80.3547
FL	Kendall West	25.7068	-80.4407
FL	Kenneth City	27.8161	-82.7146
FL	Kensington Park	27.3567	-82.495
FL	Kenwood Estates	26.6276	-80.1152
FL	Key Biscayne	25.6907	-80.1656
FL	Key Colony Beach	24.7234	-81.0216
FL	Key Largo	25.1226	-80.4116
FL	Key Vista	28.1941	-82.7698
FL	Key West	24.5651	-81.7755
FL	Keystone	28.1276	-82.6081
FL	Keystone Heights	29.7829	-82.0356
FL	Kissimmee	28.3028	-81.4178
FL	La Crosse	29.8501	-82.4026
FL	LaBelle	26.721	-81.4525
FL	Lacoochee	28.4661	-82.1704
FL	Lady Lake	28.9198	-81.9328
FL	Laguna Beach	30.2547	-85.9511
FL	Lake Alfred	28.1068	-81.7235
FL	Lake Belvedere Estates	26.6907	-80.1352
FL	Lake Buena Vista	28.3773	-81.5248
FL	Lake Butler	28.4828	-81.5387
FL	Lake City	30.1886	-82.6422
FL	Lake Clarke Shores	26.6456	-80.0753
FL	Lake Hamilton	28.0492	-81.6269
FL	Lake Harbor	26.6885	-80.8079
FL	Lake Hart	28.3813	-81.2318
FL	Lake Helen	28.9839	-81.2311
FL	Lake Kathryn	28.9981	-81.4884
FL	Lake Kerr	29.3492	-81.7924
FL	Lake Lindsey	28.6323	-82.3617
FL	Lake Lorraine	30.4406	-86.5654
FL	Lake Mack-Forest Hills	29.0005	-81.4063
FL	Lake Magdalene	28.0817	-82.4842
FL	Lake Mary	28.7591	-81.3328
FL	Lake Mary Jane	28.379	-81.1702
FL	Lake Mystic	30.3916	-84.9913
FL	Lake Panasoffkee	28.7843	-82.1231
FL	Lake Park	26.8001	-80.0675
FL	Lake Placid	27.3026	-81.3715
FL	Lake Sarasota	27.2947	-82.4332
FL	Lake Wales	27.9207	-81.5995
FL	Lake Worth Beach	26.6197	-80.0587
FL	Lakeland	28.0555	-81.9548
FL	Lakeland Highlands	27.9574	-81.9511
FL	Lakeside	30.1365	-81.7692
FL	Lakewood Park	27.539	-80.3872
FL	Lakewood Ranch	27.4235	-82.3867
FL	Lamont	30.3797	-83.8134
FL	Land O' Lakes	28.2083	-82.4458
FL	Lantana	26.5834	-80.0554
FL	Largo	27.9059	-82.7672
FL	Lauderdale Lakes	26.1669	-80.2008
FL	Lauderdale-by-the-Sea	26.1913	-80.0995
FL	Lauderhill	26.1622	-80.2244
FL	Laurel	27.1531	-82.4559
FL	Laurel Hill	30.9606	-86.4578
FL	Lawtey	30.0484	-82.0725
FL	Layton	24.8251	-80.8116
FL	Lazy Lake	26.1563	-80.1452
FL	Lealman	27.8197	-82.6846
FL	Lecanto	28.8251	-82.4998
FL	Lee	30.4131	-83.3041
FL	Leesburg	28.7172	-81.9031
FL	Lehigh Acres	26.6127	-81.6388
FL	Leisure City	25.4939	-80.4361
FL	Lely	26.1055	-81.7278
FL	Lely Resort	26.0964	-81.7045
FL	Lemon Grove	27.5931	-81.6503
FL	Liberty Triangle	29.076	-82.2191
FL	Lighthouse Point	26.2778	-80.0886
FL	Limestone	27.3672	-81.9048
FL	Limestone Creek	26.9433	-80.1408
FL	Lisbon	28.8825	-81.7743
FL	Live Oak	30.2956	-82.9851
FL	Lloyd	30.4834	-84.0261
FL	Lochmoor Waterway Estates	26.6425	-81.9072
FL	Lockhart	28.6271	-81.4338
FL	Longboat Key	27.4005	-82.6442
FL	Longwood	28.7014	-81.3484
FL	Loughman	28.238	-81.5698
FL	Lower Grand Lagoon	30.1431	-85.7522
FL	Loxahatchee Groves	26.7209	-80.2772
FL	Lutz	28.1407	-82.4497
FL	Lynn Haven	30.2336	-85.6369
FL	Macclenny	30.281	-82.1253
FL	Madeira Beach	27.7956	-82.7916
FL	Madison	30.4715	-83.4135
FL	Maitland	28.6296	-81.3729
FL	Malabar	27.9871	-80.5824
FL	Malone	30.959	-85.1622
FL	Manalapan	26.5666	-80.0402
FL	Manasota Key	26.924	-82.3531
FL	Manatee Road	29.5145	-82.9192
FL	Mango	27.9922	-82.3073
FL	Mangonia Park	26.7586	-80.0761
FL	Marathon	24.7323	-81.0251
FL	Marco Island	25.932	-81.7048
FL	Marco Shores-Hammock Bay	25.9957	-81.6959
FL	Margate	26.248	-80.2112
FL	Marianna	30.7614	-85.2563
FL	Marineland	29.6695	-81.2148
FL	Marion Oaks	29.0013	-82.1953
FL	Mary Esther	30.4117	-86.659
FL	Masaryktown	28.4418	-82.4607
FL	Mascotte	28.6043	-81.9055
FL	Matlacha	26.6364	-82.0766
FL	Matlacha Isles-Matlacha Shores	26.6293	-82.0587
FL	Mayo	30.0512	-83.1769
FL	McGregor	26.5616	-81.9129
FL	McIntosh	29.4494	-82.2207
FL	Meadow Oaks	28.3498	-82.5976
FL	Meadow Woods	28.3729	-81.3337
FL	Medley	25.8649	-80.3576
FL	Medulla	27.9585	-81.9812
FL	Melbourne	28.1104	-80.6627
FL	Melbourne Beach	28.0669	-80.5596
FL	Melbourne Village	28.088	-80.6651
FL	Memphis	27.545	-82.5559
FL	Merritt Island	28.3092	-80.676
FL	Mexico Beach	29.9477	-85.4161
FL	Miami	25.7752	-80.2086
FL	Miami Beach	25.8106	-80.1489
FL	Miami Gardens	25.9489	-80.2436
FL	Miami Lakes	25.9127	-80.3204
FL	Miami Shores	25.867	-80.1783
FL	Miami Springs	25.8202	-80.2889
FL	Micanopy	29.5064	-82.2805
FL	Micco	27.8564	-80.5113
FL	Miccosukee	30.5931	-84.0468
FL	Middleburg	30.0502	-81.9011
FL	Midway	30.4051	-87.0096
FL	Milton	30.6294	-87.0526
FL	Mims	28.6913	-80.844
FL	Minneola	28.6023	-81.7295
FL	Miramar	25.9725	-80.3386
FL	Miramar Beach	30.3849	-86.3436
FL	Molino	30.7028	-87.3207
FL	Monticello	30.5422	-83.8722
FL	Montura	26.6428	-81.0938
FL	Montverde	28.6025	-81.6741
FL	Moon Lake	28.2979	-82.6056
FL	Moore Haven	26.8338	-81.0985
FL	Morriston	29.2811	-82.44
FL	Mount Carmel	30.9915	-87.1244
FL	Mount Dora	28.8133	-81.6334
FL	Mount Plymouth	28.8039	-81.5345
FL	Mulat	30.5598	-87.1301
FL	Mulberry	27.9054	-81.9883
FL	Munson	30.8291	-86.8897
FL	Myrtle Grove	30.4145	-87.3028
FL	Naples	26.1505	-81.7953
FL	Naples Manor	26.0897	-81.7248
FL	Naples Park	26.2629	-81.8113
FL	Naranja	25.5161	-80.4219
FL	Nassau Village-Ratliff	30.5108	-81.8088
FL	Navarre	30.4161	-86.8887
FL	Navarre Beach	30.3764	-86.8937
FL	Neptune Beach	30.3126	-81.3931
FL	New Port Richey	28.2466	-82.7175
FL	New Port Richey East	28.2633	-82.6942
FL	New Smyrna Beach	29.0294	-80.9549
FL	Newberry	29.6458	-82.5946
FL	Niceville	30.5288	-86.476
FL	Nobleton	28.6451	-82.2615
FL	Nocatee	30.0851	-81.4099
FL	Nokomis	27.1238	-82.4358
FL	Noma	30.9781	-85.621
FL	North Bay Village	25.8491	-80.151
FL	North Brooksville	28.5774	-82.3319
FL	North DeLand	29.0484	-81.2965
FL	North Fort Myers	26.718	-81.8458
FL	North Key Largo	25.2608	-80.3216
FL	North Lauderdale	26.2125	-80.2214
FL	North Merritt Island	28.4611	-80.7131
FL	North Miami	25.9008	-80.1686
FL	North Miami Beach	25.93	-80.1652
FL	North Palm Beach	26.8203	-80.0569
FL	North Port	27.0582	-82.198
FL	North Redington Beach	27.8197	-82.8232
FL	North River Shores	27.2217	-80.2761
FL	North Sarasota	27.3566	-82.5223
FL	North Weeki Wachee	28.5536	-82.5549
FL	Northdale	28.1046	-82.5281
FL	Oak Hill	28.877	-80.835
FL	Oak Ridge	28.4728	-81.4167
FL	Oakland	28.5521	-81.6367
FL	Oakland Park	26.1791	-80.1524
FL	Oakleaf Plantation	30.174	-81.8364
FL	Ocala	29.1775	-82.151
FL	Ocala Estates	29.2018	-82.3098
FL	Ocean Breeze	27.241	-80.2257
FL	Ocean City	30.4399	-86.6072
FL	Ocean Ridge	26.5309	-80.0468
FL	Ocklawaha	29.0459	-81.9349
FL	Ocoee	28.5788	-81.533
FL	Odessa	28.1823	-82.5504
FL	Ojus	25.9546	-80.1714
FL	Okahumpka	28.7459	-81.8962
FL	Okeechobee	27.2416	-80.8293
FL	Old Miakka	27.3187	-82.2793
FL	Oldsmar	28.0484	-82.6713
FL	Olga	26.7082	-81.6934
FL	Olympia Heights	25.7279	-80.339
FL	On Top of the World	29.1058	-82.2866
FL	Ona	27.483	-81.9097
FL	Opa-locka	25.9	-80.2552
FL	Orange City	28.9373	-81.2833
FL	Orange Park	30.1709	-81.7047
FL	Orangetree	26.2929	-81.5759
FL	Orchid	27.7719	-80.4245
FL	Oriole Beach	30.3725	-87.1005
FL	Orlando	28.4087	-81.2548
FL	Orlovista	28.5441	-81.4629
FL	Ormond Beach	29.2933	-81.1014
FL	Ormond-by-the-Sea	29.3433	-81.0686
FL	Osprey	27.1904	-82.4757
FL	Otter Creek	29.3233	-82.7751
FL	Oviedo	28.6619	-81.1871
FL	Pace	30.6167	-87.1647
FL	Page Park	26.5782	-81.8614
FL	Pahokee	26.8202	-80.662
FL	Paisley	28.9793	-81.5322
FL	Palatka	29.6449	-81.6767
FL	Palm Bay	27.9649	-80.6583
FL	Palm Beach	26.6948	-80.0419
FL	Palm Beach Gardens	26.8488	-80.1671
FL	Palm Beach Shores	26.7774	-80.0344
FL	Palm City	27.1778	-80.2855
FL	Palm Coast	29.5368	-81.2426
FL	Palm Harbor	28.0848	-82.7576
FL	Palm River-Clair Mel	27.9245	-82.3794
FL	Palm Shores	28.1918	-80.6593
FL	Palm Springs	26.6358	-80.0984
FL	Palm Springs North	25.9343	-80.331
FL	Palm Valley	30.2005	-81.391
FL	Palmer Ranch	27.2234	-82.4613
FL	Palmetto	27.5251	-82.575
FL	Palmetto Bay	25.6217	-80.3189
FL	Palmetto Estates	25.6227	-80.3606
FL	Palmona Park	26.6894	-81.8944
FL	Panacea	30.0264	-84.3926
FL	Panama City	30.1663	-85.6702
FL	Panama City Beach	30.2332	-85.8771
FL	Paradise Heights	28.6238	-81.5438
FL	Parker	30.1284	-85.6002
FL	Parkland	26.3214	-80.2543
FL	Pasadena Hills	28.2795	-82.2413
FL	Patrick AFB	28.2322	-80.6099
FL	Paxton	30.9726	-86.3118
FL	Pea Ridge	30.5991	-87.0997
FL	Pebble Creek	28.1602	-82.3424
FL	Pelican Bay	26.2349	-81.8102
FL	Pelican Marsh	26.2537	-81.7856
FL	Pembroke Park	25.9889	-80.1803
FL	Pembroke Pines	26.0147	-80.3402
FL	Penney Farms	29.9807	-81.8108
FL	Pensacola	30.441	-87.1912
FL	Pensacola Station	30.3506	-87.3169
FL	Perry	30.1091	-83.5823
FL	Pierson	29.2416	-81.4566
FL	Pine Air	26.6586	-80.1074
FL	Pine Castle	28.4547	-81.3696
FL	Pine Hills	28.5818	-81.4695
FL	Pine Island	28.5724	-82.6548
FL	Pine Island Center	26.6238	-82.1272
FL	Pine Lakes	28.9398	-81.4306
FL	Pine Level	30.8892	-87.1695
FL	Pine Manor	26.5737	-81.8776
FL	Pine Ridge	28.933	-82.4762
FL	Pinecraft	27.3232	-82.5007
FL	Pinecrest	25.6652	-80.3049
FL	Pineland	26.6611	-82.1481
FL	Pinellas Park	27.8589	-82.7082
FL	Pinewood	25.8694	-80.2171
FL	Pioneer	26.7285	-81.2172
FL	Pittman	28.9984	-81.6492
FL	Plant City	28.0154	-82.1178
FL	Plantation	26.1256	-80.2618
FL	Plantation Island	25.8478	-81.377
FL	Plantation Mobile Home Park	26.7026	-80.1323
FL	Poinciana	28.1187	-81.4792
FL	Point Baker	30.6866	-87.0517
FL	Polk City	28.1805	-81.83
FL	Pomona Park	29.503	-81.5865
FL	Pompano Beach	26.2416	-80.1339
FL	Ponce Inlet	29.0928	-80.9317
FL	Ponce de Leon	30.724	-85.9369
FL	Port Charlotte	26.9895	-82.1137
FL	Port LaBelle	26.7606	-81.3839
FL	Port Orange	29.1134	-81.0132
FL	Port Richey	28.275	-82.725
FL	Port Salerno	27.1452	-80.1887
FL	Port St. Joe	29.8176	-85.3091
FL	Port St. John	28.4757	-80.8104
FL	Port St. Lucie	27.2806	-80.3883
FL	Pretty Bayou	30.2001	-85.6977
FL	Princeton	25.5406	-80.3984
FL	Progress Village	27.8856	-82.3643
FL	Punta Gorda	26.8978	-82.0658
FL	Punta Rassa	26.4998	-82.0021
FL	Quail Ridge	28.3486	-82.5549
FL	Quincy	30.566	-84.5858
FL	Raiford	30.0637	-82.2408
FL	Rainbow Lakes Estates	29.1605	-82.5097
FL	Rainbow Park	29.1654	-82.364
FL	Rainbow Springs	29.0971	-82.442
FL	Raleigh	29.4479	-82.4681
FL	Reddick	29.3687	-82.1976
FL	Redington Beach	27.8095	-82.8121
FL	Redington Shores	27.8317	-82.8335
FL	Richmond Heights	25.6333	-80.3712
FL	Richmond West	25.6093	-80.4296
FL	Ridge Manor	28.4929	-82.1896
FL	Ridge Wood Heights	27.2863	-82.512
FL	Ridgecrest	27.8894	-82.8063
FL	Rio	27.2164	-80.2408
FL	Rio Pinar	28.5191	-81.2612
FL	River Park	27.3229	-80.3316
FL	River Ridge	28.2669	-82.6257
FL	Riverview	27.8243	-82.3045
FL	Riviera Beach	26.7814	-80.0761
FL	Rockledge	28.3214	-80.7378
FL	Roeville	30.6851	-86.9922
FL	Roosevelt Gardens	26.1407	-80.1809
FL	Roseland	27.8353	-80.4882
FL	Rotonda	26.8851	-82.2779
FL	Royal Palm Beach	26.699	-80.2276
FL	Royal Palm Estates	26.6817	-80.1328
FL	Ruskin	27.7068	-82.4222
FL	Safety Harbor	28.0063	-82.6978
FL	Samoset	27.4764	-82.543
FL	Samsula-Spruce Creek	29.0516	-81.0625
FL	San Antonio	28.3399	-82.2786
FL	San Carlos Park	26.4767	-81.8198
FL	San Castle	26.5651	-80.0611
FL	Sanford	28.7894	-81.2756
FL	Sanibel	26.451	-82.1057
FL	Sarasota	27.3383	-82.5437
FL	Sarasota Springs	27.3088	-82.4758
FL	Satellite Beach	28.1787	-80.5994
FL	Sawgrass	30.1913	-81.3711
FL	Schall Circle	26.7152	-80.1143
FL	Scottsmoor	28.768	-80.871
FL	Sea Ranch Lakes	26.1999	-80.0984
FL	Sebastian	27.7872	-80.48
FL	Sebring	27.4714	-81.4516
FL	Seffner	28.0016	-82.2741
FL	Seminole	27.8427	-82.7853
FL	Seminole Manor	26.5836	-80.1013
FL	Seville	29.3402	-81.5095
FL	Sewall's Point	27.197	-80.1989
FL	Shady Hills	28.403	-82.5451
FL	Shalimar	30.4433	-86.583
FL	Sharpes	28.4436	-80.7614
FL	Siesta Key	27.2748	-82.5493
FL	Silver Lake	28.8321	-81.8011
FL	Silver Springs	29.2192	-82.0555
FL	Silver Springs Shores	29.1119	-82.0146
FL	Silver Springs Shores East	29.0494	-81.883
FL	Sky Lake	28.4613	-81.3905
FL	Sneads	30.7086	-84.9256
FL	Solana	26.9372	-82.0297
FL	Sopchoppy	30.0599	-84.4854
FL	Sorrento	28.8091	-81.5636
FL	South Apopka	28.6568	-81.5057
FL	South Bay	26.6884	-80.7355
FL	South Beach	27.5755	-80.3334
FL	South Bradenton	27.4606	-82.5847
FL	South Brooksville	28.5142	-82.4376
FL	South Daytona	29.1662	-81.0055
FL	South Gate Ridge	27.2845	-82.4966
FL	South Highpoint	27.9124	-82.7106
FL	South Miami	25.7085	-80.2951
FL	South Miami Heights	25.5882	-80.3858
FL	South Palm Beach	26.5904	-80.038
FL	South Pasadena	27.7529	-82.7393
FL	South Patrick Shores	28.2045	-80.6112
FL	South Sarasota	27.2863	-82.5331
FL	South Venice	27.0447	-82.4158
FL	Southchase	28.3792	-81.3903
FL	Southeast Arcadia	27.1862	-81.8521
FL	Southgate	27.3048	-82.5123
FL	Southwest Ranches	26.0497	-80.3738
FL	Spring Hill	28.4792	-82.5297
FL	Spring Lake	28.4984	-82.2941
FL	Spring Ridge	29.8218	-82.7245
FL	Springfield	30.1712	-85.6122
FL	Springhill	30.7472	-86.9225
FL	St. Augustine	29.8962	-81.3111
FL	St. Augustine Beach	29.8416	-81.271
FL	St. Augustine Shores	29.8058	-81.3122
FL	St. Augustine South	29.8448	-81.3162
FL	St. Cloud	28.2352	-81.284
FL	St. George Island	29.6521	-84.8898
FL	St. James City	26.5426	-82.102
FL	St. Leo	28.3361	-82.2582
FL	St. Lucie Village	27.4999	-80.3418
FL	St. Marks	30.1661	-84.2083
FL	St. Pete Beach	27.7168	-82.7396
FL	St. Petersburg	27.7627	-82.6441
FL	Stacey Street	26.6978	-80.1239
FL	Starke	29.9475	-82.1129
FL	Steinhatchee	29.687	-83.3771
FL	Stock Island	24.564	-81.7398
FL	Stuart	27.1953	-80.2441
FL	Sugarmill Woods	28.7403	-82.506
FL	Sumatra	30.023	-84.9825
FL	Sun City Center	27.7144	-82.3558
FL	Suncoast Estates	26.7112	-81.8689
FL	Sunny Isles Beach	25.9388	-80.1235
FL	Sunrise	26.1716	-80.2616
FL	Sunset	25.7061	-80.3524
FL	Surfside	25.8788	-80.125
FL	Sweetwater	25.7844	-80.3871
FL	Taft	28.4283	-81.3677
FL	Tallahassee	30.4535	-84.2523
FL	Tamarac	26.2033	-80.256
FL	Tamiami	25.7563	-80.4026
FL	Tampa	27.9663	-82.4776
FL	Tangelo Park	28.456	-81.4464
FL	Tangerine	28.7602	-81.638
FL	Tarpon Springs	28.1491	-82.7794
FL	Tavares	28.7659	-81.7564
FL	Tavernier	25.0264	-80.4997
FL	Taylor Creek	27.2139	-80.7913
FL	Temple Terrace	28.043	-82.3759
FL	Tequesta	26.9649	-80.1132
FL	The Acreage	26.7742	-80.2769
FL	The Crossings	25.6706	-80.4008
FL	The Hammocks	25.6704	-80.4489
FL	The Meadows	27.3629	-82.4745
FL	The Villages	28.8989	-81.9937
FL	Thonotosassa	28.0466	-82.2965
FL	Three Lakes	25.6426	-80.3996
FL	Three Oaks	26.4731	-81.7969
FL	Tice	26.6751	-81.8173
FL	Tierra Verde	27.662	-82.7243
FL	Tiger Point	30.3801	-87.0524
FL	Tildenville	28.5414	-81.6064
FL	Timber Pines	28.4692	-82.6024
FL	Titusville	28.5734	-80.8194
FL	Town 'n' Country	28.0102	-82.5772
FL	Treasure Island	27.7648	-82.7691
FL	Trenton	29.6092	-82.8146
FL	Trilby	28.4564	-82.194
FL	Trinity	28.181	-82.6469
FL	Tropical Park	28.3805	-80.7075
FL	Tyndall AFB	30.0894	-85.5991
FL	Umatilla	28.927	-81.6642
FL	Union Park	28.567	-81.2381
FL	University	28.5895	-81.2001
FL	Upper Grand Lagoon	30.1756	-85.753
FL	Valparaiso	30.4899	-86.5147
FL	Valrico	27.9191	-82.2313
FL	Vamo	27.2205	-82.4999
FL	Venice	27.117	-82.4152
FL	Venice Gardens	27.0737	-82.4133
FL	Verandah	26.6988	-81.7397
FL	Vernon	30.6122	-85.7003
FL	Vero Beach	27.6472	-80.3931
FL	Vero Beach South	27.6128	-80.4181
FL	Vero Lake Estates	27.7463	-80.5283
FL	Verona Walk	26.086	-81.6797
FL	Viera East	28.2622	-80.7146
FL	Viera West	28.2452	-80.7403
FL	Vilano Beach	29.9303	-81.3011
FL	Villas	26.5505	-81.8678
FL	Vineyards	26.2305	-81.7279
FL	Virginia Gardens	25.8095	-80.2975
FL	Wabasso	27.7503	-80.4434
FL	Wabasso Beach	27.7537	-80.3976
FL	Wacissa	30.3535	-84.001
FL	Wahneta	27.9587	-81.7288
FL	Waldo	29.792	-82.1669
FL	Wallace	30.6733	-87.1958
FL	Warm Mineral Springs	27.0469	-82.2704
FL	Warrington	30.3844	-87.2938
FL	Washington Park	26.1325	-80.1824
FL	Watergate	26.3359	-80.2127
FL	Watertown	30.1859	-82.6024
FL	Wauchula	27.5469	-81.8101
FL	Waukeenah	30.3955	-83.9755
FL	Wausau	30.6334	-85.5873
FL	Waverly	27.9853	-81.6253
FL	Webster	28.6048	-82.0507
FL	Wedgefield	28.486	-81.0818
FL	Weeki Wachee Gardens	28.5373	-82.6231
FL	Wekiwa Springs	28.6996	-81.4248
FL	Welaka	29.4852	-81.661
FL	Wellington	26.649	-80.2672
FL	Wesley Chapel	28.2052	-82.3171
FL	West Bradenton	27.501	-82.6142
FL	West Canaveral Groves	28.3927	-80.8492
FL	West DeLand	29.0162	-81.3344
FL	West Lealman	27.8199	-82.7389
FL	West Little River	25.8569	-80.237
FL	West Melbourne	28.0504	-80.6583
FL	West Miami	25.7578	-80.2969
FL	West Palm Beach	26.7451	-80.127
FL	West Park	25.9787	-80.181
FL	West Pensacola	30.4267	-87.2681
FL	West Perrine	25.6061	-80.3639
FL	West Samoset	27.4704	-82.5553
FL	West Vero Corridor	27.635	-80.4828
FL	Westchase	28.0565	-82.6083
FL	Westchester	25.7454	-80.3535
FL	Westgate	26.6994	-80.0988
FL	Westlake	26.7547	-80.3015
FL	Weston	26.1004	-80.4021
FL	Westview	25.8823	-80.242
FL	Westville	30.7711	-85.8381
FL	Westwood Lakes	25.7247	-80.3693
FL	Wewahitchka	30.1262	-85.1907
FL	Whiskey Creek	26.5711	-81.8886
FL	White City	27.3722	-80.3404
FL	White Springs	30.3318	-82.7561
FL	Whitfield	30.8735	-87.0667
FL	Wildwood	28.8058	-82.0073
FL	Williamsburg	28.4013	-81.4478
FL	Williston	29.3939	-82.4423
FL	Williston Highlands	29.3336	-82.5357
FL	Willow Oak	27.9219	-82.0242
FL	Wilton Manors	26.1593	-80.1393
FL	Wimauma	27.6749	-82.3132
FL	Windermere	28.5025	-81.5377
FL	Winding Cypress	26.0616	-81.6774
FL	Windsor	27.7868	-80.414
FL	Winter Beach	27.7149	-80.4243
FL	Winter Garden	28.5412	-81.5912
FL	Winter Haven	28.0458	-81.7327
FL	Winter Park	28.5966	-81.3457
FL	Winter Springs	28.6881	-81.27
FL	Wiscon	28.541	-82.4661
FL	Woodlawn Beach	30.3881	-86.996
FL	Woodville	30.3151	-84.2688
FL	World Golf Village	29.968	-81.4901
FL	Worthington Springs	29.9336	-82.4085
FL	Wright	30.4441	-86.642
FL	Yalaha	28.7447	-81.8225
FL	Yankeetown	29.0319	-82.7632
FL	Yeehaw Junction	27.7032	-80.8836
FL	Yulee	30.6354	-81.5696
FL	Zellwood	28.7219	-81.5732
FL	Zephyrhills	28.2407	-82.179
FL	Zephyrhills North	28.2521	-82.1653
FL	Zephyrhills South	28.2152	-82.1885
FL	Zephyrhills West	28.231	-82.2053
FL	Zolfo Springs	27.4926	-81.7868
GA	Abbeville	31.9926	-83.3065
GA	Acworth	34.062	-84.6811
GA	Adairsville	34.3708	-84.9212
GA	Adel	31.1248	-83.4255
GA	Adrian	32.53	-82.5915
GA	Ailey	32.1884	-82.5756
GA	Alamo	32.1476	-82.7798
GA	Alapaha	31.3831	-83.2237
GA	Albany	31.5781	-84.1762
GA	Aldora	33.0504	-84.1776
GA	Allenhurst	31.7799	-81.6113
GA	Allentown	32.5873	-83.2263
GA	Alma	31.5433	-82.4756
GA	Alpharetta	34.0709	-84.2726
GA	Alston	32.0866	-82.4802
GA	Alto	34.465	-83.5726
GA	Ambrose	31.5951	-83.0149
GA	Americus	32.0744	-84.2228
GA	Andersonville	32.1974	-84.1456
GA	Antioch	32.6828	-85.0536
GA	Appling	33.571	-82.3102
GA	Arabi	31.8194	-83.7192
GA	Aragon	34.0463	-85.0567
GA	Arcade	34.0735	-83.5281
GA	Argyle	31.0732	-82.6489
GA	Arlington	31.4368	-84.7297
GA	Arnoldsville	33.915	-83.2184
GA	Ashburn	31.7092	-83.6524
GA	Athens-Clarke County	33.9496	-83.3701
GA	Atlanta	33.7629	-84.4227
GA	Attapulgus	30.7495	-84.4839
GA	Auburn	34.0152	-83.8337
GA	Augusta-Richmond County	33.3655	-82.0734
GA	Austell	33.8198	-84.6438
GA	Avalon	34.4971	-83.1982
GA	Avera	33.1934	-82.5287
GA	Avondale Estates	33.7687	-84.2647
GA	Axson	31.2799	-82.7271
GA	Baconton	31.3804	-84.1592
GA	Bainbridge	30.9062	-84.5727
GA	Baldwin	34.4978	-83.5426
GA	Ball Ground	34.3391	-84.3681
GA	Barnesville	33.0487	-84.1493
GA	Bartow	32.8812	-82.4723
GA	Barwick	30.8937	-83.7388
GA	Baxley	31.7648	-82.3493
GA	Bellville	32.155	-81.9782
GA	Belvedere Park	33.7489	-84.2598
GA	Bemiss	30.933	-83.2219
GA	Berkeley Lake	33.9814	-84.1856
GA	Berlin	31.0681	-83.6233
GA	Berry College	34.291	-85.1878
GA	Bethlehem	33.9379	-83.71
GA	Between	33.8177	-83.8011
GA	Bishop	33.8187	-83.4382
GA	Blackshear	31.2908	-82.2529
GA	Blairsville	34.8757	-83.9547
GA	Blakely	31.3809	-84.9271
GA	Bloomingdale	32.125	-81.3084
GA	Blue Ridge	34.8665	-84.3219
GA	Bluffton	31.5198	-84.8691
GA	Blythe	33.3031	-82.2074
GA	Bogart	33.9476	-83.5337
GA	Bolingbroke	32.9385	-83.7996
GA	Bonanza	33.4589	-84.3378
GA	Boston	30.7912	-83.7894
GA	Bostwick	33.7377	-83.5139
GA	Bowdon	33.5378	-85.254
GA	Bowersville	34.3731	-83.0843
GA	Bowman	34.2054	-83.0311
GA	Box Springs	32.5446	-84.6575
GA	Boykin	31.1003	-84.684
GA	Braselton	34.1076	-83.8129
GA	Braswell	33.9835	-84.9584
GA	Bremen	33.7108	-85.1519
GA	Brinson	30.9784	-84.7379
GA	Bristol	31.4517	-82.2148
GA	Bronwood	31.8305	-84.3643
GA	Brookhaven	33.8612	-84.3385
GA	Brooklet	32.3891	-81.67
GA	Brooks	33.2933	-84.4514
GA	Broxton	31.6251	-82.8875
GA	Brunswick	31.1361	-81.4669
GA	Buchanan	33.8005	-85.1798
GA	Buckhead	31.8618	-81.2603
GA	Buena Vista	32.3185	-84.5176
GA	Buford	34.1186	-83.9886
GA	Butler	32.5572	-84.2373
GA	Byromville	32.2016	-83.9072
GA	Byron	32.6495	-83.748
GA	Cadwell	32.3401	-83.0406
GA	Cairo	30.8792	-84.2055
GA	Calhoun	34.4998	-84.9331
GA	Calvary	30.7183	-84.3571
GA	Camak	33.4508	-82.6495
GA	Camilla	31.2341	-84.2096
GA	Candler-McAfee	33.7262	-84.2709
GA	Canon	34.3417	-83.1118
GA	Canoochee	32.6854	-82.1736
GA	Canton	34.2472	-84.4907
GA	Carl	34.003	-83.814
GA	Carlton	34.041	-83.0422
GA	Carnesville	34.3753	-83.2275
GA	Carrollton	33.5817	-85.084
GA	Cartersville	34.1646	-84.8017
GA	Cataula	32.665	-84.8652
GA	Cave Spring	34.1086	-85.3397
GA	Cecil	31.0466	-83.3909
GA	Cedar Springs	31.1873	-85.0324
GA	Cedartown	34.0217	-85.2475
GA	Centerville	32.6365	-83.6857
GA	Centralhatchee	33.3689	-85.1037
GA	Chamblee	33.8811	-84.3017
GA	Chatsworth	34.7811	-84.7825
GA	Chattahoochee Hills	33.5811	-84.7459
GA	Chattanooga Valley	34.9241	-85.3431
GA	Chauncey	32.1118	-83.068
GA	Cherry Log	34.7851	-84.381
GA	Chester	32.3944	-83.1557
GA	Chickamauga	34.8775	-85.2883
GA	Clarkesville	34.6093	-83.5275
GA	Clarkston	33.8135	-84.2418
GA	Claxton	32.1621	-81.9097
GA	Clayton	34.8766	-83.4033
GA	Clermont	34.4801	-83.7704
GA	Cleveland	34.597	-83.7607
GA	Climax	30.8757	-84.4312
GA	Clyattville	30.6815	-83.3109
GA	Cobbtown	32.2792	-82.1383
GA	Cochran	32.3873	-83.3514
GA	Cogdell	31.1663	-82.7216
GA	Cohutta	34.9553	-84.9672
GA	Colbert	34.0372	-83.2131
GA	Coleman	31.6686	-84.893
GA	College Park	33.6414	-84.4635
GA	Collins	32.1792	-82.1099
GA	Colquitt	31.1732	-84.7324
GA	Columbus	32.5102	-84.8749
GA	Comer	34.0625	-83.1273
GA	Commerce	34.2143	-83.4757
GA	Concord	33.0921	-84.4388
GA	Conley	33.6423	-84.3343
GA	Conyers	33.6575	-83.9838
GA	Coolidge	31.0108	-83.8665
GA	Cordele	31.9561	-83.7701
GA	Cornelia	34.5166	-83.5315
GA	Country Club Estates	31.207	-81.4627
GA	Covington	33.6054	-83.8466
GA	Crawford	33.8832	-83.1554
GA	Crawfordville	33.5546	-82.8967
GA	Crescent	31.5187	-81.3702
GA	Crooked Creek	33.2657	-83.2752
GA	Culloden	32.8649	-84.094
GA	Cumming	34.2061	-84.1338
GA	Cusseta-Chattahoochee County unified government	32.3474	-84.788
GA	Cuthbert	31.7707	-84.7936
GA	Dacula	33.982	-83.9011
GA	Dahlonega	34.5299	-83.9796
GA	Daisy	32.151	-81.836
GA	Dallas	33.9165	-84.8408
GA	Dalton	34.7679	-84.9728
GA	Damascus	31.2985	-84.7172
GA	Danielsville	34.1256	-83.2161
GA	Danville	32.606	-83.2461
GA	Darien	31.3435	-81.4241
GA	Dasher	30.7423	-83.2225
GA	Davisboro	32.9814	-82.6036
GA	Dawson	31.7719	-84.4435
GA	Dawsonville	34.4337	-84.1244
GA	De Soto	31.9548	-84.0636
GA	Dearing	33.4152	-82.3865
GA	Decatur	33.7711	-84.2958
GA	Deenwood	31.2468	-82.3657
GA	Deepstep	33.0158	-82.9651
GA	Demorest	34.5635	-83.5423
GA	Denton	31.7201	-82.6922
GA	Dewy Rose	34.1715	-82.9427
GA	Dexter	32.4332	-83.0591
GA	Dillard	34.9715	-83.3812
GA	Dixie	30.7884	-83.6681
GA	Dixie Union	31.3464	-82.4603
GA	Dock Junction	31.2014	-81.5157
GA	Doerun	31.3228	-83.9165
GA	Donalsonville	31.0397	-84.8784
GA	Dooling	32.23	-83.9289
GA	Doraville	33.9083	-84.2699
GA	Douglas	31.5061	-82.8543
GA	Douglasville	33.7368	-84.7011
GA	Druid Hills	33.7841	-84.3292
GA	Du Pont	30.9891	-82.8691
GA	Dublin	32.5355	-82.9288
GA	Dudley	32.5335	-83.0836
GA	Duluth	34.0015	-84.1505
GA	Dunwoody	33.9414	-84.3127
GA	Dutch Island	32.0036	-81.0328
GA	Eagle Grove	34.2856	-83.0007
GA	East Dublin	32.5469	-82.867
GA	East Ellijay	34.6652	-84.4908
GA	East Griffin	33.2434	-84.2326
GA	East Newnan	33.3458	-84.7767
GA	East Point	33.6711	-84.4734
GA	Eastman	32.1976	-83.1707
GA	Eatonton	33.3258	-83.3889
GA	Echols County	30.714	-82.8974
GA	Edge Hill	33.1534	-82.625
GA	Edison	31.5608	-84.7374
GA	Elberton	34.1068	-82.8727
GA	Ellaville	32.2377	-84.3091
GA	Ellenton	31.1767	-83.5871
GA	Ellerslie	32.6329	-84.7884
GA	Ellijay	34.6913	-84.4839
GA	Emerson	34.1313	-84.7454
GA	Empire	32.3371	-83.283
GA	Enigma	31.4013	-83.3199
GA	Ephesus	33.4069	-85.2568
GA	Epworth	34.951	-84.3808
GA	Eton	34.8282	-84.7678
GA	Euharlee	34.1436	-84.9328
GA	Eulonia	31.5334	-81.4361
GA	Evans	33.5676	-82.1406
GA	Everett	31.3976	-81.637
GA	Experiment	33.286	-84.2746
GA	Faceville	30.7537	-84.6372
GA	Fair Oaks	33.92	-84.5444
GA	Fairburn	33.5478	-84.5873
GA	Fairfield Plantation	33.6447	-84.9284
GA	Fairmount	34.4386	-84.6994
GA	Fairplay	33.6182	-84.8624
GA	Fairview	34.9295	-85.294
GA	Fargo	30.6869	-82.5714
GA	Fayetteville	33.4491	-84.4728
GA	Fitzgerald	31.713	-83.2522
GA	Flemington	31.8494	-81.5619
GA	Flovilla	33.2524	-83.9029
GA	Flowery Branch	34.1713	-83.9187
GA	Folkston	30.8391	-82.0073
GA	Forest Park	33.6205	-84.3582
GA	Forsyth	33.0394	-83.9344
GA	Fort Gaines	31.6259	-85.0587
GA	Fort Oglethorpe	34.9318	-85.246
GA	Fort Stewart	31.8812	-81.6132
GA	Fort Valley	32.5511	-83.8799
GA	Franklin	33.2798	-85.0986
GA	Franklin Springs	34.2834	-83.1461
GA	Funston	31.1959	-83.8811
GA	Gainesville	34.2901	-83.8291
GA	Garden City	32.0872	-81.1766
GA	Gardi	31.5418	-81.7995
GA	Garfield	32.6492	-82.0973
GA	Gay	33.0958	-84.5794
GA	Geneva	32.5782	-84.5531
GA	Georgetown	31.9827	-81.2303
GA	Georgetown-Quitman County unified government	31.8629	-85.0048
GA	Gibson	33.2317	-82.601
GA	Gillsville	34.3076	-83.6381
GA	Girard	33.0339	-81.7155
GA	Glenn	33.1477	-85.214
GA	Glennville	31.9388	-81.9324
GA	Glenwood	32.1803	-82.6708
GA	Godfrey	33.4459	-83.5006
GA	Good Hope	33.7901	-83.6174
GA	Gordon	32.8862	-83.3336
GA	Gough	33.0841	-82.2313
GA	Graham	31.8249	-82.4976
GA	Grantville	33.2371	-84.8301
GA	Gray	33.002	-83.5409
GA	Grayson	33.8908	-83.9581
GA	Greensboro	33.5636	-83.1891
GA	Greenville	33.0309	-84.7163
GA	Gresham Park	33.707	-84.312
GA	Griffin	33.2432	-84.2719
GA	Grovetown	33.4498	-82.208
GA	Gumbranch	31.8367	-81.6838
GA	Gumlog	34.4989	-83.093
GA	Guyton	32.3323	-81.3904
GA	Hagan	32.1531	-81.9299
GA	Hahira	30.9965	-83.3815
GA	Hamilton	32.7647	-84.8753
GA	Hampton	33.3777	-84.299
GA	Hannahs Mill	32.9373	-84.3409
GA	Hapeville	33.6609	-84.4094
GA	Haralson	33.2293	-84.5687
GA	Hardwick	33.0456	-83.2488
GA	Harlem	33.4353	-82.3161
GA	Harrison	32.8264	-82.7258
GA	Hartwell	34.3496	-82.928
GA	Hawkinsville	32.3012	-83.4789
GA	Hazlehurst	31.8641	-82.5993
GA	Helen	34.7084	-83.7276
GA	Henderson	32.007	-81.2666
GA	Hephzibah	33.2923	-82.0957
GA	Heron Bay	33.339	-84.1922
GA	Hiawassee	34.9462	-83.7463
GA	Hickox	31.1451	-81.9949
GA	Higgston	32.2161	-82.4648
GA	Hilltop	33.1082	-84.4371
GA	Hiltonia	32.8833	-81.6615
GA	Hinesville	31.8267	-81.6158
GA	Hiram	33.8908	-84.7505
GA	Hoboken	31.1805	-82.1309
GA	Hogansville	33.167	-84.9028
GA	Holly Springs	34.1672	-84.4845
GA	Homeland	30.8601	-82.0208
GA	Homer	34.338	-83.4948
GA	Homerville	31.0382	-82.7421
GA	Hortense	31.329	-81.954
GA	Hoschton	34.0859	-83.7622
GA	Howard	32.6041	-84.3791
GA	Hull	34.0176	-83.2936
GA	Ideal	32.3729	-84.189
GA	Ila	34.1737	-83.2931
GA	Indian Springs	34.9606	-85.159
GA	Iron City	31.0136	-84.8133
GA	Irondale	33.4833	-84.3655
GA	Irwinton	32.8108	-83.1737
GA	Isle of Hope	31.9859	-81.0525
GA	Ivey	32.9099	-83.2998
GA	Jackson	33.2924	-83.9678
GA	Jacksonville	31.8134	-82.9758
GA	Jakin	31.0901	-84.9823
GA	Jasper	34.4662	-84.4359
GA	Jefferson	34.1362	-83.6022
GA	Jeffersonville	32.6863	-83.3427
GA	Jekyll Island	31.0637	-81.4187
GA	Jenkinsburg	33.3206	-84.0373
GA	Jersey	33.7169	-83.8043
GA	Jesup	31.5946	-81.8957
GA	Johns Creek	34.0327	-84.2038
GA	Jonesboro	33.5208	-84.3547
GA	Juliette	33.1137	-83.8084
GA	Junction City	32.6036	-84.4582
GA	Kennesaw	34.0272	-84.6171
GA	Kennesaw State University	34.0379	-84.5826
GA	Keysville	33.2362	-82.2293
GA	Kings Bay Base	30.7993	-81.5637
GA	Kingsland	30.8461	-81.7909
GA	Kingston	34.232	-84.9445
GA	Kite	32.6915	-82.5124
GA	Knoxville	32.7233	-83.9959
GA	LaFayette	34.7088	-85.2815
GA	LaGrange	33.027	-85.0383
GA	Lake City	33.6065	-84.3412
GA	Lake Park	30.6856	-83.1877
GA	Lakeland	31.0408	-83.0747
GA	Lakeview	34.9771	-85.2536
GA	Lakeview Estates	33.705	-84.0377
GA	Lavonia	34.4339	-83.108
GA	Lawrenceville	33.9529	-83.9922
GA	Leary	31.4844	-84.5117
GA	Leesburg	31.7321	-84.1685
GA	Lenox	31.261	-83.4669
GA	Leslie	31.9548	-84.0871
GA	Lexington	33.8701	-83.1102
GA	Lilburn	33.8906	-84.1369
GA	Lilly	32.1465	-83.8775
GA	Lincoln Park	32.8674	-84.3356
GA	Lincolnton	33.7927	-82.4784
GA	Lindale	34.1877	-85.1807
GA	Lithia Springs	33.7825	-84.6485
GA	Lithonia	33.713	-84.1062
GA	Locust Grove	33.3483	-84.1025
GA	Loganville	33.8365	-83.8961
GA	Lone Oak	33.1724	-84.8173
GA	Lookout Mountain	34.9665	-85.3619
GA	Louisville	32.9929	-82.3972
GA	Lovejoy	33.4415	-84.3174
GA	Ludowici	31.714	-81.7403
GA	Lula	34.3981	-83.6619
GA	Lumber City	31.9331	-82.6832
GA	Lumpkin	32.048	-84.7981
GA	Luthersville	33.2096	-84.7443
GA	Lyerly	34.4034	-85.4041
GA	Lyons	32.2049	-82.3212
GA	Mableton	33.8145	-84.5657
GA	Macon-Bibb County	32.8088	-83.6942
GA	Madison	33.579	-83.476
GA	Manassas	32.1611	-82.024
GA	Manchester	32.8591	-84.6344
GA	Manor	31.1031	-82.5667
GA	Mansfield	33.518	-83.7349
GA	Marietta	33.9536	-84.5425
GA	Marshallville	32.4586	-83.9398
GA	Martin	34.4858	-83.1975
GA	Martinez	33.5204	-82.1012
GA	Matthews	33.2193	-82.3017
GA	Maxeys	33.7549	-83.1726
GA	Maysville	34.2551	-83.5531
GA	McCaysville	34.982	-84.3712
GA	McDonough	33.4422	-84.151
GA	McIntyre	32.8469	-83.2009
GA	McRae-Helena	32.0636	-82.8969
GA	Meansville	33.0514	-84.3105
GA	Meigs	31.0718	-84.0927
GA	Mendes	31.9947	-81.9704
GA	Menlo	34.4835	-85.4776
GA	Mershon	31.4633	-82.2528
GA	Metter	32.3945	-82.0624
GA	Midville	32.8213	-82.2353
GA	Midway	31.801	-81.4167
GA	Milan	32.0192	-83.0623
GA	Milledgeville	33.0879	-83.2406
GA	Millen	32.8069	-81.942
GA	Millwood	31.2654	-82.6572
GA	Milner	33.1161	-84.1877
GA	Milstead	33.6879	-83.9907
GA	Milton	34.1443	-84.3142
GA	Mineral Bluff	34.9142	-84.2776
GA	Mitchell	33.2217	-82.7012
GA	Molena	33.0141	-84.5071
GA	Monroe	33.7975	-83.7187
GA	Montezuma	32.2973	-84.0191
GA	Montgomery	31.9479	-81.0979
GA	Monticello	33.2959	-83.6866
GA	Montrose	32.5592	-83.1532
GA	Moody AFB	30.9696	-83.1943
GA	Moreland	33.2864	-84.7696
GA	Morgan	31.5381	-84.6032
GA	Morganton	34.875	-84.2443
GA	Morrow	33.5783	-84.3356
GA	Morven	30.944	-83.5
GA	Moultrie	31.1794	-83.7908
GA	Mount Airy	34.5235	-83.4972
GA	Mount Vernon	32.1852	-82.5966
GA	Mount Zion	33.6426	-85.181
GA	Mountain City	34.9215	-83.3811
GA	Mountain Park	33.8467	-84.1322
GA	Musella	32.8019	-84.0324
GA	Nahunta	31.2062	-81.9812
GA	Nashville	31.2057	-83.2464
GA	Naylor	30.9102	-83.0742
GA	Nelson	34.3792	-84.3706
GA	New England	34.918	-85.4814
GA	Newborn	33.5161	-83.6957
GA	Newington	32.5892	-81.506
GA	Newnan	33.3797	-84.7712
GA	Newton	31.3168	-84.3395
GA	Nicholls	31.5204	-82.6381
GA	Nicholson	34.1166	-83.4251
GA	Norcross	33.9374	-84.2056
GA	Norman Park	31.269	-83.6845
GA	Norristown	32.507	-82.4986
GA	North Decatur	33.8073	-84.2889
GA	North Druid Hills	33.8195	-84.3267
GA	North High Shoals	33.8288	-83.5016
GA	Norwood	33.4627	-82.706
GA	Nunez	32.492	-82.3467
GA	Oak Park	32.3644	-82.324
GA	Oakwood	34.2221	-83.8849
GA	Ochlocknee	30.9754	-84.0506
GA	Ocilla	31.5986	-83.2498
GA	Oconee	32.8535	-82.9577
GA	Odum	31.6719	-82.0242
GA	Offerman	31.4099	-82.1143
GA	Oglethorpe	32.2932	-84.0628
GA	Ohoopee	32.1817	-82.222
GA	Oliver	32.5231	-81.5363
GA	Omega	31.339	-83.5937
GA	Orchard Hill	33.1852	-84.212
GA	Oxford	33.6284	-83.8723
GA	Palmetto	33.536	-84.6738
GA	Panthersville	33.7083	-84.2745
GA	Parrott	31.8944	-84.5117
GA	Patterson	31.3849	-82.1354
GA	Pavo	30.9594	-83.7393
GA	Peachtree City	33.3919	-84.5707
GA	Peachtree Corners	33.9671	-84.2323
GA	Pearson	31.2972	-82.854
GA	Pelham	31.1266	-84.1515
GA	Pembroke	32.1445	-81.6169
GA	Pendergrass	34.1659	-83.6789
GA	Perkins	32.9193	-81.9444
GA	Perry	32.472	-83.7262
GA	Phillipsburg	31.4389	-83.5203
GA	Pine Lake	33.7907	-84.2058
GA	Pine Mountain	32.852	-84.8516
GA	Pinehurst	32.1962	-83.7595
GA	Pineview	32.1043	-83.5089
GA	Piney Grove	32.6155	-85.0388
GA	Pitts	31.9462	-83.5418
GA	Plains	32.0331	-84.3945
GA	Plainville	34.4053	-85.0315
GA	Pooler	32.1056	-81.256
GA	Port Wentworth	32.192	-81.2057
GA	Portal	32.5382	-81.9288
GA	Porterdale	33.5737	-83.8948
GA	Poulan	31.5145	-83.7898
GA	Powder Springs	33.8642	-84.682
GA	Pulaski	32.3907	-81.9534
GA	Putney	31.4747	-84.1052
GA	Quitman	30.7845	-83.5605
GA	Ranger	34.5013	-84.7111
GA	Raoul	34.4577	-83.6009
GA	Ray City	31.0728	-83.1901
GA	Rayle	33.7913	-82.9085
GA	Rebecca	31.8072	-83.4876
GA	Redan	33.7387	-84.1671
GA	Reed Creek	34.4409	-82.9137
GA	Register	32.3645	-81.8805
GA	Reidsville	32.0873	-82.1248
GA	Remerton	30.8438	-83.3089
GA	Rentz	32.3829	-82.9918
GA	Resaca	34.5794	-84.9438
GA	Rest Haven	34.1362	-83.9747
GA	Reynolds	32.5605	-84.0944
GA	Rhine	31.9893	-83.2004
GA	Riceboro	31.7244	-81.4423
GA	Richland	32.0888	-84.662
GA	Richmond Hill	31.9	-81.311
GA	Riddleville	32.9027	-82.665
GA	Rincon	32.2947	-81.2353
GA	Ringgold	34.9137	-85.1215
GA	Riverdale	33.5639	-84.411
GA	Roberta	32.7198	-84.0104
GA	Robins AFB	32.61	-83.5829
GA	Rochelle	31.9488	-83.4569
GA	Rock Spring	34.8147	-85.2389
GA	Rockingham	31.5419	-82.4177
GA	Rockmart	34.0083	-85.045
GA	Rocky Ford	32.6635	-81.8355
GA	Rome	34.2661	-85.1861
GA	Roopville	33.4566	-85.1304
GA	Rossville	34.9758	-85.2896
GA	Roswell	34.0395	-84.3509
GA	Royston	34.2858	-83.1118
GA	Russell	33.979	-83.6923
GA	Rutledge	33.6257	-83.6097
GA	Sale City	31.2629	-84.0208
GA	Salem	32.7586	-84.1936
GA	Sandersville	32.9821	-82.8097
GA	Sandy Springs	33.9315	-84.3689
GA	Santa Claus	32.1707	-82.3296
GA	Sardis	32.9751	-81.7615
GA	Sasser	31.7199	-84.3478
GA	Satilla	31.7919	-82.5592
GA	Sautee-Nacoochee	34.6888	-83.6831
GA	Savannah	32.018	-81.1965
GA	Scotland	32.0472	-82.8176
GA	Scottdale	33.7954	-84.266
GA	Screven	31.4842	-82.0169
GA	Senoia	33.3077	-84.5548
GA	Seville	31.961	-83.6006
GA	Shady Dale	33.3985	-83.5894
GA	Shannon	34.3403	-85.0841
GA	Sharon	33.5627	-82.7954
GA	Sharpsburg	33.3371	-84.6509
GA	Shellman	31.7571	-84.6159
GA	Shiloh	32.8116	-84.6987
GA	Siloam	33.5409	-83.0849
GA	Skidaway Island	31.9378	-81.0464
GA	Sky Valley	34.985	-83.334
GA	Smarr	32.987	-83.883
GA	Smithville	31.9011	-84.2552
GA	Smyrna	33.8626	-84.5161
GA	Snellville	33.8602	-84.0063
GA	Social Circle	33.6461	-83.7128
GA	Soperton	32.3783	-82.594
GA	South Fulton	33.6357	-84.5834
GA	Sparks	31.169	-83.4412
GA	Sparta	33.2779	-82.9698
GA	Springfield	32.3616	-81.2982
GA	St. Marys	30.7542	-81.5726
GA	St. Simons	31.1801	-81.3854
GA	Stapleton	33.2169	-82.4672
GA	Statesboro	32.4377	-81.7756
GA	Statham	33.9628	-83.6038
GA	Sterling	31.2622	-81.5531
GA	Stillmore	32.4416	-82.2145
GA	Stockbridge	33.53	-84.2343
GA	Stockton	30.9464	-83.0036
GA	Stone Mountain	33.8042	-84.1714
GA	Stonecrest	33.6807	-84.1453
GA	Sugar Hill	34.086	-84.034
GA	Summertown	32.7452	-82.2769
GA	Summerville	34.4788	-85.3491
GA	Sumner	31.5103	-83.7368
GA	Sunny Side	33.3433	-84.2917
GA	Sunnyside	31.2395	-82.3418
GA	Sunset Village	32.8918	-84.4097
GA	Surrency	31.7219	-82.1978
GA	Suwanee	34.0511	-84.0659
GA	Swainsboro	32.5856	-82.3348
GA	Sycamore	31.6717	-83.6355
GA	Sylvania	32.7472	-81.6407
GA	Sylvester	31.5297	-83.8346
GA	Talahi Island	32.033	-80.976
GA	Talbotton	32.6772	-84.5406
GA	Talking Rock	34.5292	-84.492
GA	Tallapoosa	33.7367	-85.2874
GA	Tallulah Falls	34.7258	-83.3875
GA	Talmo	34.1794	-83.7174
GA	Tarrytown	32.319	-82.5599
GA	Tate City	34.9764	-83.5515
GA	Taylorsville	34.0851	-84.9856
GA	Tazewell	32.375	-84.438
GA	Temple	33.7332	-85.0273
GA	Tennille	32.9366	-82.8132
GA	The Rock	32.9607	-84.2392
GA	Thomaston	32.8917	-84.3267
GA	Thomasville	30.8394	-83.9788
GA	Thomson	33.4693	-82.4951
GA	Thunderbolt	32.0357	-81.0492
GA	Tifton	31.4621	-83.5205
GA	Tiger	34.8461	-83.4326
GA	Tignall	33.867	-82.7421
GA	Toccoa	34.5821	-83.3272
GA	Toomsboro	32.8224	-83.0826
GA	Trenton	34.8741	-85.5096
GA	Trion	34.5484	-85.3108
GA	Tucker	33.8452	-84.2021
GA	Tunnel Hill	34.8554	-85.0368
GA	Turin	33.323	-84.6387
GA	Twin City	32.5822	-82.1594
GA	Ty Ty	31.4719	-83.6503
GA	Tybee Island	32.0102	-80.8559
GA	Tyrone	33.4761	-84.5945
GA	Unadilla	32.2573	-83.7359
GA	Union City	33.5938	-84.5626
GA	Union Point	33.6188	-83.075
GA	Unionville	31.4365	-83.5091
GA	Uvalda	32.0381	-82.5075
GA	Valdosta	30.8501	-83.2788
GA	Varnell	34.9016	-84.9651
GA	Vernonburg	31.9662	-81.1206
GA	Vidalia	32.2121	-82.4022
GA	Vidette	33.0361	-82.244
GA	Vienna	32.0927	-83.7868
GA	Villa Rica	33.7284	-84.9167
GA	Vinings	33.8592	-84.4678
GA	Waco	33.7026	-85.1892
GA	Wadley	32.8648	-82.4028
GA	Waleska	34.317	-84.551
GA	Walnut Grove	33.7479	-83.85
GA	Walthourville	31.772	-81.6209
GA	Waresboro	31.2475	-82.472
GA	Warm Springs	32.8872	-84.6786
GA	Warner Robins	32.5971	-83.6539
GA	Warrenton	33.4061	-82.6654
GA	Warthen	33.0948	-82.8049
GA	Warwick	31.8298	-83.9206
GA	Washington	33.7323	-82.7436
GA	Watkinsville	33.8597	-83.4048
GA	Waverly	31.1098	-81.7276
GA	Waverly Hall	32.6829	-84.7283
GA	Waycross	31.211	-82.3577
GA	Waynesboro	33.0913	-82.0143
GA	Waynesville	31.2272	-81.7836
GA	Webster County unified government	32.0467	-84.5538
GA	Wenona	31.9109	-83.7511
GA	West Brow	34.9148	-85.4186
GA	West Point	32.8985	-85.1415
GA	Whigham	30.8839	-84.3274
GA	White	34.2822	-84.748
GA	White Plains	33.4803	-83.0363
GA	Whitemarsh Island	32.0303	-81.0129
GA	Whitesburg	33.4921	-84.9143
GA	Wildwood	34.9669	-85.4215
GA	Willacoochee	31.3351	-83.044
GA	Williamson	33.1783	-84.3576
GA	Wilmington Island	31.9997	-80.9752
GA	Winder	33.9926	-83.7231
GA	Winterville	33.9666	-83.2816
GA	Woodbine	30.9599	-81.7181
GA	Woodbury	32.9852	-84.582
GA	Woodland	32.7882	-84.5612
GA	Woodstock	34.1031	-84.513
GA	Woodville	33.6655	-83.1181
GA	Woolsey	33.3629	-84.407
GA	Wrens	33.2074	-82.3876
GA	Wrightsville	32.7268	-82.7191
GA	Yatesville	32.9134	-84.1427
GA	Yonah	34.6442	-83.743
GA	Young Harris	34.9346	-83.8477
GA	Zebulon	33.091	-84.3395
HI	Ahuimanu	21.4379	-157.8403
HI	Aiea	21.3853	-157.9247
HI	Ainaloa	19.5215	-154.9944
HI	Anahola	22.1464	-159.3146
HI	Black Sands	19.4136	-154.9588
HI	Captain Cook	19.4995	-155.8937
HI	Discovery Harbour	19.0415	-155.6254
HI	East Honolulu	21.2884	-157.7179
HI	East Kapolei	21.3633	-158.0409
HI	Eden Roc	19.4917	-155.0958
HI	Eleele	21.906	-159.5828
HI	Ewa Beach	21.3127	-158.0061
HI	Ewa Gentry	21.3344	-158.0262
HI	Ewa Villages	21.3417	-158.0389
HI	Fern Acres	19.5082	-155.0785
HI	Fern Forest	19.4647	-155.1324
HI	Haena	22.2185	-159.5611
HI	Haiku-Pauwela	20.9209	-156.3019
HI	Halaula	20.2171	-155.7765
HI	Halawa	21.3753	-157.9185
HI	Haleiwa	21.6024	-158.0956
HI	Haliimaile	20.8629	-156.3285
HI	Hana	20.774	-156.0143
HI	Hanalei	22.2038	-159.4977
HI	Hanamaulu	21.9969	-159.3471
HI	Hanapepe	21.9133	-159.5882
HI	Hauula	21.612	-157.9109
HI	Hawaiian Acres	19.5325	-155.0497
HI	Hawaiian Beaches	19.5446	-154.9289
HI	Hawaiian Ocean View	19.0959	-155.775
HI	Hawaiian Paradise Park	19.5873	-154.9731
HI	Hawi	20.2274	-155.8396
HI	Heeia	21.4202	-157.8189
HI	Helemano	21.5361	-158.0195
HI	Hickam Housing	21.331	-157.9544
HI	Hilo	19.6887	-155.0829
HI	Holualoa	19.6686	-155.9187
HI	Honalo	19.581	-155.8984
HI	Honaunau-Napoopoo	19.4725	-155.8415
HI	Honokaa	20.0776	-155.4644
HI	Honomu	19.8701	-155.1099
HI	Iroquois Point	21.3207	-157.9774
HI	Kaaawa	21.5431	-157.8505
HI	Kaanapali	20.9305	-156.6864
HI	Kahaluu	21.4564	-157.8421
HI	Kahaluu-Keauhou	19.5731	-155.9573
HI	Kahuku	21.6789	-157.9432
HI	Kahului	20.8685	-156.4656
HI	Kailua	19.6456	-155.9977
HI	Kaiminani	19.7567	-156.0011
HI	Kalaeloa	21.3135	-158.065
HI	Kalaheo	21.9186	-159.5187
HI	Kalapana	19.3566	-154.9752
HI	Kalihiwai	22.2176	-159.4492
HI	Kaloko	19.7284	-155.9537
HI	Kamaili	19.4391	-154.9188
HI	Kaneohe	21.4093	-157.7896
HI	Kaneohe Base	21.4454	-157.7514
HI	Kapaa	22.0882	-159.3519
HI	Kapaau	20.2346	-155.8017
HI	Kapalua	20.9941	-156.6431
HI	Kapolei	21.3399	-158.0678
HI	Kaumakani	21.9178	-159.6273
HI	Kaunakakai	21.0942	-157.0009
HI	Kawela Bay	21.699	-157.9989
HI	Keaau	19.6233	-155.0483
HI	Kealakekua	19.5287	-155.9111
HI	Kekaha	21.9675	-159.7145
HI	Keokea	20.721	-156.3624
HI	Kihei	20.7661	-156.4352
HI	Kilauea	22.212	-159.3987
HI	Ko Olina	21.3378	-158.1186
HI	Koloa	21.903	-159.4611
HI	Kualapuu	21.155	-157.0642
HI	Kukuihaele	20.1213	-155.5625
HI	Kula	20.7681	-156.3345
HI	Kurtistown	19.586	-155.0713
HI	Lahaina	20.886	-156.6662
HI	Laie	21.6455	-157.9229
HI	Lanai City	20.8279	-156.9147
HI	Launiupoko	20.8544	-156.6425
HI	Laupahoehoe	19.9699	-155.2361
HI	Lawai	21.9201	-159.501
HI	Leilani Estates	19.4658	-154.9157
HI	Lihue	21.9726	-159.3558
HI	Maalaea	20.8022	-156.4887
HI	Mahinahina	20.9546	-156.6573
HI	Maili	21.4144	-158.1748
HI	Makaha	21.4677	-158.2164
HI	Makaha Valley	21.4844	-158.1843
HI	Makakilo	21.359	-158.0812
HI	Makawao	20.848	-156.319
HI	Makena	20.624	-156.4286
HI	Manele	20.742	-156.9012
HI	Mauna Loa Estates	19.4274	-155.2213
HI	Maunaloa	21.1334	-157.2122
HI	Maunawili	21.3667	-157.7713
HI	Mililani Mauka	21.4756	-157.9948
HI	Mililani Town	21.4465	-158.0146
HI	Mokuleia	21.5794	-158.1718
HI	Mountain View	19.5345	-155.1844
HI	Naalehu	19.0698	-155.5751
HI	Nanakuli	21.3898	-158.155
HI	Nanawale Estates	19.5036	-154.9104
HI	Napili-Honokowai	20.9733	-156.6651
HI	Ocean Pointe	21.3135	-158.0272
HI	Olinda	20.8278	-156.2916
HI	Olowalu	20.8277	-156.6195
HI	Omao	21.9366	-159.4857
HI	Orchidlands Estates	19.557	-155.0142
HI	Paauilo	20.0349	-155.3736
HI	Pahala	19.1992	-155.4773
HI	Pahoa	19.496	-154.9453
HI	Paia	20.9093	-156.3693
HI	Pakala Village	21.951	-159.6391
HI	Papaikou	19.7923	-155.0922
HI	Paukaa	19.7644	-155.0919
HI	Pearl City	21.4026	-157.9569
HI	Pepeekeo	19.8325	-155.1056
HI	Poipu	21.886	-159.4572
HI	Princeville	22.2197	-159.4814
HI	Puako	19.9591	-155.8491
HI	Puhi	21.9616	-159.3917
HI	Pukalani	20.8329	-156.3415
HI	Punaluu	21.5819	-157.8896
HI	Pupukea	21.6522	-158.0579
HI	Royal Hawaiian Estates	19.4412	-155.184
HI	Royal Kunia	21.4053	-158.0318
HI	Schofield Barracks	21.4928	-158.0622
HI	Seaview	19.4067	-154.9214
HI	Tiki Gardens	19.5287	-155.0031
HI	Ualapue	21.0719	-156.835
HI	Urban Honolulu	21.3243	-157.8476
HI	Volcano	19.4864	-155.2774
HI	Volcano Golf Course	19.4424	-155.2788
HI	Wahiawa	21.5007	-158.018
HI	Waiahole-Waikane	21.4898	-157.866
HI	Waialua	21.5674	-158.1205
HI	Waianae	21.4518	-158.182
HI	Waihee-Waiehu	20.9239	-156.5076
HI	Waikapu	20.8367	-156.5306
HI	Waikele	21.4026	-158.0058
HI	Waikoloa Beach Resort	19.9306	-155.8779
HI	Waikoloa Village	19.9442	-155.8053
HI	Wailea	20.6824	-156.4353
HI	Wailua	22.0545	-159.3372
HI	Wailua Homesteads	22.0692	-159.3814
HI	Wailuku	20.8855	-156.5036
HI	Waimalu	21.3912	-157.9334
HI	Waimanalo	21.3421	-157.7302
HI	Waimanalo Beach	21.3299	-157.694
HI	Waimea	20.0103	-155.6255
HI	Wainaku	19.7438	-155.0998
HI	Wainiha	22.1921	-159.5467
HI	Waiohinu	19.0714	-155.6144
HI	Waipahu	21.3849	-158.011
HI	Waipio	21.4144	-157.9966
HI	Waipio Acres	21.4688	-158.0173
HI	West Loch Estate	21.3613	-158.0245
HI	Wheeler AFB	21.4755	-158.0352
HI	Whitmore Village	21.5126	-158.0291
IA	Ackley	42.5517	-93.0523
IA	Ackworth	41.3642	-93.4723
IA	Adair	41.5002	-94.6441
IA	Adel	41.6094	-94.0127
IA	Afton	41.0276	-94.1953
IA	Agency	40.997	-92.3073
IA	Ainsworth	41.2901	-91.5543
IA	Akron	42.8268	-96.557
IA	Albert City	42.7816	-94.9491
IA	Albia	41.0265	-92.8038
IA	Albion	42.1125	-92.9886
IA	Alburnett	42.1489	-91.6201
IA	Alden	42.5116	-93.3803
IA	Alexander	42.8044	-93.4786
IA	Algona	43.0763	-94.2317
IA	Alleman	41.8152	-93.6126
IA	Allerton	40.7083	-93.3686
IA	Allison	42.752	-92.7957
IA	Alta	42.6717	-95.3045
IA	Alta Vista	43.1967	-92.4169
IA	Alton	42.9877	-96.0094
IA	Altoona	41.6464	-93.4786
IA	Alvord	43.3417	-96.3037
IA	Amana	41.8036	-91.8752
IA	Ames	42.0263	-93.6213
IA	Anamosa	42.1088	-91.2752
IA	Anderson	40.7983	-95.6085
IA	Andover	41.9801	-90.2528
IA	Andrew	42.1532	-90.5923
IA	Anita	41.4437	-94.766
IA	Ankeny	41.7302	-93.6025
IA	Anthon	42.3881	-95.8655
IA	Aplington	42.5819	-92.8835
IA	Arcadia	42.0862	-95.0432
IA	Archer	43.115	-95.7442
IA	Aredale	42.8332	-93.0054
IA	Argo	41.6258	-90.4341
IA	Argyle	40.5358	-91.5677
IA	Arion	41.9478	-95.4624
IA	Arispe	40.949	-94.219
IA	Arlington	42.7488	-91.671
IA	Armstrong	43.3944	-94.4834
IA	Arnolds Park	43.3604	-95.1292
IA	Arthur	42.3354	-95.3469
IA	Asbury	42.512	-90.7799
IA	Ashton	43.3094	-95.7908
IA	Aspinwall	41.9105	-95.135
IA	Atalissa	41.5717	-91.1665
IA	Athelstan	40.5727	-94.5426
IA	Atkins	41.9942	-91.8587
IA	Atlantic	41.393	-95.0219
IA	Auburn	42.2495	-94.8777
IA	Audubon	41.718	-94.9284
IA	Augusta	40.7618	-91.2772
IA	Aurelia	42.7131	-95.4368
IA	Aurora	42.6194	-91.7295
IA	Avoca	41.4828	-95.3373
IA	Ayrshire	43.0396	-94.834
IA	Badger	42.6141	-94.1446
IA	Bagley	41.8464	-94.4303
IA	Baldwin	42.0731	-90.8386
IA	Balltown	42.6372	-90.8698
IA	Bancroft	43.2928	-94.2176
IA	Bankston	42.5076	-90.9613
IA	Barnes City	41.507	-92.4695
IA	Barnum	42.5062	-94.3657
IA	Bartlett	40.8853	-95.7947
IA	Bassett	43.0616	-92.5153
IA	Batavia	40.995	-92.1673
IA	Battle Creek	42.317	-95.6
IA	Baxter	41.8252	-93.1525
IA	Bayard	41.8521	-94.5586
IA	Beacon	41.2761	-92.681
IA	Beaconsfield	40.8072	-94.0508
IA	Beaman	42.2201	-92.8216
IA	Beaver	42.0383	-94.14
IA	Beaverdale	40.8486	-91.2023
IA	Bedford	40.6712	-94.7243
IA	Belle Plaine	41.8956	-92.2757
IA	Bellevue	42.2627	-90.4315
IA	Belmond	42.8464	-93.6084
IA	Bennett	41.7398	-90.9736
IA	Bentley	41.3755	-95.6225
IA	Benton	40.7043	-94.3599
IA	Berkley	41.9465	-94.1136
IA	Bernard	42.3132	-90.8317
IA	Bertram	41.9517	-91.5378
IA	Bettendorf	41.5668	-90.4769
IA	Bevington	41.3599	-93.7842
IA	Big Rock	41.7691	-90.8265
IA	Birmingham	40.8785	-91.9479
IA	Blairsburg	42.4784	-93.6428
IA	Blairstown	41.906	-92.0822
IA	Blakesburg	40.962	-92.6347
IA	Blanchard	40.5803	-95.2212
IA	Blencoe	41.9303	-96.0821
IA	Blockton	40.6169	-94.4778
IA	Bloomfield	40.7491	-92.417
IA	Blue Grass	41.5102	-90.7669
IA	Bode	42.868	-94.2862
IA	Bolan	43.371	-93.119
IA	Bonaparte	40.7012	-91.8007
IA	Bondurant	41.698	-93.4577
IA	Boone	42.0493	-93.8725
IA	Bouton	41.8511	-94.0106
IA	Boxholm	42.1736	-94.1061
IA	Boyden	43.1891	-96.0032
IA	Braddyville	40.5806	-95.0312
IA	Bradford	42.6367	-93.2524
IA	Bradgate	42.803	-94.4206
IA	Brandon	42.315	-92.0031
IA	Brayton	41.5447	-94.9303
IA	Breda	42.184	-94.975
IA	Bridgewater	41.2471	-94.6689
IA	Brighton	41.1747	-91.8212
IA	Bristow	42.7738	-92.9079
IA	Britt	43.0984	-93.8031
IA	Bronson	42.409	-96.2105
IA	Brooklyn	41.7321	-92.445
IA	Brunsville	42.811	-96.2664
IA	Buck Grove	41.9177	-95.3952
IA	Buckeye	42.4195	-93.3758
IA	Buffalo	41.4613	-90.7689
IA	Buffalo Center	43.3894	-93.9428
IA	Burchinal	43.0648	-93.2785
IA	Burlington	40.8071	-91.1237
IA	Burr Oak	43.458	-91.8619
IA	Burt	43.1991	-94.2213
IA	Bussey	41.2054	-92.8843
IA	Calamus	41.8264	-90.7597
IA	California Junction	41.5602	-95.9948
IA	Callender	42.3616	-94.2955
IA	Calmar	43.1811	-91.868
IA	Calumet	42.945	-95.5514
IA	Camanche	41.7927	-90.2762
IA	Cambridge	41.9017	-93.5366
IA	Cantril	40.6429	-92.0684
IA	Carbon	41.0498	-94.8246
IA	Carlisle	41.5136	-93.4968
IA	Carpenter	43.4151	-93.0172
IA	Carroll	42.0703	-94.8643
IA	Carson	41.2357	-95.4198
IA	Carter Lake	41.2885	-95.9169
IA	Cascade	42.3018	-91.0047
IA	Casey	41.5075	-94.5214
IA	Castalia	43.1126	-91.6769
IA	Castana	42.0734	-95.9104
IA	Cedar Falls	42.5191	-92.454
IA	Cedar Rapids	41.9659	-91.6789
IA	Center Junction	42.1141	-91.0903
IA	Center Point	42.1846	-91.7799
IA	Centerville	40.7298	-92.872
IA	Central City	42.2014	-91.523
IA	Centralia	42.4723	-90.8362
IA	Chapin	42.8353	-93.222
IA	Chariton	41.0174	-93.3096
IA	Charles City	43.0648	-92.6745
IA	Charlotte	41.9622	-90.4683
IA	Charter Oak	42.0678	-95.5895
IA	Chatsworth	42.9163	-96.5145
IA	Chelsea	41.9205	-92.3944
IA	Cherokee	42.7495	-95.5522
IA	Chester	43.4916	-92.364
IA	Chillicothe	41.0859	-92.5297
IA	Churdan	42.1541	-94.4779
IA	Cincinnati	40.6309	-92.9222
IA	Clare	42.5874	-94.3444
IA	Clarence	41.8858	-91.0579
IA	Clarinda	40.7377	-95.0337
IA	Clarion	42.732	-93.7298
IA	Clarksville	42.7792	-92.6684
IA	Clayton	42.9023	-91.1493
IA	Clear Lake	43.1351	-93.3737
IA	Clearfield	40.8006	-94.483
IA	Cleghorn	42.8125	-95.7127
IA	Clemons	42.1139	-93.1587
IA	Clermont	42.9996	-91.6523
IA	Climbing Hill	42.3394	-96.0811
IA	Clinton	41.8424	-90.2428
IA	Clio	40.636	-93.4514
IA	Clive	41.6132	-93.7979
IA	Clutier	42.0793	-92.4036
IA	Coalville	42.4401	-94.1158
IA	Coburg	40.9186	-95.2655
IA	Coggon	42.2778	-91.5299
IA	Coin	40.6558	-95.2349
IA	Colesburg	42.6388	-91.2011
IA	Colfax	41.6798	-93.2363
IA	College Springs	40.6214	-95.121
IA	Collins	41.9024	-93.3081
IA	Colo	42.0145	-93.3186
IA	Columbus City	41.2592	-91.3747
IA	Columbus Junction	41.2789	-91.3639
IA	Colwell	43.1572	-92.5916
IA	Conesville	41.3796	-91.3486
IA	Conrad	42.2234	-92.8741
IA	Conroy	41.7266	-91.9985
IA	Conway	40.749	-94.6193
IA	Coon Rapids	41.8747	-94.6785
IA	Coppock	41.1643	-91.7148
IA	Coralville	41.6988	-91.5968
IA	Corley	41.5777	-95.3306
IA	Corning	40.9924	-94.7388
IA	Correctionville	42.4776	-95.7832
IA	Corwith	42.9889	-93.9582
IA	Corydon	40.7579	-93.3176
IA	Cotter	41.2925	-91.462
IA	Coulter	42.733	-93.3701
IA	Council Bluffs	41.236	-95.8532
IA	Craig	42.8955	-96.3096
IA	Crawfordsville	41.2139	-91.5366
IA	Crescent	41.3653	-95.8589
IA	Cresco	43.3717	-92.1163
IA	Creston	41.0603	-94.3647
IA	Cromwell	41.0405	-94.4618
IA	Crystal Lake	43.223	-93.7927
IA	Cumberland	41.2732	-94.8705
IA	Cumming	41.4847	-93.7619
IA	Curlew	42.9797	-94.7378
IA	Cushing	42.4651	-95.6757
IA	Cylinder	43.0902	-94.5512
IA	Dakota City	42.7238	-94.1971
IA	Dallas Center	41.6855	-93.9807
IA	Dana	42.1072	-94.2383
IA	Danbury	42.2364	-95.7216
IA	Danville	40.86	-91.3145
IA	Davenport	41.5568	-90.6039
IA	Davis City	40.64	-93.8126
IA	Dawson	41.8431	-94.2203
IA	Dayton	42.2622	-94.0711
IA	De Soto	41.5378	-94.01
IA	DeWitt	41.8227	-90.5441
IA	Decatur	40.7427	-93.8328
IA	Decorah	43.3016	-91.7848
IA	Dedham	41.9084	-94.8233
IA	Deep River	41.5816	-92.3729
IA	Defiance	41.825	-95.3401
IA	Delaware	42.4721	-91.3383
IA	Delhi	42.4337	-91.3259
IA	Delmar	41.9989	-90.6079
IA	Deloit	42.0972	-95.3173
IA	Delphos	40.6632	-94.3396
IA	Delta	41.3228	-92.3306
IA	Denison	42.0164	-95.3529
IA	Denmark	40.7343	-91.3384
IA	Denver	42.6682	-92.3339
IA	Derby	40.9303	-93.4565
IA	Des Moines	41.5726	-93.6102
IA	Dexter	41.5154	-94.2276
IA	Diagonal	40.8109	-94.3419
IA	Diamondhead Lake	41.5546	-94.26
IA	Dickens	43.1338	-95.0222
IA	Dike	42.4641	-92.6256
IA	Dixon	41.7421	-90.7824
IA	Dolliver	43.4636	-94.6143
IA	Donahue	41.6915	-90.6746
IA	Donnellson	40.6453	-91.5641
IA	Doon	43.2793	-96.2331
IA	Douds	40.8446	-92.0732
IA	Dougherty	42.922	-93.0361
IA	Dow City	41.9275	-95.4944
IA	Downey	41.6119	-91.3473
IA	Dows	42.6584	-93.502
IA	Drakesville	40.7986	-92.4813
IA	Dubuque	42.4989	-90.7073
IA	Dumont	42.7522	-92.9737
IA	Duncan	43.1082	-93.7021
IA	Duncombe	42.4698	-93.9968
IA	Dundee	42.5793	-91.5465
IA	Dunkerton	42.5685	-92.16
IA	Dunlap	41.8519	-95.6019
IA	Durango	42.562	-90.7754
IA	Durant	41.6011	-90.9138
IA	Dyersville	42.4815	-91.1166
IA	Dysart	42.1721	-92.3091
IA	Eagle Grove	42.6663	-93.9024
IA	Earlham	41.4944	-94.1223
IA	Earling	41.7763	-95.419
IA	Earlville	42.4827	-91.2701
IA	Early	42.4611	-95.1524
IA	East Amana	41.8086	-91.8527
IA	East Peru	41.227	-93.9295
IA	Eddyville	41.1593	-92.6303
IA	Edgewood	42.6442	-91.4022
IA	Elberon	42.0055	-92.3161
IA	Eldon	40.918	-92.2182
IA	Eldora	42.3605	-93.1013
IA	Eldridge	41.639	-90.5809
IA	Elgin	42.9554	-91.6354
IA	Elk Horn	41.5931	-95.0613
IA	Elk Run Heights	42.4688	-92.256
IA	Elkader	42.8574	-91.4028
IA	Elkhart	41.7942	-93.5232
IA	Elkport	42.7418	-91.2748
IA	Elliott	41.1494	-95.163
IA	Ellston	40.8401	-94.1084
IA	Ellsworth	42.3102	-93.5819
IA	Elma	43.2457	-92.4387
IA	Ely	41.8803	-91.5863
IA	Emerson	41.018	-95.4027
IA	Emmetsburg	43.1148	-94.6796
IA	Epworth	42.4465	-90.9314
IA	Essex	40.8328	-95.3053
IA	Estherville	43.3997	-94.8342
IA	Evansdale	42.4657	-92.2694
IA	Everly	43.1651	-95.3175
IA	Exira	41.5914	-94.8813
IA	Exline	40.6491	-92.8432
IA	Fairbank	42.6401	-92.0478
IA	Fairfax	41.9255	-91.7778
IA	Fairfield	41.0064	-91.9666
IA	Fairport	41.4397	-90.9241
IA	Farley	42.4437	-91.0092
IA	Farmersburg	42.9593	-91.3667
IA	Farmington	40.6388	-91.739
IA	Farnhamville	42.2765	-94.4077
IA	Farragut	40.7201	-95.4808
IA	Fayette	42.8418	-91.8038
IA	Fenton	43.2184	-94.4279
IA	Ferguson	41.9386	-92.8629
IA	Fertile	43.2623	-93.4232
IA	Floris	40.8645	-92.3326
IA	Floyd	43.1282	-92.7399
IA	Fonda	42.5817	-94.8455
IA	Fontanelle	41.29	-94.5602
IA	Forest City	43.2571	-93.6366
IA	Fort Atkinson	43.1443	-91.9345
IA	Fort Dodge	42.5099	-94.1757
IA	Fort Madison	40.6208	-91.3495
IA	Fostoria	43.243	-95.1549
IA	Franklin	40.6668	-91.5118
IA	Fraser	42.1272	-93.9742
IA	Fredericksburg	42.9648	-92.1965
IA	Frederika	42.8834	-92.306
IA	Fredonia	41.2843	-91.3392
IA	Fremont	41.2125	-92.4337
IA	Fruitland	41.3475	-91.1288
IA	Frytown	41.5719	-91.7321
IA	Galt	42.6935	-93.6046
IA	Galva	42.5057	-95.418
IA	Garber	42.7442	-91.2607
IA	Garden City	42.2455	-93.3954
IA	Garden Grove	40.8267	-93.6069
IA	Garnavillo	42.8667	-91.2362
IA	Garner	43.1	-93.6031
IA	Garrison	42.145	-92.1442
IA	Garwin	42.0935	-92.6791
IA	Geneva	42.6748	-93.1298
IA	George	43.3419	-96.0033
IA	Gibson	41.4803	-92.3922
IA	Gilbert	42.1062	-93.6461
IA	Gilbertville	42.4183	-92.2141
IA	Gillett Grove	43.0163	-95.0368
IA	Gilman	41.8789	-92.7881
IA	Gilmore City	42.7268	-94.4368
IA	Gladbrook	42.1861	-92.7151
IA	Glenwood	41.0447	-95.7406
IA	Glidden	42.0578	-94.7266
IA	Goldfield	42.7356	-93.9179
IA	Goodell	42.9238	-93.6141
IA	Goose Lake	41.9676	-90.3818
IA	Gowrie	42.2779	-94.2897
IA	Graettinger	43.237	-94.7505
IA	Graf	42.4939	-90.8732
IA	Grafton	43.3307	-93.0687
IA	Grand Junction	42.033	-94.237
IA	Grand Mound	41.8237	-90.6507
IA	Grand River	40.819	-93.9631
IA	Grandview	41.2771	-91.1881
IA	Granger	41.7617	-93.8236
IA	Grant	41.1433	-94.9842
IA	Granville	42.9853	-95.875
IA	Gravity	40.7635	-94.7444
IA	Gray	41.8417	-94.9859
IA	Greeley	42.5849	-91.3417
IA	Green Mountain	42.1019	-92.8196
IA	Greene	42.8965	-92.8035
IA	Greenfield	41.3058	-94.4593
IA	Greenville	43.017	-95.1461
IA	Grimes	41.6778	-93.8023
IA	Grinnell	41.7352	-92.7249
IA	Griswold	41.2343	-95.1394
IA	Grundy Center	42.3637	-92.774
IA	Gruver	43.3931	-94.7036
IA	Guernsey	41.6506	-92.346
IA	Guthrie Center	41.6779	-94.4992
IA	Guttenberg	42.7886	-91.1088
IA	Halbur	42.0053	-94.9719
IA	Hamburg	40.6062	-95.6547
IA	Hamilton	41.1705	-92.9041
IA	Hampton	42.742	-93.205
IA	Hancock	41.3946	-95.3597
IA	Hanlontown	43.2809	-93.3789
IA	Hansell	42.7578	-93.1041
IA	Harcourt	42.2606	-94.1745
IA	Hardy	42.8102	-94.0512
IA	Harlan	41.6495	-95.3268
IA	Harper	41.3637	-92.0509
IA	Harpers Ferry	43.2008	-91.1522
IA	Harris	43.4451	-95.4372
IA	Hartford	41.4577	-93.4038
IA	Hartley	43.1791	-95.4768
IA	Hartwick	41.7856	-92.3452
IA	Harvey	41.3179	-92.9227
IA	Hastings	41.0252	-95.4947
IA	Havelock	42.833	-94.701
IA	Haverhill	41.9441	-92.9607
IA	Hawarden	43.0013	-96.4829
IA	Hawkeye	42.9378	-91.9504
IA	Hayesville	41.2648	-92.2478
IA	Hayfield	43.1786	-93.6948
IA	Hazleton	42.6185	-91.9061
IA	Hedrick	41.1713	-92.3079
IA	Henderson	41.1399	-95.4303
IA	Hiawatha	42.0561	-91.6899
IA	High Amana	41.8011	-91.9419
IA	Hills	41.5566	-91.5363
IA	Hillsboro	40.8372	-91.7113
IA	Hinton	42.6228	-96.2982
IA	Holiday Lake	41.818	-92.4535
IA	Holland	42.4001	-92.7988
IA	Holstein	42.4871	-95.5429
IA	Holy Cross	42.6011	-90.9962
IA	Homestead	41.7612	-91.8711
IA	Hopkinton	42.3429	-91.249
IA	Hornick	42.229	-96.0965
IA	Hospers	43.0719	-95.9037
IA	Houghton	40.7837	-91.61
IA	Hubbard	42.3058	-93.3017
IA	Hudson	42.4349	-92.4513
IA	Hull	43.1895	-96.1341
IA	Humboldt	42.7229	-94.225
IA	Humeston	40.8607	-93.4973
IA	Hutchins	43.0878	-93.8866
IA	Huxley	41.8966	-93.592
IA	Ida Grove	42.3432	-95.4734
IA	Imogene	40.8777	-95.4292
IA	Independence	42.4622	-91.9032
IA	Indianola	41.363	-93.5655
IA	Inwood	43.3092	-96.4344
IA	Ionia	43.0359	-92.4584
IA	Iowa City	41.6557	-91.5309
IA	Iowa Falls	42.5192	-93.2661
IA	Ireton	42.9749	-96.3216
IA	Irvington	43.0129	-94.1957
IA	Irwin	41.7901	-95.2068
IA	Jackson Junction	43.1013	-92.0462
IA	Jacksonville	41.6451	-95.1517
IA	Jamaica	41.8454	-94.307
IA	Janesville	42.6458	-92.4624
IA	Jefferson	42.0177	-94.3794
IA	Jesup	42.4745	-92.0656
IA	Jewell Junction	42.3116	-93.6387
IA	Johnston	41.6919	-93.7245
IA	Joice	43.3641	-93.4573
IA	Jolley	42.4794	-94.7191
IA	Kalona	41.4874	-91.7018
IA	Kamrar	42.3897	-93.7279
IA	Kanawha	42.9342	-93.7932
IA	Kellerton	40.7104	-94.0499
IA	Kelley	41.9509	-93.665
IA	Kellogg	41.718	-92.9072
IA	Kensett	43.3534	-93.2108
IA	Kent	40.9536	-94.4611
IA	Kent Estates	41.4665	-91.0569
IA	Keokuk	40.4095	-91.4025
IA	Keomah Village	41.2868	-92.5369
IA	Keosauqua	40.7346	-91.9603
IA	Keota	41.3651	-91.9533
IA	Keswick	41.4545	-92.2383
IA	Keystone	41.9995	-92.1982
IA	Kimballton	41.6272	-95.0747
IA	Kingsley	42.5864	-95.9679
IA	Kingston	40.9792	-91.0458
IA	Kinross	41.4591	-91.9873
IA	Kirkman	41.7286	-95.2671
IA	Kirkville	41.1423	-92.5036
IA	Kiron	42.1942	-95.3271
IA	Klemme	43.0096	-93.6013
IA	Knierim	42.4563	-94.4559
IA	Knoxville	41.3185	-93.1026
IA	La Motte	42.2956	-90.6233
IA	La Porte City	42.3138	-92.1909
IA	Lacona	41.1901	-93.3851
IA	Ladora	41.7557	-92.1859
IA	Lake City	42.2677	-94.7311
IA	Lake Mills	43.4171	-93.5316
IA	Lake Panorama	41.7215	-94.404
IA	Lake Park	43.4469	-95.3249
IA	Lake View	42.302	-95.0358
IA	Lakeside	42.6174	-95.1774
IA	Lakota	43.3786	-94.0963
IA	Lambs Grove	41.7008	-93.0793
IA	Lamoni	40.6196	-93.9305
IA	Lamont	42.5986	-91.6404
IA	Lanesboro	42.1825	-94.6898
IA	Lansing	43.3598	-91.2229
IA	Larchwood	43.4546	-96.4363
IA	Larrabee	42.8615	-95.5447
IA	Latimer	42.7629	-93.3655
IA	Laurel	41.884	-92.9223
IA	Laurens	42.8475	-94.8479
IA	Lawler	43.0719	-92.1528
IA	Lawton	42.477	-96.1851
IA	Le Claire	41.5956	-90.377
IA	Le Grand	42.0072	-92.7751
IA	Le Mars	42.7815	-96.1733
IA	Le Roy	40.8779	-93.5926
IA	Leando	40.8212	-92.0745
IA	Ledyard	43.4192	-94.1593
IA	Lehigh	42.3582	-94.0534
IA	Leighton	41.3388	-92.7863
IA	Leland	43.334	-93.6318
IA	Lenox	40.8832	-94.5579
IA	Leon	40.7413	-93.7556
IA	Lester	43.4403	-96.3314
IA	Letts	41.33	-91.2354
IA	Lewis	41.3064	-95.0843
IA	Libertyville	40.9582	-92.0496
IA	Lidderdale	42.1224	-94.7836
IA	Lime Springs	43.4499	-92.2841
IA	Lincoln	42.2627	-92.6923
IA	Linden	41.6427	-94.27
IA	Lineville	40.587	-93.5232
IA	Linn Grove	42.8939	-95.2436
IA	Lisbon	41.9205	-91.3916
IA	Liscomb	42.1913	-93.0063
IA	Little Cedar	43.38	-92.7257
IA	Little Rock	43.4471	-95.8804
IA	Little Sioux	41.8082	-96.0274
IA	Livermore	42.8678	-94.1838
IA	Lockridge	40.9936	-91.7507
IA	Logan	41.6454	-95.7913
IA	Lohrville	42.2669	-94.5515
IA	Lone Rock	43.2209	-94.3253
IA	Lone Tree	41.4859	-91.4267
IA	Long Grove	41.6922	-90.5803
IA	Lorimor	41.1267	-94.0569
IA	Lost Nation	41.9675	-90.8181
IA	Loveland	41.497	-95.8902
IA	Lovilia	41.1347	-92.9079
IA	Low Moor	41.8029	-90.355
IA	Lowden	41.8589	-90.9229
IA	Lowell	40.8343	-91.4386
IA	Lu Verne	42.9095	-94.0836
IA	Luana	43.0594	-91.4557
IA	Lucas	41.0324	-93.4616
IA	Luther	41.9669	-93.8176
IA	Luxemburg	42.604	-91.0726
IA	Luzerne	41.9054	-92.1804
IA	Lynnville	41.5729	-92.7869
IA	Lytton	42.4233	-94.8609
IA	Macedonia	41.1923	-95.4265
IA	Macksburg	41.2147	-94.1851
IA	Madrid	41.8757	-93.8205
IA	Magnolia	41.6927	-95.8741
IA	Maharishi Vedic City	41.0545	-92.0146
IA	Malcom	41.7061	-92.5553
IA	Mallard	42.9394	-94.6834
IA	Maloy	40.6706	-94.4096
IA	Malvern	41.0037	-95.5841
IA	Manchester	42.4853	-91.4561
IA	Manilla	41.8926	-95.2345
IA	Manly	43.2883	-93.2008
IA	Manning	41.9096	-95.0644
IA	Manson	42.5286	-94.5401
IA	Mapleton	42.1673	-95.7909
IA	Maquoketa	42.0605	-90.6639
IA	Marathon	42.8602	-94.9829
IA	Marble Rock	42.9646	-92.8678
IA	Marcus	42.8224	-95.8068
IA	Marengo	41.7962	-92.0681
IA	Marion	42.0454	-91.5862
IA	Marne	41.4489	-95.1109
IA	Marquette	43.0431	-91.1925
IA	Marshalltown	42.0343	-92.9063
IA	Martelle	42.0204	-91.3578
IA	Martensdale	41.3738	-93.7388
IA	Martinsburg	41.1788	-92.2519
IA	Marysville	41.1808	-92.9538
IA	Mason City	43.1486	-93.1998
IA	Masonville	42.4798	-91.5915
IA	Massena	41.2506	-94.7699
IA	Matlock	43.2443	-95.9344
IA	Maurice	42.9661	-96.182
IA	Maxwell	41.8914	-93.3961
IA	Maynard	42.7733	-91.878
IA	Maysville	41.6495	-90.7185
IA	McCallsburg	42.1649	-93.3908
IA	McCausland	41.7434	-90.4459
IA	McClelland	41.3316	-95.6814
IA	McGregor	43.0283	-91.1857
IA	McIntire	43.4359	-92.5936
IA	Mechanicsville	41.9056	-91.2533
IA	Mediapolis	41.0079	-91.1637
IA	Melbourne	41.9416	-93.1023
IA	Melcher-Dallas	41.227	-93.2416
IA	Melrose	40.9791	-93.0508
IA	Melvin	43.2865	-95.6086
IA	Menlo	41.5221	-94.4038
IA	Meriden	42.7945	-95.6341
IA	Merrill	42.7205	-96.2519
IA	Meservey	42.9156	-93.4733
IA	Meyer	43.4618	-92.7011
IA	Middle Amana	41.7948	-91.9015
IA	Middletown	40.8279	-91.2622
IA	Miles	42.0481	-90.3133
IA	Milford	43.3417	-95.1457
IA	Miller	43.1864	-93.6076
IA	Millersburg	41.5733	-92.1594
IA	Millerton	40.8499	-93.3066
IA	Milo	41.2893	-93.4404
IA	Milton	40.6715	-92.162
IA	Minburn	41.7576	-94.0285
IA	Minden	41.4694	-95.5432
IA	Mineola	41.1414	-95.6948
IA	Mingo	41.7662	-93.2825
IA	Missouri Valley	41.5593	-95.9026
IA	Mitchell	43.3202	-92.8711
IA	Mitchellville	41.6672	-93.3659
IA	Modale	41.6182	-96.0121
IA	Mona	43.486	-92.9534
IA	Mondamin	41.71	-96.0215
IA	Monmouth	42.0751	-90.8822
IA	Monona	43.0498	-91.3911
IA	Monroe	41.5189	-93.1037
IA	Montezuma	41.583	-92.5278
IA	Monticello	42.2304	-91.1859
IA	Montour	41.9803	-92.7151
IA	Montpelier	41.4614	-90.8114
IA	Montrose	40.5253	-91.4184
IA	Mooar	40.4319	-91.4446
IA	Moorhead	41.9233	-95.8514
IA	Moorland	42.4415	-94.2954
IA	Moravia	40.8917	-92.82
IA	Morley	42.0061	-91.2459
IA	Morning Sun	41.0941	-91.2506
IA	Morrison	42.343	-92.6733
IA	Moscow	41.5707	-91.0743
IA	Moulton	40.6855	-92.6763
IA	Mount Auburn	42.2573	-92.0939
IA	Mount Ayr	40.7141	-94.2372
IA	Mount Pleasant	40.9622	-91.5472
IA	Mount Sterling	40.6185	-91.9354
IA	Mount Union	41.0577	-91.3914
IA	Mount Vernon	41.9237	-91.4238
IA	Moville	42.4902	-96.0679
IA	Murray	41.0413	-93.9488
IA	Muscatine	41.4191	-91.0679
IA	Mystic	40.7792	-92.9444
IA	Nashua	42.9504	-92.5425
IA	Nemaha	42.5147	-95.0885
IA	Neola	41.4519	-95.6189
IA	Nevada	42.0175	-93.4697
IA	New Albin	43.497	-91.2879
IA	New Hampton	43.0562	-92.3147
IA	New Hartford	42.5682	-92.6214
IA	New Haven	43.2839	-92.6422
IA	New Liberty	41.716	-90.8778
IA	New London	40.9229	-91.4007
IA	New Market	40.7326	-94.9
IA	New Providence	42.2813	-93.1716
IA	New Sharon	41.4701	-92.651
IA	New Vienna	42.5477	-91.1139
IA	New Virginia	41.1818	-93.7311
IA	Newell	42.6097	-95.004
IA	Newhall	41.9932	-91.9672
IA	Newton	41.6963	-93.0405
IA	Nichols	41.4797	-91.308
IA	Nodaway	40.9361	-94.8974
IA	Nora Springs	43.1441	-93.0089
IA	North Buena Vista	42.6727	-90.9613
IA	North English	41.5168	-92.0777
IA	North Liberty	41.7436	-91.6112
IA	North Washington	43.1171	-92.4151
IA	Northboro	40.6073	-95.2925
IA	Northwood	43.4441	-93.216
IA	Norwalk	41.4837	-93.6955
IA	Norway	41.9022	-91.9228
IA	Numa	40.6856	-92.9801
IA	Oak Hills	40.7555	-91.1497
IA	Oakland	41.3104	-95.3997
IA	Oakland Acres	41.7209	-92.8199
IA	Oakville	41.098	-91.0438
IA	Ocheyedan	43.4182	-95.5367
IA	Odebolt	42.3118	-95.2544
IA	Oelwein	42.6716	-91.9128
IA	Ogden	42.0395	-94.0283
IA	Okoboji	43.3881	-95.1332
IA	Olds	41.1343	-91.544
IA	Olin	41.9975	-91.1412
IA	Ollie	41.1992	-92.0923
IA	Onawa	42.0265	-96.0909
IA	Onslow	42.1069	-91.0151
IA	Orange City	43.0018	-96.0553
IA	Orchard	43.2275	-92.7759
IA	Orient	41.2032	-94.4173
IA	Orleans	43.4527	-95.0859
IA	Osage	43.2827	-92.8113
IA	Osceola	41.0297	-93.7853
IA	Oskaloosa	41.2922	-92.6409
IA	Ossian	43.147	-91.7646
IA	Osterdock	42.7313	-91.1587
IA	Otho	42.4222	-94.1494
IA	Oto	42.2822	-95.8946
IA	Otranto	43.4609	-92.9863
IA	Ottosen	42.8977	-94.376
IA	Ottumwa	41.0223	-92.4233
IA	Owasa	42.4319	-93.2047
IA	Oxford	41.7228	-91.7911
IA	Oxford Junction	41.9837	-90.9543
IA	Oyens	42.8198	-96.058
IA	Pacific Junction	41.018	-95.7995
IA	Packwood	41.1327	-92.0825
IA	Palmer	42.6301	-94.5985
IA	Palo	42.0642	-91.7993
IA	Panama	41.7262	-95.4754
IA	Panora	41.6911	-94.3639
IA	Panorama Park	41.5557	-90.4538
IA	Park View	41.6943	-90.539
IA	Parkersburg	42.5739	-92.7785
IA	Parnell	41.5837	-92.0044
IA	Paton	42.1644	-94.255
IA	Patterson	41.3484	-93.8776
IA	Paullina	42.9799	-95.6834
IA	Pella	41.4047	-92.9174
IA	Peosta	42.4477	-90.8443
IA	Percival	40.7513	-95.8133
IA	Perry	41.8379	-94.0933
IA	Persia	41.5786	-95.5701
IA	Peterson	42.9173	-95.3431
IA	Pierson	42.5436	-95.8665
IA	Pilot Mound	42.1592	-94.0183
IA	Pisgah	41.8299	-95.9262
IA	Plainfield	42.8445	-92.5357
IA	Plainview	41.6672	-90.7801
IA	Plano	40.7556	-93.0469
IA	Pleasant Hill	41.5991	-93.505
IA	Pleasant Plain	41.1472	-91.8596
IA	Pleasanton	40.5824	-93.7429
IA	Pleasantville	41.387	-93.2728
IA	Plover	42.8766	-94.6223
IA	Plymouth	43.2464	-93.1233
IA	Pocahontas	42.737	-94.666
IA	Polk City	41.7818	-93.7226
IA	Pomeroy	42.5519	-94.6779
IA	Popejoy	42.5938	-93.4278
IA	Portland	43.1226	-93.1375
IA	Portsmouth	41.6503	-95.5195
IA	Postville	43.0842	-91.5677
IA	Prairie City	41.5954	-93.2393
IA	Prairieburg	42.2375	-91.4257
IA	Prescott	41.0236	-94.6128
IA	Preston	42.0492	-90.397
IA	Primghar	43.0863	-95.6206
IA	Princeton	41.6695	-90.3576
IA	Promise City	40.7476	-93.1483
IA	Protivin	43.2167	-92.0889
IA	Pulaski	40.6944	-92.2742
IA	Quasqueton	42.3948	-91.7577
IA	Quimby	42.6291	-95.6441
IA	Radcliffe	42.3177	-93.4343
IA	Rake	43.4806	-93.9197
IA	Ralston	42.0419	-94.6293
IA	Randalia	42.8634	-91.8867
IA	Randall	42.237	-93.6026
IA	Randolph	40.8731	-95.5647
IA	Rathbun	40.8018	-92.8879
IA	Raymond	42.4694	-92.2297
IA	Readlyn	42.7037	-92.225
IA	Reasnor	41.5789	-93.0229
IA	Red Oak	41.0141	-95.2244
IA	Redding	40.6054	-94.3819
IA	Redfield	41.5904	-94.1962
IA	Reinbeck	42.3225	-92.5943
IA	Rembrandt	42.8257	-95.1656
IA	Remsen	42.8158	-95.9726
IA	Renwick	42.8269	-93.9813
IA	Rhodes	41.9278	-93.1837
IA	Riceville	43.3616	-92.5533
IA	Richland	41.1855	-91.9936
IA	Rickardsville	42.5816	-90.8763
IA	Ricketts	42.128	-95.5749
IA	Ridgeway	43.2971	-91.9924
IA	Rinard	42.3396	-94.4849
IA	Ringsted	43.2951	-94.5074
IA	Rippey	41.9339	-94.2007
IA	River Sioux	41.8024	-96.048
IA	Riverdale	41.5373	-90.4636
IA	Riverside	41.4832	-91.5722
IA	Riverton	40.6869	-95.5686
IA	Robins	42.0787	-91.674
IA	Rochester	41.6741	-91.1443
IA	Rock Falls	43.2071	-93.0868
IA	Rock Rapids	43.4267	-96.1664
IA	Rock Valley	43.2026	-96.289
IA	Rockford	43.0524	-92.9477
IA	Rockwell	42.98	-93.1872
IA	Rockwell City	42.3981	-94.6289
IA	Rodman	43.0266	-94.5274
IA	Rodney	42.2045	-95.9507
IA	Roland	42.166	-93.503
IA	Rolfe	42.8132	-94.5319
IA	Rome	40.9822	-91.6812
IA	Rose Hill	41.3204	-92.4636
IA	Roseville	43.0254	-92.8082
IA	Rossie	43.0137	-95.1886
IA	Rowan	42.7399	-93.5503
IA	Rowley	42.3685	-91.8443
IA	Royal	43.0644	-95.2837
IA	Rudd	43.1263	-92.9047
IA	Runnells	41.514	-93.3601
IA	Russell	40.9804	-93.2011
IA	Ruthven	43.1301	-94.8987
IA	Rutland	42.7614	-94.2952
IA	Ryan	42.3523	-91.4849
IA	Sabula	42.0702	-90.1825
IA	Sac City	42.422	-94.9974
IA	Sageville	42.5495	-90.7064
IA	Salem	40.8522	-91.6207
IA	Salix	42.3119	-96.2922
IA	Sanborn	43.1814	-95.6553
IA	Sandusky	40.448	-91.389
IA	Sandyville	41.3709	-93.3862
IA	Saylorville	41.6808	-93.627
IA	Scarville	43.471	-93.6184
IA	Schaller	42.4965	-95.2963
IA	Schleswig	42.161	-95.4346
IA	Scranton	42.0192	-94.5492
IA	Searsboro	41.5791	-92.7041
IA	Sergeant Bluff	42.3975	-96.3509
IA	Sexton	43.0749	-94.0892
IA	Seymour	40.6821	-93.1211
IA	Shambaugh	40.6575	-95.0353
IA	Shannon City	40.8988	-94.2637
IA	Sharpsburg	40.8045	-94.6381
IA	Sheffield	42.8888	-93.2071
IA	Shelby	41.5056	-95.4494
IA	Sheldahl	41.8645	-93.6967
IA	Sheldon	43.1797	-95.8434
IA	Shell Rock	42.7123	-92.5817
IA	Shellsburg	42.0929	-91.8713
IA	Shenandoah	40.7582	-95.3721
IA	Sherrill	42.6046	-90.7842
IA	Shueyville	41.8463	-91.6512
IA	Sibley	43.4015	-95.743
IA	Sidney	40.7459	-95.6447
IA	Sigourney	41.334	-92.2044
IA	Silver City	41.1115	-95.6379
IA	Sioux Center	43.0748	-96.1704
IA	Sioux City	42.4953	-96.3899
IA	Sioux Rapids	42.8917	-95.1485
IA	Slater	41.8807	-93.6912
IA	Sloan	42.2331	-96.2248
IA	Smithland	42.2289	-95.9316
IA	Soldier	41.9843	-95.7804
IA	Solon	41.8068	-91.4989
IA	Somers	42.3787	-94.431
IA	South Amana	41.7704	-91.9599
IA	South English	41.4522	-92.0903
IA	Spencer	43.147	-95.1527
IA	Sperry	40.962	-91.1641
IA	Spillville	43.2028	-91.9522
IA	Spirit Lake	43.4167	-95.1131
IA	Spragueville	42.0715	-90.4327
IA	Spring Hill	41.4122	-93.6501
IA	Springbrook	42.1657	-90.4791
IA	Springville	42.0405	-91.4612
IA	St. Ansgar	43.3799	-92.9178
IA	St. Anthony	42.1235	-93.1975
IA	St. Benedict	43.044	-94.061
IA	St. Charles	41.2872	-93.8075
IA	St. Donatus	42.3624	-90.5422
IA	St. Joseph	42.9123	-94.2309
IA	St. Lucas	43.0665	-91.9341
IA	St. Marys	41.3077	-93.7338
IA	St. Olaf	42.9268	-91.3877
IA	St. Paul	40.7678	-91.5164
IA	Stacyville	43.4392	-92.7839
IA	Stanhope	42.2889	-93.796
IA	Stanley	42.642	-91.8119
IA	Stanton	40.9812	-95.1028
IA	Stanwood	41.8927	-91.1488
IA	State Center	42.0148	-93.1653
IA	Steamboat Rock	42.4081	-93.0662
IA	Stockport	40.8573	-91.8333
IA	Stockton	41.5908	-90.8564
IA	Stone City	42.1054	-91.3502
IA	Storm Lake	42.643	-95.1965
IA	Story City	42.1857	-93.5869
IA	Stout	42.527	-92.7115
IA	Stratford	42.2696	-93.9274
IA	Strawberry Point	42.6805	-91.5348
IA	Struble	42.8944	-96.1945
IA	Stuart	41.5005	-94.3181
IA	Sully	41.578	-92.8468
IA	Sumner	42.8494	-92.0972
IA	Sun Valley Lake	40.8492	-94.0675
IA	Superior	43.4336	-94.9466
IA	Sutherland	42.9729	-95.4952
IA	Swaledale	42.9765	-93.3155
IA	Swan	41.4676	-93.3095
IA	Swea City	43.3835	-94.3103
IA	Swedesburg	41.106	-91.5532
IA	Swisher	41.8446	-91.6946
IA	Tabor	40.8949	-95.6736
IA	Tama	41.9651	-92.5738
IA	Templeton	41.9181	-94.9407
IA	Tennant	41.5941	-95.445
IA	Terril	43.3058	-94.9689
IA	Thayer	41.0287	-94.0499
IA	Thompson	43.3699	-93.7747
IA	Thor	42.6881	-94.0496
IA	Thornburg	41.4558	-92.3323
IA	Thornton	42.9442	-93.387
IA	Thurman	40.8201	-95.7488
IA	Tiffin	41.705	-91.6544
IA	Tingley	40.8528	-94.1957
IA	Tipton	41.7701	-91.1283
IA	Titonka	43.2372	-94.0414
IA	Toeterville	43.4401	-92.8879
IA	Toledo	41.9902	-92.5803
IA	Toronto	41.9031	-90.8628
IA	Traer	42.1896	-92.464
IA	Trenton	41.066	-91.6395
IA	Treynor	41.232	-95.6065
IA	Tripoli	42.8084	-92.2578
IA	Truesdale	42.7293	-95.1834
IA	Truro	41.2098	-93.8467
IA	Turin	42.0209	-95.9662
IA	Twin Lakes	42.481	-94.6298
IA	Udell	40.7801	-92.7432
IA	Underwood	41.3802	-95.6825
IA	Union	42.2435	-93.0625
IA	Unionville	40.8181	-92.6958
IA	University Heights	41.655	-91.5589
IA	University Park	41.2855	-92.615
IA	Urbana	42.2298	-91.8855
IA	Urbandale	41.6368	-93.7798
IA	Ute	42.0503	-95.7058
IA	Vail	42.0597	-95.2005
IA	Valeria	41.7298	-93.3255
IA	Van Horne	42.0083	-92.0897
IA	Van Meter	41.5246	-93.9442
IA	Van Wert	40.8707	-93.7922
IA	Varina	42.6586	-94.898
IA	Ventura	43.1289	-93.4659
IA	Victor	41.7306	-92.2948
IA	Villisca	40.9299	-94.9811
IA	Vincent	42.5919	-94.0189
IA	Vining	41.991	-92.3873
IA	Vinton	42.1631	-92.0262
IA	Volga	42.8029	-91.5423
IA	Wadena	42.8397	-91.6594
IA	Wahpeton	43.3695	-95.1759
IA	Walcott	41.5873	-90.7805
IA	Walford	41.8798	-91.8306
IA	Walker	42.2875	-91.7815
IA	Wall Lake	42.2673	-95.0932
IA	Wallingford	43.3203	-94.7922
IA	Walnut	41.4895	-95.2197
IA	Wapello	41.1772	-91.189
IA	Washburn	42.4103	-92.2669
IA	Washington	41.2979	-91.6937
IA	Washta	42.5756	-95.7201
IA	Waterloo	42.4923	-92.3519
IA	Waterville	43.2077	-91.2966
IA	Watkins	41.8931	-91.985
IA	Waucoma	43.0556	-92.0345
IA	Waukee	41.5905	-93.8828
IA	Waukon	43.2685	-91.4785
IA	Waverly	42.722	-92.4695
IA	Wayland	41.1483	-91.6575
IA	Webb	42.9498	-95.0129
IA	Webster	41.4385	-92.1717
IA	Webster City	42.4624	-93.8182
IA	Weldon	40.8973	-93.735
IA	Wellman	41.4692	-91.8352
IA	Wellsburg	42.4339	-92.9266
IA	Welton	41.9079	-90.5969
IA	Wesley	43.0891	-93.9929
IA	West Amana	41.8085	-91.9655
IA	West Bend	42.96	-94.4457
IA	West Branch	41.6662	-91.3442
IA	West Burlington	40.8216	-91.1755
IA	West Chester	41.34	-91.8169
IA	West Des Moines	41.5499	-93.7814
IA	West Liberty	41.573	-91.2626
IA	West Okoboji	43.3477	-95.1664
IA	West Point	40.7145	-91.4528
IA	West Union	42.9589	-91.813
IA	Westfield	42.7562	-96.6055
IA	Westgate	42.7683	-91.9957
IA	Weston	41.3423	-95.7448
IA	Westphalia	41.7194	-95.3938
IA	Westside	42.0757	-95.1014
IA	Westwood	40.965	-91.6268
IA	Wever	40.7057	-91.2281
IA	What Cheer	41.4003	-92.3571
IA	Wheatland	41.8331	-90.838
IA	Whiting	42.1272	-96.1507
IA	Whittemore	43.0633	-94.4252
IA	Whitten	42.2645	-93.0106
IA	Willey	41.9788	-94.8224
IA	Williams	42.4892	-93.5412
IA	Williamsburg	41.6689	-92.0132
IA	Williamson	41.0882	-93.257
IA	Wilton	41.5891	-91.0255
IA	Windsor Heights	41.6045	-93.7128
IA	Winfield	41.1259	-91.4381
IA	Winterset	41.3499	-94.0181
IA	Winthrop	42.4708	-91.7374
IA	Wiota	41.4008	-94.8873
IA	Woden	43.2308	-93.9114
IA	Woodbine	41.7363	-95.7111
IA	Woodburn	41.0109	-93.5963
IA	Woodward	41.8528	-93.9207
IA	Woolstock	42.5648	-93.8431
IA	Worthington	42.3979	-91.1207
IA	Wyoming	42.0595	-91.0052
IA	Yale	41.7751	-94.3578
IA	Yarmouth	41.0245	-91.3221
IA	Yetter	42.3161	-94.8432
IA	Yorktown	40.7353	-95.1543
IA	Zearing	42.1589	-93.2972
IA	Zwingle	42.2972	-90.6874
ID	Aberdeen	42.9441	-112.8384
ID	Acequia	42.6683	-113.5973
ID	Albion	42.4098	-113.5804
ID	American Falls	42.7828	-112.8542
ID	Ammon	43.4717	-111.9603
ID	Arbon Valley	42.8876	-112.5894
ID	Arco	43.6319	-113.301
ID	Arimo	42.5604	-112.1729
ID	Ashton	44.0733	-111.4483
ID	Athol	47.947	-116.7078
ID	Avimor	43.7762	-116.2571
ID	Bancroft	42.7202	-111.883
ID	Banks	44.0722	-116.1317
ID	Basalt	43.3144	-112.165
ID	Bellevue	43.469	-114.2551
ID	Bennington	42.3823	-111.321
ID	Blackfoot	43.1946	-112.3468
ID	Blanchard	48.011	-116.9952
ID	Bliss	42.9243	-114.9475
ID	Bloomington	42.191	-111.4028
ID	Boise City	43.6002	-116.2317
ID	Bonners Ferry	48.6936	-116.317
ID	Bovill	46.8587	-116.3936
ID	Bruneau	42.8728	-115.7952
ID	Buhl	42.5984	-114.7595
ID	Burley	42.5374	-113.7913
ID	Butte City	43.607	-113.2407
ID	Caldwell	43.6459	-116.6593
ID	Cambridge	44.5717	-116.6781
ID	Carey	43.312	-113.941
ID	Cascade	44.5088	-116.0436
ID	Castleford	42.5206	-114.8718
ID	Challis	44.5058	-114.2283
ID	Chubbuck	42.9262	-112.4625
ID	Clark Fork	48.148	-116.173
ID	Clayton	44.2592	-114.3831
ID	Clifton	42.1873	-112.0046
ID	Coeur d'Alene	47.7035	-116.7939
ID	Conkling Park	47.3998	-116.7703
ID	Coolin	48.476	-116.844
ID	Cottonwood	46.051	-116.3498
ID	Council	44.7332	-116.4368
ID	Craigmont	46.2417	-116.4713
ID	Crouch	44.1154	-115.9758
ID	Culdesac	46.3749	-116.6701
ID	Dalton Gardens	47.7334	-116.7679
ID	Dayton	42.1112	-111.9846
ID	De Smet	47.141	-116.9114
ID	Deary	46.8006	-116.5574
ID	Declo	42.5196	-113.6287
ID	Dietrich	42.9128	-114.2663
ID	Donnelly	44.7334	-116.0868
ID	Dover	48.2592	-116.6098
ID	Downey	42.4289	-112.1233
ID	Driggs	43.7302	-111.104
ID	Drummond	43.9996	-111.3434
ID	Dubois	44.1712	-112.2283
ID	Eagle	43.6934	-116.346
ID	East Hope	48.2409	-116.2894
ID	Eden	42.6053	-114.2091
ID	Elk City	45.8209	-115.4411
ID	Elk River	46.783	-116.1811
ID	Emmett	43.8692	-116.4913
ID	Fairfield	43.348	-114.8008
ID	Ferdinand	46.1519	-116.39
ID	Fernan Lake Village	47.6723	-116.7476
ID	Fernwood	47.1151	-116.3865
ID	Filer	42.5651	-114.6061
ID	Firth	43.3058	-112.1835
ID	Fort Hall	43.0145	-112.4579
ID	Franklin	42.0095	-111.8022
ID	Fruitland	44.0191	-116.921
ID	Gannett	43.3521	-114.1677
ID	Garden City	43.6683	-116.2944
ID	Garden Valley	44.0834	-115.9585
ID	Genesee	46.5516	-116.9284
ID	Georgetown	42.4791	-111.3635
ID	Glenns Ferry	42.9499	-115.3082
ID	Gooding	42.937	-114.7132
ID	Grace	42.5752	-111.7298
ID	Grand View	42.9851	-116.0937
ID	Grangeville	45.9258	-116.1219
ID	Greenleaf	43.6726	-116.8214
ID	Groveland	43.2235	-112.3755
ID	Hagerman	42.816	-114.8977
ID	Hailey	43.5127	-114.2995
ID	Hamer	43.9267	-112.2062
ID	Hammett	42.9441	-115.4655
ID	Hansen	42.5314	-114.3012
ID	Harrison	47.4695	-116.8086
ID	Hauser	47.765	-117.0141
ID	Hayden	47.7685	-116.8012
ID	Hayden Lake	47.7645	-116.7561
ID	Hazelton	42.595	-114.1366
ID	Heyburn	42.56	-113.7621
ID	Hidden Springs	43.7165	-116.2594
ID	Hollister	42.3529	-114.5838
ID	Homedale	43.6159	-116.939
ID	Hope	48.2504	-116.3046
ID	Horseshoe Bend	43.9161	-116.1992
ID	Huetter	47.7035	-116.8508
ID	Idaho City	43.8278	-115.8305
ID	Idaho Falls	43.4889	-112.0363
ID	Inkom	42.7965	-112.2546
ID	Iona	43.5276	-111.9314
ID	Irwin	43.4034	-111.2795
ID	Island Park	44.5342	-111.3378
ID	Jerome	42.7181	-114.5158
ID	Juliaetta	46.5747	-116.7081
ID	Kamiah	46.2268	-116.0283
ID	Kellogg	47.535	-116.1327
ID	Kendrick	46.6142	-116.6613
ID	Ketchum	43.6877	-114.3801
ID	Kimberly	42.5349	-114.3707
ID	Kooskia	46.1417	-115.9736
ID	Kootenai	48.3118	-116.5171
ID	Kuna	43.5248	-116.4036
ID	Laclede	48.1671	-116.7516
ID	Lapwai	46.4037	-116.8042
ID	Lava Hot Springs	42.6201	-112.0099
ID	Leadore	44.68	-113.3592
ID	Letha	43.8928	-116.647
ID	Lewiston	46.3931	-116.9935
ID	Lewisville	43.6957	-112.0139
ID	Lincoln	43.5182	-111.9692
ID	Lost River	43.6883	-113.6353
ID	Lowman	44.072	-115.6183
ID	Mackay	43.912	-113.6127
ID	Malad City	42.1899	-112.2497
ID	Malta	42.3075	-113.3697
ID	Marsing	43.5464	-116.8104
ID	McCall	44.9084	-116.1125
ID	McCammon	42.6482	-112.1894
ID	Melba	43.3736	-116.5319
ID	Menan	43.7218	-111.9924
ID	Meridian	43.6115	-116.4007
ID	Middleton	43.7116	-116.615
ID	Midvale	44.4623	-116.7407
ID	Minidoka	42.754	-113.49
ID	Montpelier	42.326	-111.2988
ID	Moore	43.7344	-113.3673
ID	Moreland	43.2195	-112.4378
ID	Moscow	46.7306	-116.9989
ID	Mountain Home	43.1318	-115.6967
ID	Mountain Home AFB	43.0492	-115.8659
ID	Moyie Springs	48.7249	-116.1956
ID	Mud Lake	43.8429	-112.4795
ID	Mullan	47.4688	-115.7964
ID	Murphy	43.2121	-116.5485
ID	Murtaugh	42.4917	-114.1623
ID	Nampa	43.5855	-116.5656
ID	New Meadows	44.9713	-116.2852
ID	New Plymouth	43.9704	-116.8188
ID	Newdale	43.8864	-111.6039
ID	Nezperce	46.2366	-116.2398
ID	Notus	43.7269	-116.8004
ID	Oakley	42.2421	-113.8831
ID	Oldtown	48.1825	-117.018
ID	Onaway	46.9282	-116.8896
ID	Orofino	46.4849	-116.253
ID	Osburn	47.5057	-116.0007
ID	Oxford	42.2598	-112.0179
ID	Paris	42.228	-111.4024
ID	Parker	43.9584	-111.7592
ID	Parkline	47.3385	-116.694
ID	Parma	43.7863	-116.9425
ID	Paul	42.6043	-113.7848
ID	Payette	44.0801	-116.9269
ID	Peck	46.4747	-116.4262
ID	Pierce	46.4953	-115.8033
ID	Pinehurst	47.5363	-116.2317
ID	Placerville	43.9427	-115.946
ID	Plummer	47.3301	-116.8849
ID	Pocatello	42.8727	-112.4638
ID	Ponderay	48.3048	-116.5366
ID	Post Falls	47.7256	-116.9442
ID	Potlatch	46.923	-116.8983
ID	Preston	42.0994	-111.8807
ID	Priest River	48.1843	-116.9054
ID	Princeton	46.9172	-116.8261
ID	Rathdrum	47.794	-116.8929
ID	Reubens	46.3229	-116.5429
ID	Rexburg	43.8229	-111.791
ID	Richfield	43.0516	-114.1559
ID	Rigby	43.6736	-111.9135
ID	Riggins	45.4206	-116.3176
ID	Ririe	43.6325	-111.7717
ID	Riverside	43.1966	-112.4356
ID	Roberts	43.7205	-112.1289
ID	Robie Creek	43.6676	-116.0152
ID	Rockford	43.1892	-112.5306
ID	Rockford Bay	47.5086	-116.8865
ID	Rockland	42.5733	-112.8745
ID	Rupert	42.6189	-113.674
ID	Salmon	45.1744	-113.8948
ID	Sandpoint	48.2817	-116.56
ID	Shelley	43.3795	-112.1261
ID	Shoshone	42.9362	-114.4047
ID	Silverton	47.4957	-115.9605
ID	Smelterville	47.5424	-116.1774
ID	Smiths Ferry	44.2992	-116.0784
ID	Soda Springs	42.6579	-111.5861
ID	Spencer	44.3678	-112.1843
ID	Spirit Lake	47.9658	-116.8698
ID	St. Anthony	43.9661	-111.6845
ID	St. Charles	42.1118	-111.3903
ID	St. Maries	47.3146	-116.5722
ID	Stanley	44.2118	-114.9341
ID	Star	43.7	-116.4898
ID	State Line	47.7053	-117.0366
ID	Stites	46.0925	-115.976
ID	Sugar City	43.8758	-111.751
ID	Sun Valley	43.6839	-114.3342
ID	Swan Valley	43.4426	-111.3245
ID	Sweetwater	46.3676	-116.7975
ID	Tensed	47.1596	-116.9238
ID	Teton	43.8878	-111.6723
ID	Tetonia	43.8146	-111.1587
ID	Troy	46.738	-116.7732
ID	Twin Falls	42.5647	-114.4606
ID	Tyhee	42.954	-112.4562
ID	Ucon	43.5929	-111.96
ID	Victor	43.6016	-111.1108
ID	Viola	46.8389	-117.0188
ID	Wallace	47.4736	-115.9225
ID	Wardner	47.519	-116.1357
ID	Warm River	44.121	-111.321
ID	Weippe	46.3783	-115.9388
ID	Weiser	44.2547	-116.9689
ID	Wendell	42.7747	-114.703
ID	Weston	42.0362	-111.9778
ID	White Bird	45.7627	-116.3004
ID	Wilder	43.6784	-116.9076
ID	Winchester	46.2408	-116.6241
ID	Worley	47.4005	-116.9193
ID	Yellow Pine	44.9607	-115.4854
IL	Abingdon	40.8038	-90.4009
IL	Adair	40.4183	-90.4974
IL	Adams	39.8709	-91.1998
IL	Addieville	38.3913	-89.4865
IL	Addison	41.9308	-88.009
IL	Adeline	42.1406	-89.4919
IL	Albany	41.7861	-90.2164
IL	Albers	38.5436	-89.6173
IL	Albion	38.3766	-88.0576
IL	Alden	42.4586	-88.5185
IL	Aledo	41.1986	-90.7464
IL	Alexander	39.7218	-90.0368
IL	Alexis	41.0629	-90.5554
IL	Algonquin	42.1595	-88.3219
IL	Alhambra	38.8874	-89.7369
IL	Allendale	38.5276	-87.7103
IL	Allenville	39.5583	-88.5387
IL	Allerton	39.9161	-87.9353
IL	Alma	38.7229	-88.9117
IL	Alpha	41.1917	-90.3805
IL	Alsey	39.5594	-90.4336
IL	Alsip	41.6703	-87.7371
IL	Altamont	39.0561	-88.7469
IL	Alto Pass	37.5737	-89.3195
IL	Alton	38.9039	-90.1512
IL	Altona	41.1151	-90.1648
IL	Alvan	40.307	-87.6069
IL	Amboy	41.7159	-89.3409
IL	Anchor	40.5681	-88.5385
IL	Andalusia	41.4359	-90.7139
IL	Andover	41.2949	-90.2907
IL	Andres	41.371	-87.8815
IL	Anna	37.4611	-89.2375
IL	Annapolis	39.143	-87.8171
IL	Annawan	41.3964	-89.8906
IL	Antioch	42.4772	-88.0671
IL	Apple Canyon Lake	42.4338	-90.1597
IL	Apple River	42.5023	-90.0937
IL	Arbury Hills	41.5353	-87.8461
IL	Arcola	39.6836	-88.3009
IL	Arenzville	39.8805	-90.3705
IL	Argenta	39.9855	-88.8197
IL	Argyle	42.3548	-88.9392
IL	Arlington	41.4715	-89.2479
IL	Arlington Heights	42.0974	-87.9817
IL	Armington	40.3397	-89.3144
IL	Aroma Park	41.0818	-87.8044
IL	Arrowsmith	40.4493	-88.6321
IL	Arthur	39.7145	-88.4696
IL	Ashkum	40.8783	-87.9532
IL	Ashland	39.8885	-90.0079
IL	Ashley	38.3283	-89.189
IL	Ashmore	39.5306	-88.0201
IL	Ashton	41.8684	-89.2231
IL	Assumption	39.518	-89.0477
IL	Astoria	40.2279	-90.3565
IL	Athens	39.9619	-89.7216
IL	Atkinson	41.4132	-90.0053
IL	Atlanta	40.2636	-89.2308
IL	Atwood	39.7992	-88.4627
IL	Auburn	39.5763	-89.744
IL	Augusta	40.2307	-90.9501
IL	Aurora	41.7635	-88.2901
IL	Ava	37.8885	-89.4963
IL	Aviston	38.626	-89.6134
IL	Avon	40.662	-90.4353
IL	Baileyville	42.1983	-89.5945
IL	Baldwin	38.1838	-89.8452
IL	Banner	40.5126	-89.9156
IL	Bannockburn	42.1922	-87.8698
IL	Bardolph	40.4959	-90.5631
IL	Barrington	42.1515	-88.1285
IL	Barrington Hills	42.1386	-88.203
IL	Barry	39.6983	-91.0399
IL	Barstow	41.5159	-90.3567
IL	Bartelso	38.5382	-89.4615
IL	Bartlett	41.9606	-88.1777
IL	Bartonville	40.642	-89.6598
IL	Basco	40.3278	-91.1995
IL	Batavia	41.8477	-88.311
IL	Batchtown	39.0332	-90.6534
IL	Bath	40.19	-90.1424
IL	Bay View Gardens	40.8138	-89.528
IL	Baylis	39.7295	-90.9094
IL	Beach Park	42.4423	-87.8754
IL	Beardstown	40.0101	-90.4311
IL	Beason	40.1428	-89.1928
IL	Beaverville	40.9537	-87.654
IL	Beckemeyer	38.6058	-89.4323
IL	Bedford Park	41.7678	-87.7726
IL	Beecher	41.35	-87.6173
IL	Beecher City	39.1866	-88.7877
IL	Belgium	40.0608	-87.6328
IL	Belknap	37.3226	-88.9397
IL	Belle Prairie City	38.2235	-88.5557
IL	Belle Rive	38.2317	-88.7405
IL	Belleville	38.516	-89.9898
IL	Bellevue	40.6876	-89.6732
IL	Bellflower	40.3406	-88.5256
IL	Bellmont	38.383	-87.9106
IL	Bellwood	41.8829	-87.8762
IL	Belvidere	42.2654	-88.8878
IL	Bement	39.923	-88.5724
IL	Benld	39.093	-89.8023
IL	Bensenville	41.958	-87.9438
IL	Benson	40.8507	-89.1211
IL	Bentley	40.3437	-91.1123
IL	Benton	38.0132	-88.9173
IL	Berkeley	41.8891	-87.9115
IL	Berlin	39.7569	-89.9024
IL	Berwyn	41.8433	-87.7909
IL	Bethalto	38.9017	-90.0448
IL	Bethany	39.6442	-88.7409
IL	Beverly	39.7946	-90.99
IL	Big Foot Prairie	42.4915	-88.6007
IL	Big Rock	41.7668	-88.5264
IL	Biggsville	40.8536	-90.8622
IL	Bingham	39.1122	-89.2137
IL	Bishop Hill	41.1998	-90.1175
IL	Bismarck	40.2594	-87.6113
IL	Blairsville	37.8105	-89.1238
IL	Blandinsville	40.554	-90.8683
IL	Bloomfield	40.0172	-91.3049
IL	Bloomingdale	41.9515	-88.0891
IL	Bloomington	40.4758	-88.9699
IL	Blue Island	41.6576	-87.6811
IL	Blue Mound	39.7006	-89.1185
IL	Bluffs	39.7493	-90.5353
IL	Bluford	38.3261	-88.7348
IL	Bolingbrook	41.6881	-88.101
IL	Bondville	40.1115	-88.3683
IL	Bone Gap	38.4449	-87.9976
IL	Bonfield	41.145	-88.054
IL	Bonnie	38.203	-88.9068
IL	Bonnie Brae	41.5999	-88.0345
IL	Boody	39.7644	-89.0467
IL	Boulder Hill	41.7104	-88.3338
IL	Bourbonnais	41.183	-87.8785
IL	Bowen	40.2321	-91.0633
IL	Braceville	41.2253	-88.2676
IL	Bradford	41.1772	-89.6582
IL	Bradley	41.1642	-87.8451
IL	Braidwood	41.2702	-88.2234
IL	Breese	38.6138	-89.5237
IL	Bridgeport	38.7099	-87.7586
IL	Bridgeview	41.7403	-87.8066
IL	Brighton	39.0409	-90.14
IL	Brimfield	40.837	-89.8806
IL	Broadlands	39.9087	-87.9971
IL	Broadview	41.8584	-87.8562
IL	Broadwell	40.0669	-89.4428
IL	Brocton	39.7154	-87.9336
IL	Brookfield	41.8251	-87.8475
IL	Brooklyn	38.6542	-90.1679
IL	Brookport	37.1258	-88.626
IL	Broughton	37.9339	-88.4624
IL	Browning	40.127	-90.373
IL	Browns	38.3775	-87.9832
IL	Brownstown	38.9942	-88.9553
IL	Brussels	38.9485	-90.589
IL	Bryant	40.4654	-90.0949
IL	Buckingham	41.0471	-88.1749
IL	Buckley	40.5973	-88.0377
IL	Buckner	37.981	-89.0157
IL	Buda	41.329	-89.6793
IL	Buffalo	39.8499	-89.4091
IL	Buffalo Grove	42.166	-87.9618
IL	Buffalo Prairie	41.3409	-90.8482
IL	Bull Valley	42.3235	-88.3609
IL	Bulpitt	39.5919	-89.4258
IL	Buncombe	37.4711	-88.9747
IL	Bunker Hill	39.0415	-89.9511
IL	Burbank	41.7444	-87.7685
IL	Bureau Junction	41.2894	-89.3645
IL	Burlington	42.0529	-88.5689
IL	Burnham	41.6395	-87.545
IL	Burnt Prairie	38.2509	-88.2583
IL	Burr Ridge	41.7479	-87.9201
IL	Burton	39.9079	-91.2493
IL	Burtons Bridge	42.2779	-88.2304
IL	Bush	37.8419	-89.1299
IL	Bushnell	40.5516	-90.5047
IL	Butler	39.1975	-89.5322
IL	Byron	42.1218	-89.2668
IL	Cabery	40.9958	-88.2037
IL	Cable	41.2797	-90.5058
IL	Cahokia Heights	38.5721	-90.1553
IL	Cairo	37.0063	-89.1829
IL	Caledonia	42.3686	-88.8939
IL	Calhoun	38.6512	-88.044
IL	Calumet City	41.5965	-87.5386
IL	Calumet Park	41.6657	-87.6577
IL	Camargo	39.7994	-88.1684
IL	Cambria	37.7794	-89.1194
IL	Cambridge	41.2924	-90.1909
IL	Camden	40.1528	-90.7733
IL	Cameron	40.8875	-90.5164
IL	Camp Point	40.0364	-91.0641
IL	Campbell Hill	37.9308	-89.5514
IL	Campbell's Island	41.5404	-90.4303
IL	Campton Hills	41.9502	-88.417
IL	Campus	41.0246	-88.3073
IL	Candlewick Lake	42.3511	-88.8704
IL	Canton	40.5639	-90.0366
IL	Cantrall	39.9353	-89.6788
IL	Capron	42.3988	-88.7387
IL	Carbon Cliff	41.4981	-90.3917
IL	Carbon Hill	41.2969	-88.2999
IL	Carbondale	37.7221	-89.2237
IL	Carlinville	39.2775	-89.8761
IL	Carlock	40.5836	-89.1288
IL	Carlyle	38.6223	-89.3754
IL	Carman	40.7362	-91.0617
IL	Carmi	38.0862	-88.1721
IL	Carol Stream	41.9203	-88.1332
IL	Carpentersville	42.1227	-88.2939
IL	Carrier Mills	37.6886	-88.629
IL	Carrollton	39.2945	-90.4069
IL	Carterville	37.7628	-89.0845
IL	Carthage	40.4143	-91.1281
IL	Cary	42.2121	-88.2496
IL	Casey	39.3054	-87.9853
IL	Caseyville	38.629	-90.0345
IL	Catlin	40.068	-87.7084
IL	Cave-In-Rock	37.471	-88.1658
IL	Cedar Point	41.2651	-89.126
IL	Cedarville	42.3757	-89.6363
IL	Central City	38.5485	-89.1283
IL	Centralia	38.5221	-89.1235
IL	Cerro Gordo	39.8892	-88.7345
IL	Chadwick	42.0142	-89.8884
IL	Champaign	40.1141	-88.2746
IL	Chandlerville	40.047	-90.1513
IL	Channahon	41.4253	-88.2666
IL	Channel Lake	42.4827	-88.1471
IL	Chapin	39.7669	-90.4027
IL	Charleston	39.4838	-88.1779
IL	Chatham	39.6745	-89.6933
IL	Chatsworth	40.7214	-88.2996
IL	Chebanse	41.0059	-87.9097
IL	Chemung	42.4162	-88.6642
IL	Chenoa	40.7376	-88.7278
IL	Cherry	41.4281	-89.2132
IL	Cherry Valley	42.2352	-88.9751
IL	Chester	37.9258	-89.8277
IL	Chesterfield	39.2566	-90.0668
IL	Chestnut	40.0537	-89.1871
IL	Chicago	41.837	-87.6849
IL	Chicago Heights	41.5107	-87.6347
IL	Chicago Ridge	41.7034	-87.7795
IL	Chillicothe	40.916	-89.5027
IL	Chrisman	39.8044	-87.6749
IL	Christopher	37.971	-89.053
IL	Cicero	41.8445	-87.7593
IL	Cisco	40.0116	-88.7254
IL	Cisne	38.5139	-88.4371
IL	Cissna Park	40.567	-87.8922
IL	Claremont	38.7176	-87.9729
IL	Clarendon Hills	41.7984	-87.9572
IL	Clay City	38.6858	-88.3486
IL	Clayton	40.0306	-90.958
IL	Cleveland	41.5032	-90.317
IL	Clifton	40.9347	-87.9343
IL	Clinton	40.147	-88.9632
IL	Coal City	41.2789	-88.2801
IL	Coal Valley	41.4384	-90.4394
IL	Coalton	39.2848	-89.303
IL	Coatsburg	40.0325	-91.1604
IL	Cobden	37.5333	-89.2544
IL	Coffeen	39.0882	-89.3898
IL	Colchester	40.4256	-90.7922
IL	Coleta	41.902	-89.7998
IL	Colfax	40.5666	-88.6161
IL	Collinsville	38.6757	-90.0058
IL	Colona	41.4734	-90.3324
IL	Colp	37.8073	-89.0785
IL	Columbia	38.4581	-90.216
IL	Columbus	39.9865	-91.145
IL	Como	41.7665	-89.7653
IL	Compton	41.6941	-89.0863
IL	Concord	39.8156	-90.3704
IL	Congerville	40.6167	-89.2048
IL	Cooksville	40.5427	-88.7147
IL	Coral	42.218	-88.5662
IL	Cordova	41.677	-90.3207
IL	Cornell	40.992	-88.7299
IL	Cornland	39.9376	-89.4016
IL	Cortland	41.9372	-88.6893
IL	Coulterville	38.1851	-89.6043
IL	Country Club Hills	41.5635	-87.7254
IL	Countryside	41.7742	-87.8752
IL	Cowden	39.2492	-88.8594
IL	Coyne Center	41.4006	-90.5627
IL	Crab Orchard	37.7236	-88.8103
IL	Crainville	37.7538	-89.0591
IL	Creal Springs	37.6198	-88.8374
IL	Crescent City	40.7717	-87.8566
IL	Crest Hill	41.5744	-88.1133
IL	Creston	41.9336	-88.9743
IL	Crestwood	41.6456	-87.7401
IL	Crete	41.4405	-87.6245
IL	Creve Coeur	40.6441	-89.5974
IL	Crossville	38.1626	-88.0644
IL	Crystal Lake	42.2332	-88.3344
IL	Crystal Lawns	41.5685	-88.1639
IL	Cuba	40.4936	-90.1934
IL	Cullom	40.8784	-88.2698
IL	Curran	39.742	-89.7784
IL	Custer Park	41.2427	-88.1295
IL	Cutler	38.0325	-89.5676
IL	Cypress	37.3657	-89.0189
IL	Dahlgren	38.1981	-88.6847
IL	Dakota	42.3879	-89.5266
IL	Dallas City	40.6353	-91.1643
IL	Dalton City	39.717	-88.807
IL	Dalzell	41.3565	-89.1734
IL	Damiansville	38.5088	-89.615
IL	Dana	40.9565	-88.95
IL	Danforth	40.822	-87.9778
IL	Danvers	40.53	-89.1751
IL	Danville	40.1426	-87.6107
IL	Darien	41.7457	-87.9815
IL	Darmstadt	38.3187	-89.7292
IL	Davis	42.4216	-89.4149
IL	Davis Junction	42.1146	-89.0903
IL	Dawson	39.853	-89.4619
IL	Dayton	41.3915	-88.7992
IL	De Land	40.1218	-88.6435
IL	De Pue	41.3296	-89.3037
IL	De Soto	37.8157	-89.227
IL	De Witt	40.1846	-88.7853
IL	DeKalb	41.9289	-88.7464
IL	Decatur	39.856	-88.9337
IL	Deer Creek	40.6295	-89.3317
IL	Deer Grove	41.6097	-89.6866
IL	Deer Park	42.1663	-88.0862
IL	Deerfield	42.1661	-87.8525
IL	Delavan	40.371	-89.5461
IL	Des Plaines	42.0344	-87.9011
IL	Detroit	39.6202	-90.6759
IL	Dewey	40.3193	-88.2834
IL	Diamond	41.2852	-88.2507
IL	Dieterich	39.0603	-88.3814
IL	Divernon	39.5704	-89.6536
IL	Dix	38.4445	-88.946
IL	Dixmoor	41.633	-87.6672
IL	Dixon	41.8448	-89.4765
IL	Dolton	41.6303	-87.5968
IL	Dongola	37.3571	-89.165
IL	Donnellson	39.0305	-89.4756
IL	Donovan	40.8849	-87.6139
IL	Dorchester	39.0859	-89.8877
IL	Dover	41.4342	-89.3958
IL	Dowell	37.9396	-89.2395
IL	Downers Grove	41.795	-88.0211
IL	Downs	40.3988	-88.8892
IL	Du Bois	38.2214	-89.2127
IL	Du Quoin	38.0017	-89.2328
IL	Dundas	38.8346	-88.0855
IL	Dunfermline	40.4917	-90.0325
IL	Dunlap	40.8452	-89.6759
IL	Dupo	38.5161	-90.2176
IL	Durand	42.4338	-89.3268
IL	Dwight	41.0987	-88.4221
IL	Eagarville	39.1087	-89.779
IL	Eagle Lake	41.3703	-87.5552
IL	Earlville	41.5881	-88.923
IL	East Alton	38.8841	-90.1079
IL	East Brooklyn	41.1727	-88.2654
IL	East Cape Girardeau	37.294	-89.4802
IL	East Carondelet	38.5371	-90.24
IL	East Dubuque	42.4883	-90.6242
IL	East Dundee	42.0974	-88.2481
IL	East Galesburg	40.9428	-90.311
IL	East Gillespie	39.1378	-89.8127
IL	East Hazel Crest	41.5758	-87.6503
IL	East Lynn	40.4662	-87.8007
IL	East Moline	41.5199	-90.3879
IL	East Peoria	40.6734	-89.5418
IL	East St. Louis	38.6164	-90.1305
IL	Easton	40.2321	-89.8416
IL	Eddyville	37.5002	-88.5851
IL	Edgewood	38.9219	-88.6641
IL	Edgington	41.3869	-90.7637
IL	Edinburg	39.6579	-89.3901
IL	Edwardsville	38.7908	-89.9886
IL	Effingham	39.1198	-88.5509
IL	El Dara	39.6228	-90.9917
IL	El Paso	40.7405	-89.0182
IL	Elburn	41.886	-88.4609
IL	Eldorado	37.8117	-88.4416
IL	Eldred	39.2862	-90.554
IL	Elgin	42.039	-88.3257
IL	Eliza	41.2948	-90.9725
IL	Elizabeth	42.3163	-90.2221
IL	Elizabethtown	37.4499	-88.3035
IL	Elk Grove Village	42.005	-87.992
IL	Elkhart	40.0123	-89.4761
IL	Elkville	37.9094	-89.2372
IL	Elliott	40.4662	-88.2769
IL	Ellis Grove	38.0102	-89.9126
IL	Ellisville	40.6273	-90.306
IL	Ellsworth	40.4495	-88.7161
IL	Elmhurst	41.897	-87.9437
IL	Elmwood	40.7804	-89.9661
IL	Elmwood Park	41.9225	-87.8163
IL	Elsah	38.9541	-90.3553
IL	Elvaston	40.3956	-91.2488
IL	Elwin	39.7762	-88.9776
IL	Elwood	41.4181	-88.1172
IL	Emden	40.2982	-89.4851
IL	Emington	40.9694	-88.3578
IL	Energy	37.7707	-89.0239
IL	Enfield	38.1009	-88.3381
IL	Equality	37.7369	-88.3422
IL	Erie	41.6586	-90.0813
IL	Essex	41.1831	-88.1924
IL	Eureka	40.714	-89.277
IL	Evanston	42.0464	-87.6944
IL	Evansville	38.089	-89.9325
IL	Evergreen Park	41.7213	-87.7013
IL	Ewing	38.0894	-88.8522
IL	Exeter	39.7191	-90.496
IL	Fairbury	40.7462	-88.5156
IL	Fairfield	38.3806	-88.3725
IL	Fairmont	41.5614	-88.0587
IL	Fairmont City	38.6465	-90.1002
IL	Fairmount	40.0456	-87.8293
IL	Fairview	40.6547	-90.1832
IL	Fairview Heights	38.5953	-90.0047
IL	Fall Creek	39.7814	-91.3032
IL	Farina	38.8298	-88.7809
IL	Farmer City	40.2481	-88.6418
IL	Farmersville	39.4407	-89.6525
IL	Farmington	40.697	-90.0023
IL	Fayetteville	38.3778	-89.7971
IL	Ferris	40.4695	-91.1683
IL	Fidelity	39.1546	-90.1645
IL	Fieldon	39.1087	-90.4996
IL	Fillmore	39.1147	-89.2789
IL	Findlay	39.5223	-88.7546
IL	Fisher	40.3157	-88.3503
IL	Fithian	40.1144	-87.875
IL	Flanagan	40.8774	-88.8588
IL	Flat Rock	38.9037	-87.6734
IL	Flora	38.6656	-88.4738
IL	Floraville	38.376	-90.056
IL	Florence	39.6284	-90.6128
IL	Flossmoor	41.5391	-87.6857
IL	Foosland	40.3611	-88.4291
IL	Ford Heights	41.5109	-87.5814
IL	Forest City	40.3722	-89.8325
IL	Forest Lake	42.2118	-88.0525
IL	Forest Park	41.8684	-87.8157
IL	Forest View	41.8091	-87.7731
IL	Forrest	40.7511	-88.4097
IL	Forreston	42.1272	-89.5784
IL	Forsyth	39.9261	-88.9641
IL	Fowler	40.0088	-91.2578
IL	Fox Lake	42.4282	-88.1839
IL	Fox Lake Hills	42.4135	-88.126
IL	Fox River Grove	42.1955	-88.2148
IL	Frankfort	41.507	-87.871
IL	Frankfort Square	41.5219	-87.8031
IL	Franklin	39.6205	-90.0477
IL	Franklin Grove	41.8413	-89.3
IL	Franklin Park	41.936	-87.8792
IL	Franklinville	42.2754	-88.5155
IL	Freeburg	38.4391	-89.9162
IL	Freeman Spur	37.86	-88.9999
IL	Freeport	42.289	-89.6343
IL	Fulton	41.8652	-90.1587
IL	Fults	38.1644	-90.2128
IL	Gages Lake	42.3516	-87.9824
IL	Galatia	37.842	-88.6165
IL	Galena	42.4221	-90.4278
IL	Galesburg	40.9502	-90.3766
IL	Galt	41.7894	-89.7543
IL	Galva	41.1689	-90.0374
IL	Garden Prairie	42.2536	-88.7129
IL	Gardner	41.1945	-88.3115
IL	Garrett	39.7972	-88.4246
IL	Gays	39.4583	-88.4963
IL	Geneseo	41.4513	-90.1548
IL	Geneva	41.8821	-88.3295
IL	Genoa	42.091	-88.695
IL	Georgetown	39.9774	-87.6354
IL	German Valley	42.2143	-89.4846
IL	Germantown	38.5553	-89.5412
IL	Germantown Hills	40.7706	-89.4689
IL	Gibson City	40.4668	-88.3792
IL	Gifford	40.3078	-88.0214
IL	Gilberts	42.11	-88.3719
IL	Gillespie	39.1254	-89.8173
IL	Gilman	40.7605	-88.0009
IL	Gilson	40.8627	-90.1991
IL	Girard	39.4466	-89.782
IL	Gladstone	40.8643	-90.9566
IL	Glasford	40.5728	-89.8131
IL	Glasgow	39.5487	-90.48
IL	Glen Carbon	38.7582	-89.9831
IL	Glen Ellyn	41.8667	-88.0627
IL	Glencoe	42.1345	-87.7632
IL	Glendale Heights	41.9189	-88.0781
IL	Glenview	42.0852	-87.8274
IL	Glenwood	41.541	-87.6118
IL	Godfrey	38.9529	-90.2225
IL	Godley	41.2444	-88.2426
IL	Golconda	37.3621	-88.4867
IL	Golden	40.1103	-91.0192
IL	Golden Gate	38.3589	-88.2047
IL	Golf	42.0585	-87.7849
IL	Good Hope	40.5574	-90.6753
IL	Goodenow	41.3922	-87.6397
IL	Goodfield	40.6306	-89.2581
IL	Goofy Ridge	40.3949	-89.9407
IL	Goreville	37.5551	-88.9735
IL	Gorham	37.7179	-89.4779
IL	Grafton	38.9765	-90.4257
IL	Grand Detour	41.9012	-89.4131
IL	Grand Ridge	41.2361	-88.831
IL	Grand Tower	37.6417	-89.5067
IL	Grandview	39.8175	-89.618
IL	Grandwood Park	42.3921	-87.9892
IL	Granite City	38.7293	-90.1255
IL	Grant Park	41.2427	-87.6358
IL	Grantfork	38.8264	-89.6666
IL	Granville	41.2658	-89.2305
IL	Grayslake	42.3408	-88.0336
IL	Grayville	38.2551	-87.9969
IL	Green Oaks	42.3	-87.911
IL	Green Valley	40.4072	-89.6442
IL	Greenfield	39.3445	-90.2082
IL	Greenup	39.2479	-88.16
IL	Greenview	40.0849	-89.7405
IL	Greenville	38.8866	-89.3894
IL	Greenwood	42.3954	-88.3838
IL	Gridley	40.7437	-88.8809
IL	Griggsville	39.7078	-90.7276
IL	Gulfport	40.809	-91.0841
IL	Gurnee	42.3701	-87.9368
IL	Hainesville	42.3362	-88.0734
IL	Hamburg	39.2323	-90.7156
IL	Hamel	38.8925	-89.8387
IL	Hamilton	40.3915	-91.3613
IL	Hamlet	41.3117	-90.7331
IL	Hammond	39.8034	-88.5946
IL	Hampshire	42.1156	-88.5052
IL	Hampton	41.5565	-90.4034
IL	Hanaford	37.9552	-88.831
IL	Hanna City	40.6932	-89.805
IL	Hanover	42.2552	-90.2736
IL	Hanover Park	41.9825	-88.1429
IL	Hardin	39.159	-90.6231
IL	Harding	41.5178	-88.8489
IL	Harmon	41.7235	-89.5539
IL	Harmony	42.1589	-88.5286
IL	Harrisburg	37.7377	-88.5458
IL	Harrison	37.7976	-89.336
IL	Harristown	39.8428	-89.0607
IL	Hartford	38.8131	-90.0921
IL	Hartland	42.3631	-88.5086
IL	Hartsburg	40.2506	-89.4411
IL	Harvard	42.4296	-88.6211
IL	Harvel	39.3577	-89.5322
IL	Harvey	41.6076	-87.652
IL	Harwood Heights	41.9663	-87.8056
IL	Havana	40.2951	-90.0578
IL	Hawthorn Woods	42.2358	-88.0675
IL	Hazel Crest	41.5742	-87.6893
IL	Hebron	42.4654	-88.4344
IL	Hecker	38.3049	-89.9932
IL	Henderson	41.0239	-90.3536
IL	Hennepin	41.2505	-89.3141
IL	Henning	40.3069	-87.701
IL	Henry	41.1174	-89.3573
IL	Heritage Lake	40.5466	-89.3296
IL	Herrick	39.2196	-88.9848
IL	Herrin	37.7984	-89.0306
IL	Herscher	41.0493	-88.1005
IL	Hettick	39.3557	-90.0374
IL	Heyworth	40.3144	-88.9923
IL	Hickory Hills	41.7248	-87.828
IL	Hidalgo	39.1559	-88.1491
IL	Highland	38.7698	-89.6861
IL	Highland Park	42.1824	-87.8108
IL	Highwood	42.206	-87.8129
IL	Hillcrest	41.9668	-89.0626
IL	Hillsboro	39.1762	-89.4729
IL	Hillsdale	41.6069	-90.1728
IL	Hillside	41.8675	-87.9018
IL	Hillview	39.4496	-90.5386
IL	Hinckley	41.7714	-88.6404
IL	Hindsboro	39.6848	-88.1347
IL	Hinsdale	41.8007	-87.9282
IL	Hodgkins	41.7661	-87.8619
IL	Hoffman	38.5405	-89.2643
IL	Hoffman Estates	42.0652	-88.153
IL	Holcomb	42.0645	-89.097
IL	Holiday Hills	42.2959	-88.2288
IL	Holiday Shores	38.9271	-89.9389
IL	Hollowayville	41.3648	-89.2951
IL	Homer	40.033	-87.9578
IL	Homer Glen	41.6052	-87.9524
IL	Hometown	41.7312	-87.7311
IL	Homewood	41.5594	-87.662
IL	Hoopeston	40.4608	-87.6636
IL	Hooppole	41.5218	-89.914
IL	Hopedale	40.4234	-89.4223
IL	Hopewell	40.9842	-89.4571
IL	Hopkins Park	41.069	-87.606
IL	Hoyleton	38.4457	-89.2721
IL	Hudson	40.6054	-88.989
IL	Huey	38.6053	-89.29
IL	Hull	39.7108	-91.2008
IL	Humboldt	39.6047	-88.3201
IL	Hume	39.7981	-87.8685
IL	Huntley	42.1608	-88.4355
IL	Hurst	37.837	-89.1474
IL	Hutsonville	39.1096	-87.6647
IL	Illinois City	41.3991	-90.8997
IL	Illiopolis	39.8498	-89.2521
IL	Ina	38.1499	-88.904
IL	Indian Creek	42.2272	-87.9784
IL	Indian Head Park	41.7684	-87.8974
IL	Indianola	39.9271	-87.7402
IL	Industry	40.3273	-90.6081
IL	Ingalls Park	41.5204	-88.0345
IL	Inverness	42.1151	-88.1009
IL	Iola	38.8341	-88.6278
IL	Ipava	40.3526	-90.3234
IL	Iroquois	40.8289	-87.5842
IL	Irving	39.2055	-89.4052
IL	Irvington	38.4384	-89.1603
IL	Irwin	41.0531	-87.9839
IL	Island Lake	42.2788	-88.2005
IL	Itasca	41.9766	-88.0188
IL	Iuka	38.6178	-88.7883
IL	Ivesdale	39.9458	-88.4558
IL	Jacksonville	39.7292	-90.2322
IL	Janesville	39.3752	-88.245
IL	Jeffersonville	38.4425	-88.404
IL	Jeisyville	39.5792	-89.4081
IL	Jerome	39.7678	-89.6784
IL	Jerseyville	39.1172	-90.3267
IL	Jewett	39.2077	-88.2431
IL	Johnsburg	42.3832	-88.2468
IL	Johnsonville	38.5209	-88.5382
IL	Johnston City	37.821	-88.9293
IL	Joliet	41.5177	-88.1488
IL	Jonesboro	37.451	-89.2666
IL	Joppa	37.2092	-88.847
IL	Joslin	41.5446	-90.2219
IL	Joy	41.1969	-90.8788
IL	Junction	37.7234	-88.2377
IL	Junction City	38.5755	-89.1268
IL	Justice	41.7534	-87.8269
IL	Kampsville	39.2972	-90.6129
IL	Kane	39.1905	-90.3512
IL	Kaneville	41.8332	-88.5216
IL	Kangley	41.148	-88.8721
IL	Kankakee	41.1017	-87.8637
IL	Kansas	39.5545	-87.9396
IL	Kappa	40.6754	-89.006
IL	Karnak	37.2942	-88.9761
IL	Kaskaskia	37.9213	-89.9163
IL	Keenes	38.3386	-88.6419
IL	Keensburg	38.3518	-87.8683
IL	Keithsburg	41.1	-90.9361
IL	Kell	38.4876	-88.9
IL	Kempton	40.9355	-88.2363
IL	Kenilworth	42.0888	-87.7145
IL	Kenney	40.0979	-89.0861
IL	Kewanee	41.2391	-89.9257
IL	Keyesport	38.7464	-89.2738
IL	Kilbourne	40.1519	-90.0115
IL	Kildeer	42.1814	-88.0489
IL	Kincaid	39.5868	-89.4165
IL	Kinderhook	39.7038	-91.1526
IL	Kings	42.0031	-89.107
IL	Kingston	42.1011	-88.7632
IL	Kingston Mines	40.5584	-89.7711
IL	Kinmundy	38.7721	-88.8535
IL	Kinsman	41.1902	-88.57
IL	Kirkland	42.0902	-88.8486
IL	Kirkwood	40.8678	-90.7483
IL	Knollwood	42.2846	-87.8793
IL	Knoxville	40.9069	-90.2857
IL	La Clede	38.8806	-88.7127
IL	La Fayette	41.1096	-89.9735
IL	La Grange	41.8072	-87.8741
IL	La Grange Park	41.8308	-87.8723
IL	La Harpe	40.5848	-90.9695
IL	La Moille	41.5304	-89.2843
IL	La Prairie	40.1473	-91.0024
IL	La Rose	40.9787	-89.235
IL	LaPlace	39.7975	-88.7145
IL	LaSalle	41.3352	-89.0972
IL	Lacon	41.0229	-89.4063
IL	Ladd	41.381	-89.2148
IL	Lake Barrington	42.2102	-88.1695
IL	Lake Bluff	42.2827	-87.8523
IL	Lake Camelot	40.6351	-89.753
IL	Lake Carroll	42.1706	-89.8647
IL	Lake Catherine	42.4834	-88.1254
IL	Lake City	39.7536	-88.7186
IL	Lake Forest	42.2353	-87.8573
IL	Lake Holiday	41.6201	-88.6649
IL	Lake Ka-Ho	39.097	-89.7461
IL	Lake Petersburg	39.9843	-89.8562
IL	Lake Summerset	42.454	-89.3901
IL	Lake Villa	42.4176	-88.0826
IL	Lake Zurich	42.195	-88.0877
IL	Lake in the Hills	42.1794	-88.3155
IL	Lake of the Woods	40.2052	-88.3746
IL	Lakemoor	42.3389	-88.2027
IL	Lakewood	42.2245	-88.3867
IL	Lakewood Shores	41.2801	-88.1428
IL	Lanark	42.1019	-89.8334
IL	Lane	40.122	-88.8558
IL	Langleyville	39.5611	-89.3603
IL	Lansing	41.565	-87.546
IL	Latham	39.967	-89.1623
IL	Lawrence	42.4433	-88.6417
IL	Lawrenceville	38.7263	-87.6873
IL	Le Roy	40.3394	-88.7611
IL	Leaf River	42.1233	-89.404
IL	Lebanon	38.6007	-89.8097
IL	Lee	41.7954	-88.9417
IL	Lee Center	41.7503	-89.2762
IL	Leland	41.616	-88.7983
IL	Leland Grove	39.7787	-89.6839
IL	Lemont	41.6672	-87.982
IL	Lena	42.3786	-89.8217
IL	Lenzburg	38.2863	-89.8178
IL	Leonore	41.1889	-88.9823
IL	Lerna	39.4179	-88.2888
IL	Lewistown	40.3969	-90.1555
IL	Lexington	40.647	-88.7841
IL	Liberty	39.8797	-91.1066
IL	Libertyville	42.2847	-87.9665
IL	Lily Lake	41.9573	-88.472
IL	Lima	40.177	-91.3783
IL	Limestone	41.1487	-87.9559
IL	Lincoln	40.1507	-89.3703
IL	Lincolnshire	42.1965	-87.9177
IL	Lincolnwood	42.0054	-87.733
IL	Lindenhurst	42.4171	-88.0264
IL	Lisbon	41.4806	-88.4559
IL	Lisle	41.7921	-88.0877
IL	Litchfield	39.176	-89.6655
IL	Literberry	39.8516	-90.1979
IL	Little York	41.0109	-90.7472
IL	Littleton	40.234	-90.6223
IL	Liverpool	40.3899	-90.0016
IL	Livingston	38.9686	-89.7637
IL	Loami	39.6741	-89.8479
IL	Lockport	41.591	-88.0297
IL	Lockport Heights	41.6215	-88.0224
IL	Loda	40.5149	-88.0762
IL	Lomax	40.6792	-91.0754
IL	Lombard	41.8738	-88.0155
IL	London Mills	40.7106	-90.2662
IL	Long Creek	39.8052	-88.8473
IL	Long Grove	42.195	-88.011
IL	Long Lake	42.3721	-88.1273
IL	Long Point	41.0053	-88.893
IL	Longview	39.8859	-88.0662
IL	Loraine	40.1526	-91.2215
IL	Lorenzo	41.3457	-88.2223
IL	Lost Nation	41.912	-89.3685
IL	Lostant	41.1253	-89.0668
IL	Louisville	38.7694	-88.5069
IL	Loves Park	42.3378	-88.9986
IL	Lovington	39.7151	-88.6337
IL	Lowpoint	40.8728	-89.3137
IL	Ludlow	40.3866	-88.1259
IL	Lyndon	41.7175	-89.924
IL	Lynn Center	41.2946	-90.3591
IL	Lynnville	39.6858	-90.346
IL	Lynwood	41.5226	-87.5505
IL	Lyons	41.8122	-87.8186
IL	Macedonia	38.0543	-88.7033
IL	Machesney Park	42.3677	-89.0245
IL	Mackinaw	40.5339	-89.3555
IL	Macomb	40.4701	-90.6831
IL	Macon	39.7087	-88.9967
IL	Madison	38.6863	-90.1018
IL	Maeystown	38.2297	-90.231
IL	Magnolia	41.1141	-89.1958
IL	Mahomet	40.1901	-88.3895
IL	Makanda	37.6203	-89.2371
IL	Malden	41.425	-89.3698
IL	Malta	41.9295	-88.8712
IL	Manchester	39.5423	-90.3303
IL	Manhattan	41.4202	-87.9807
IL	Manito	40.4201	-89.7806
IL	Manlius	41.4556	-89.6692
IL	Mansfield	40.212	-88.5087
IL	Manteno	41.2478	-87.8443
IL	Maple Park	41.9108	-88.6061
IL	Mapleton	40.573	-89.7247
IL	Maquon	40.798	-90.1632
IL	Marcelline	40.1185	-91.3683
IL	Marengo	42.2465	-88.5975
IL	Marietta	40.4995	-90.393
IL	Marine	38.7865	-89.7786
IL	Marion	37.7344	-88.9412
IL	Marissa	38.2497	-89.7714
IL	Mark	41.2623	-89.255
IL	Markham	41.6	-87.6905
IL	Marley	41.5482	-87.926
IL	Maroa	40.0365	-88.9562
IL	Marquette Heights	40.6184	-89.6047
IL	Marseilles	41.2822	-88.6814
IL	Marshall	39.3995	-87.6912
IL	Martinsville	39.3384	-87.8809
IL	Martinton	40.9153	-87.7264
IL	Maryville	38.7288	-89.9663
IL	Mascoutah	38.5181	-89.8
IL	Mason	38.9543	-88.6271
IL	Mason City	40.2022	-89.6971
IL	Matherville	41.2591	-90.6059
IL	Matteson	41.5089	-87.746
IL	Mattoon	39.4778	-88.3622
IL	Maunie	38.0352	-88.0453
IL	Maywood	41.8798	-87.8442
IL	Mazon	41.2415	-88.4231
IL	McClure	37.3126	-89.4316
IL	McCook	41.7983	-87.8416
IL	McCullom Lake	42.3677	-88.2974
IL	McHenry	42.3362	-88.2917
IL	McLean	40.3136	-89.1686
IL	McLeansboro	38.0903	-88.5386
IL	McNabb	41.1771	-89.2097
IL	Mechanicsburg	39.7972	-89.4107
IL	Media	40.7694	-90.8327
IL	Medora	39.1765	-90.1414
IL	Melrose Park	41.903	-87.8636
IL	Melvin	40.571	-88.247
IL	Mendon	40.0892	-91.2858
IL	Mendota	41.5567	-89.1005
IL	Menominee	42.4747	-90.5429
IL	Meredosia	39.8315	-90.5572
IL	Merrionette Park	41.6811	-87.7012
IL	Merritt	39.7149	-90.4157
IL	Metamora	40.795	-89.3684
IL	Metcalf	39.8004	-87.8078
IL	Metropolis	37.1496	-88.6874
IL	Mettawa	42.2434	-87.9214
IL	Meyer	40.1482	-91.5036
IL	Middletown	40.0993	-89.5904
IL	Midlothian	41.6254	-87.7242
IL	Milan	41.4355	-90.5627
IL	Milford	40.6278	-87.6961
IL	Mill Creek	37.3409	-89.2531
IL	Mill Shoals	38.2495	-88.3457
IL	Millbrook	41.6071	-88.5454
IL	Milledgeville	41.9637	-89.7747
IL	Millersburg	41.2403	-90.8186
IL	Millington	41.5605	-88.6041
IL	Millstadt	38.4575	-90.0859
IL	Milton	39.5646	-90.6499
IL	Mineral	41.3822	-89.8363
IL	Minier	40.4337	-89.3139
IL	Minonk	40.9104	-89.0382
IL	Minooka	41.4476	-88.2842
IL	Mitchell	38.7631	-90.0816
IL	Modesto	39.4789	-89.9803
IL	Mokena	41.5299	-87.8777
IL	Moline	41.4823	-90.4934
IL	Momence	41.1636	-87.6635
IL	Monee	41.4181	-87.7501
IL	Monmouth	40.9142	-90.6431
IL	Monroe Center	42.0999	-88.9944
IL	Montgomery	41.721	-88.3581
IL	Monticello	40.0335	-88.5741
IL	Montrose	39.166	-88.378
IL	Moro	38.9252	-90.0264
IL	Morris	41.3802	-88.4243
IL	Morrison	41.8076	-89.9617
IL	Morrisonville	39.4217	-89.459
IL	Morton	40.6137	-89.4668
IL	Morton Grove	42.0423	-87.789
IL	Mossville	40.8171	-89.5704
IL	Mound City	37.0857	-89.163
IL	Mound Station	40.0066	-90.8737
IL	Mounds	37.1162	-89.2029
IL	Mount Auburn	39.7654	-89.2593
IL	Mount Carmel	38.419	-87.7698
IL	Mount Carroll	42.0948	-89.9769
IL	Mount Clare	39.0973	-89.8337
IL	Mount Erie	38.5146	-88.2324
IL	Mount Morris	42.0483	-89.4293
IL	Mount Olive	39.0727	-89.7279
IL	Mount Prospect	42.0642	-87.9374
IL	Mount Pulaski	40.0101	-89.2838
IL	Mount Sterling	39.9854	-90.7641
IL	Mount Vernon	38.3142	-88.9175
IL	Mount Zion	39.784	-88.885
IL	Moweaqua	39.6258	-89.0214
IL	Muddy	37.7668	-88.5139
IL	Mulberry Grove	38.9253	-89.2619
IL	Mulkeytown	37.9739	-89.1085
IL	Muncie	40.1161	-87.843
IL	Mundelein	42.2691	-88.0115
IL	Murphysboro	37.7672	-89.3324
IL	Murrayville	39.5818	-90.2518
IL	Nachusa	41.8339	-89.3858
IL	Naperville	41.7492	-88.162
IL	Naplate	41.3315	-88.8802
IL	Naples	39.7535	-90.6069
IL	Nashville	38.3536	-89.378
IL	Nason	38.176	-88.9663
IL	Nauvoo	40.5445	-91.3828
IL	Nebo	39.4421	-90.7882
IL	Nekoma	41.1719	-90.191
IL	Nelson	41.7963	-89.6075
IL	Neoga	39.3216	-88.4503
IL	Neponset	41.2967	-89.7896
IL	New Athens	38.3189	-89.8736
IL	New Baden	38.5368	-89.7072
IL	New Bedford	41.5115	-89.7182
IL	New Berlin	39.7261	-89.9144
IL	New Boston	41.1704	-90.9998
IL	New Burnside	37.5782	-88.7733
IL	New Canton	39.6371	-91.0983
IL	New Douglas	38.9688	-89.6679
IL	New Grand Chain	37.2564	-89.0186
IL	New Haven	37.8984	-88.1268
IL	New Holland	40.1835	-89.5824
IL	New Lenox	41.51	-87.97
IL	New Milford	42.1691	-89.0698
IL	New Minden	38.438	-89.3704
IL	New Salem	39.7076	-90.8479
IL	Newark	41.5366	-88.5806
IL	Newman	39.797	-87.9877
IL	Newton	38.9873	-88.1644
IL	Niantic	39.8541	-89.1653
IL	Niles	42.0279	-87.81
IL	Nilwood	39.3995	-89.8077
IL	Niota	40.6144	-91.2877
IL	Noble	38.6981	-88.2188
IL	Nokomis	39.3003	-89.2852
IL	Nora	42.4565	-89.9459
IL	Normal	40.5197	-88.9907
IL	Norridge	41.9637	-87.8232
IL	Norris	40.6258	-90.032
IL	Norris City	37.9786	-88.3278
IL	North Aurora	41.8087	-88.342
IL	North Barrington	42.2069	-88.1289
IL	North Chicago	42.3167	-87.8592
IL	North City	37.9912	-89.0639
IL	North Henderson	41.0904	-90.4748
IL	North Pekin	40.6136	-89.6254
IL	North Riverside	41.8461	-87.8263
IL	North Utica	41.3536	-89.0196
IL	Northbrook	42.1287	-87.8352
IL	Northfield	42.103	-87.7774
IL	Northlake	41.9143	-87.9055
IL	Norwood	40.7078	-89.6995
IL	O'Fallon	38.6	-89.9154
IL	Oak Brook	41.8364	-87.9532
IL	Oak Forest	41.6067	-87.7533
IL	Oak Grove	41.4119	-90.5742
IL	Oak Lawn	41.7139	-87.7528
IL	Oak Park	41.8872	-87.7899
IL	Oak Run	40.9599	-90.1301
IL	Oakbrook Terrace	41.8536	-87.969
IL	Oakdale	38.2648	-89.5035
IL	Oakford	40.1009	-89.9653
IL	Oakland	39.6578	-88.0279
IL	Oakwood	40.1101	-87.7769
IL	Oakwood Hills	42.2481	-88.24
IL	Oblong	39.0023	-87.9105
IL	Oconee	39.2863	-89.1066
IL	Odell	41.0023	-88.5235
IL	Odin	38.6159	-89.0541
IL	Ogden	40.1151	-87.9563
IL	Oglesby	41.2932	-89.071
IL	Ohio	41.555	-89.4603
IL	Ohlman	39.3434	-89.2185
IL	Okawville	38.4344	-89.548
IL	Old Mill Creek	42.4331	-87.9822
IL	Old Ripley	38.8927	-89.5721
IL	Old Shawneetown	37.6971	-88.1389
IL	Olive Branch	37.1837	-89.3495
IL	Olivet	39.9461	-87.6396
IL	Olmsted	37.1824	-89.084
IL	Olney	38.7281	-88.0842
IL	Olympia Fields	41.522	-87.6916
IL	Omaha	37.8897	-88.3064
IL	Onarga	40.7153	-88.0108
IL	Oneida	41.0722	-90.2247
IL	Opdyke	38.2582	-88.7898
IL	Ophiem	41.2538	-90.3827
IL	Oquawka	40.9375	-90.9495
IL	Orangeville	42.4658	-89.6469
IL	Oreana	39.9378	-88.8685
IL	Oregon	42.0127	-89.3358
IL	Orient	37.9176	-88.9783
IL	Orion	41.3515	-90.3763
IL	Orland Hills	41.5907	-87.8421
IL	Orland Park	41.6081	-87.8593
IL	Osco	41.3466	-90.2828
IL	Oswego	41.6832	-88.3388
IL	Ottawa	41.354	-88.8234
IL	Otterville	39.0508	-90.3984
IL	Owaneco	39.4814	-89.1949
IL	Oxville	39.7054	-90.5604
IL	Paderborn	38.3594	-90.0469
IL	Palatine	42.1165	-88.0444
IL	Palestine	39.0016	-87.6126
IL	Palmer	39.4587	-89.4079
IL	Palmyra	39.4345	-89.9959
IL	Paloma	40.0237	-91.1986
IL	Palos Heights	41.6634	-87.796
IL	Palos Hills	41.7007	-87.8253
IL	Palos Park	41.6662	-87.8296
IL	Pana	39.3946	-89.0908
IL	Panama	39.0293	-89.5244
IL	Panola	40.7828	-89.0202
IL	Papineau	40.9677	-87.7163
IL	Paris	39.6151	-87.6891
IL	Park City	42.3537	-87.8924
IL	Park Forest	41.4817	-87.6868
IL	Park Ridge	42.0118	-87.8434
IL	Parkersburg	38.5891	-88.0568
IL	Patoka	38.7541	-89.0958
IL	Paw Paw	41.6882	-88.9798
IL	Pawnee	39.5937	-89.5846
IL	Paxton	40.4563	-88.1034
IL	Payson	39.8169	-91.2443
IL	Pearl	39.4627	-90.6197
IL	Pearl City	42.2662	-89.8272
IL	Pecatonica	42.309	-89.3572
IL	Pekin	40.5688	-89.6251
IL	Penfield	40.3047	-87.9443
IL	Peoria	40.7516	-89.6172
IL	Peoria Heights	40.7467	-89.57
IL	Peotone	41.3307	-87.7963
IL	Percy	38.0147	-89.6181
IL	Perry	39.7822	-90.7473
IL	Peru	41.3492	-89.1386
IL	Pesotum	39.9112	-88.2769
IL	Petersburg	40.0143	-89.8453
IL	Phillipstown	38.1429	-88.0181
IL	Philo	40.0033	-88.1564
IL	Phoenix	41.6118	-87.6309
IL	Pierron	38.7792	-89.5918
IL	Pinckneyville	38.0861	-89.327
IL	Pingree Grove	42.0876	-88.436
IL	Piper City	40.7561	-88.1889
IL	Pistakee Highlands	42.403	-88.2109
IL	Pittsburg	37.7766	-88.8502
IL	Pittsfield	39.6005	-90.8101
IL	Plainfield	41.6303	-88.2453
IL	Plainville	39.7848	-91.1816
IL	Plano	41.6804	-88.5363
IL	Plattville	41.5343	-88.3836
IL	Pleasant Hill	39.4432	-90.8729
IL	Pleasant Plains	39.8747	-89.9183
IL	Plum Valley	41.4611	-87.5442
IL	Plymouth	40.2921	-90.9163
IL	Pocahontas	38.8244	-89.5388
IL	Polo	41.9848	-89.5804
IL	Pontiac	40.8893	-88.6414
IL	Pontoon Beach	38.7218	-90.0636
IL	Pontoosuc	40.6286	-91.2107
IL	Poplar Grove	42.3511	-88.8438
IL	Port Barrington	42.2442	-88.1951
IL	Port Byron	41.6243	-90.3302
IL	Posen	41.6291	-87.6858
IL	Potomac	40.3067	-87.7976
IL	Prairie City	40.621	-90.4649
IL	Prairie Grove	42.2739	-88.2699
IL	Prairie du Rocher	38.0817	-90.0976
IL	Prairietown	38.9665	-89.9235
IL	Preemption	41.3131	-90.5787
IL	Prestbury	41.786	-88.424
IL	Preston Heights	41.4953	-88.0809
IL	Princeton	41.3806	-89.4641
IL	Princeville	40.9348	-89.7547
IL	Prophetstown	41.6697	-89.9347
IL	Prospect Heights	42.1037	-87.929
IL	Pulaski	37.2209	-89.2066
IL	Quincy	39.9337	-91.3793
IL	Radom	38.2798	-89.1921
IL	Raleigh	37.8244	-88.5312
IL	Ramsey	39.1457	-89.1103
IL	Rankin	40.4644	-87.8959
IL	Ransom	41.1586	-88.6542
IL	Rantoul	40.3026	-88.1549
IL	Rapids City	41.5786	-90.3398
IL	Raritan	40.6958	-90.8251
IL	Raymond	39.3198	-89.5745
IL	Red Bud	38.2075	-90.0024
IL	Reddick	41.0984	-88.2485
IL	Redmon	39.6448	-87.8615
IL	Rentchler	38.4925	-89.8687
IL	Rest Haven	41.2583	-88.1297
IL	Reynolds	41.3318	-90.6722
IL	Richfield	39.8141	-91.1158
IL	Richmond	42.4638	-88.3094
IL	Richton Park	41.4802	-87.7425
IL	Richview	38.3759	-89.1803
IL	Ridge Farm	39.8957	-87.652
IL	Ridgefield	42.2707	-88.362
IL	Ridgewood	41.5341	-88.0434
IL	Ridgway	37.7979	-88.2606
IL	Ridott	42.2968	-89.4771
IL	Riggston	39.6946	-90.4233
IL	Riley	42.1929	-88.6287
IL	Ringwood	42.3973	-88.3041
IL	Rio	41.1093	-90.3988
IL	Ripley	40.0252	-90.638
IL	Ritchie	41.2557	-88.1158
IL	River Forest	41.8949	-87.8191
IL	River Grove	41.9243	-87.8379
IL	Riverdale	41.6427	-87.6356
IL	Riverside	41.831	-87.8159
IL	Riverton	39.8461	-89.5364
IL	Riverwoods	42.1729	-87.8949
IL	Roanoke	40.7985	-89.2013
IL	Robbins	41.6431	-87.7081
IL	Roberts	40.6148	-88.1842
IL	Robinson	39.0086	-87.7334
IL	Rochelle	41.9191	-89.0637
IL	Rochester	39.7458	-89.5665
IL	Rock City	42.413	-89.471
IL	Rock Falls	41.7721	-89.6942
IL	Rock Island	41.4702	-90.5831
IL	Rock Island Arsenal	41.517	-90.5397
IL	Rockbridge	39.2693	-90.2066
IL	Rockdale	41.5049	-88.1248
IL	Rockford	42.2588	-89.0646
IL	Rockport	39.5391	-91.0127
IL	Rockton	42.4471	-89.0631
IL	Rockwood	37.8371	-89.6918
IL	Rolling Meadows	42.0749	-88.0254
IL	Rome	40.8774	-89.5132
IL	Romeoville	41.6279	-88.1012
IL	Roodhouse	39.4841	-90.374
IL	Roscoe	42.4256	-89.0095
IL	Rose Hill	39.1043	-88.1499
IL	Roselle	41.9802	-88.0859
IL	Rosemont	41.989	-87.8717
IL	Roseville	40.7307	-90.6638
IL	Rosewood Heights	38.8878	-90.0732
IL	Rosiclare	37.4256	-88.3523
IL	Rossville	40.3815	-87.6699
IL	Round Lake	42.3432	-88.1021
IL	Round Lake Beach	42.3824	-88.0807
IL	Round Lake Heights	42.3846	-88.1059
IL	Round Lake Park	42.3407	-88.0812
IL	Roxana	38.832	-90.0474
IL	Royal	40.1931	-87.9719
IL	Royal Lakes	39.1133	-89.9585
IL	Royalton	37.8776	-89.1136
IL	Ruma	38.1306	-90.0003
IL	Rushville	40.12	-90.5665
IL	Russellville	38.8186	-87.5301
IL	Rutland	40.9838	-89.0413
IL	Sadorus	39.9669	-88.3451
IL	Sailor Springs	38.7645	-88.3602
IL	Salem	38.6275	-88.9594
IL	Sammons Point	41.0324	-87.8583
IL	San Jose	40.3051	-89.6048
IL	Sandoval	38.6121	-89.1193
IL	Sandwich	41.6501	-88.619
IL	Sauget	38.5859	-90.1531
IL	Sauk Village	41.4901	-87.5706
IL	Saunemin	40.8922	-88.4053
IL	Savanna	42.0938	-90.1391
IL	Savoy	40.0591	-88.2545
IL	Sawyerville	39.0819	-89.8045
IL	Saybrook	40.4281	-88.5262
IL	Scales Mound	42.4748	-90.2526
IL	Schaumburg	42.0289	-88.0838
IL	Schiller Park	41.9586	-87.8693
IL	Schram City	39.1598	-89.4668
IL	Sciota	40.5626	-90.748
IL	Scott AFB	38.543	-89.8521
IL	Scottville	39.4777	-90.1038
IL	Seaton	41.1023	-90.7991
IL	Seatonville	41.3671	-89.2748
IL	Secor	40.7418	-89.135
IL	Seneca	41.3026	-88.6147
IL	Serena	41.4872	-88.7319
IL	Sesser	38.0903	-89.0508
IL	Seymour	40.1068	-88.4271
IL	Shabbona	41.7643	-88.8822
IL	Shannon	42.1524	-89.7402
IL	Shawneetown	37.7159	-88.1867
IL	Sheffield	41.358	-89.7392
IL	Shelbyville	39.4095	-88.8
IL	Sheldon	40.771	-87.5658
IL	Sheridan	41.5295	-88.6807
IL	Sherman	39.8903	-89.6045
IL	Sherrard	41.3142	-90.4972
IL	Shiloh	38.552	-89.9151
IL	Shipman	39.1195	-90.0452
IL	Shirley	40.4075	-89.0643
IL	Shorewood	41.5175	-88.2152
IL	Shumway	39.1834	-88.6532
IL	Sibley	40.5876	-88.3782
IL	Sidell	39.9097	-87.8236
IL	Sidney	40.0254	-88.0722
IL	Sigel	39.2255	-88.4947
IL	Silvis	41.4977	-90.4101
IL	Simpson	37.4674	-88.7579
IL	Sims	38.3618	-88.5355
IL	Skokie	42.036	-87.74
IL	Sleepy Hollow	42.0903	-88.3137
IL	Smithboro	38.8946	-89.3399
IL	Smithfield	40.4744	-90.2949
IL	Smithton	38.4143	-89.9901
IL	Smithville	40.659	-89.8031
IL	Solon Mills	42.4421	-88.2764
IL	Somonauk	41.6347	-88.6875
IL	Sorento	39.0008	-89.5748
IL	South Barrington	42.089	-88.1572
IL	South Beloit	42.4848	-89.0274
IL	South Chicago Heights	41.4834	-87.6372
IL	South Elgin	41.9903	-88.3143
IL	South Holland	41.5984	-87.6027
IL	South Jacksonville	39.6994	-90.224
IL	South Pekin	40.4955	-89.6524
IL	South Roxana	38.8106	-90.0599
IL	South Wilmington	41.1745	-88.2795
IL	Southern View	39.7546	-89.6517
IL	Sparland	41.0296	-89.4412
IL	Sparta	38.1394	-89.7305
IL	Spaulding	39.8662	-89.5451
IL	Spillertown	37.7652	-88.9239
IL	Spring Bay	40.8212	-89.5311
IL	Spring Grove	42.4507	-88.2402
IL	Spring Valley	41.3229	-89.1834
IL	Springerton	38.1786	-88.3552
IL	Springfield	39.7911	-89.6446
IL	St. Anne	41.0235	-87.717
IL	St. Augustine	40.7213	-90.4069
IL	St. Charles	41.9194	-88.3107
IL	St. David	40.492	-90.0525
IL	St. Elmo	39.0218	-88.8514
IL	St. Francisville	38.5919	-87.6475
IL	St. Jacob	38.718	-89.7633
IL	St. Johns	38.0349	-89.2386
IL	St. Joseph	40.1147	-88.0356
IL	St. Libory	38.3631	-89.7181
IL	St. Peter	38.8676	-88.8504
IL	St. Rose	38.6826	-89.5536
IL	Standard	41.2558	-89.1817
IL	Standard City	39.3502	-89.7839
IL	Stanford	40.4322	-89.2208
IL	Staunton	39.0117	-89.7907
IL	Ste. Marie	38.93	-88.0277
IL	Steeleville	38.0084	-89.6624
IL	Steger	41.4723	-87.6177
IL	Sterling	41.7997	-89.6959
IL	Steward	41.8483	-89.02
IL	Stewardson	39.2638	-88.6301
IL	Stickney	41.817	-87.7737
IL	Stillman Valley	42.1054	-89.179
IL	Stockton	42.3525	-90.002
IL	Stone Park	41.9032	-87.8807
IL	Stonefort	37.6215	-88.7041
IL	Stonington	39.6385	-89.192
IL	Stoy	38.9968	-87.8336
IL	Strasburg	39.3497	-88.6218
IL	Strawn	40.6537	-88.4
IL	Streamwood	42.0206	-88.1778
IL	Streator	41.125	-88.8296
IL	Stronghurst	40.7462	-90.9094
IL	Sublette	41.643	-89.2289
IL	Sugar Grove	41.7686	-88.4489
IL	Sullivan	39.5952	-88.6089
IL	Summerfield	38.5957	-89.7496
IL	Summit	41.7885	-87.8139
IL	Sumner	38.7154	-87.8667
IL	Sun River Terrace	41.1234	-87.7333
IL	Sunnyland	41.572	-88.1449
IL	Swansea	38.5518	-89.9875
IL	Swedona	41.2801	-90.4434
IL	Sycamore	41.9967	-88.6776
IL	Symerton	41.3256	-88.0531
IL	Table Grove	40.365	-90.4252
IL	Tallula	39.9457	-89.9366
IL	Tamaroa	38.1363	-89.2293
IL	Tamms	37.2415	-89.2713
IL	Tampico	41.6308	-89.7851
IL	Taylor Ridge	41.3892	-90.6705
IL	Taylor Springs	39.1319	-89.495
IL	Taylorville	39.5627	-89.3083
IL	Tennessee	40.4114	-90.8362
IL	Teutopolis	39.132	-88.4796
IL	Thawville	40.6731	-88.1137
IL	Thayer	39.5404	-89.758
IL	The Galena Territory	42.3937	-90.325
IL	Thebes	37.2124	-89.4507
IL	Third Lake	42.3698	-88.0091
IL	Thomasboro	40.2439	-88.1877
IL	Thompsonville	37.9113	-88.765
IL	Thomson	41.9747	-90.1122
IL	Thornton	41.5741	-87.6193
IL	Tilden	38.212	-89.6837
IL	Tilton	40.095	-87.6421
IL	Timberlane	42.3357	-88.8661
IL	Tinley Park	41.5686	-87.8042
IL	Tiskilwa	41.2924	-89.5066
IL	Toledo	39.2728	-88.2422
IL	Tolono	39.9913	-88.2625
IL	Toluca	41.0044	-89.1339
IL	Tonica	41.2159	-89.07
IL	Topeka	40.3304	-89.9306
IL	Toulon	41.0934	-89.8632
IL	Tovey	39.5883	-89.4486
IL	Towanda	40.5634	-88.9007
IL	Tower Hill	39.3868	-88.9592
IL	Tower Lakes	42.2278	-88.1552
IL	Tremont	40.525	-89.489
IL	Trenton	38.6083	-89.6852
IL	Trilla	39.3751	-88.3507
IL	Triumph	41.4993	-89.0199
IL	Trivoli	40.6975	-89.8891
IL	Trout Valley	42.1957	-88.2507
IL	Troy	38.7397	-89.8825
IL	Troy Grove	41.4657	-89.0815
IL	Tuscola	39.7959	-88.2755
IL	Twin Grove	40.4793	-89.1015
IL	Ullin	37.2802	-89.1758
IL	Union	42.2316	-88.5448
IL	Union Hill	41.1078	-88.146
IL	Unity	37.1521	-89.273
IL	University Park	41.4469	-87.713
IL	Urbana	40.1101	-88.1973
IL	Ursa	40.0742	-91.3724
IL	Valier	38.018	-89.0437
IL	Valley City	39.7072	-90.6494
IL	Valmeyer	38.3058	-90.2983
IL	Vandalia	38.9746	-89.1107
IL	Varna	41.0352	-89.2243
IL	Venedy	38.3966	-89.6456
IL	Venetian Village	42.4061	-88.0455
IL	Venice	38.672	-90.1693
IL	Vergennes	37.9019	-89.3402
IL	Vermilion	39.5802	-87.588
IL	Vermont	40.2957	-90.429
IL	Vernon	38.8014	-89.0875
IL	Vernon Hills	42.2344	-87.9611
IL	Verona	41.2157	-88.5049
IL	Versailles	39.8839	-90.659
IL	Victoria	41.0336	-90.0873
IL	Vienna	37.4136	-88.8866
IL	Villa Grove	39.8645	-88.1597
IL	Villa Park	41.8856	-87.9782
IL	Viola	41.2053	-90.5862
IL	Virden	39.5061	-89.7711
IL	Virgil	41.9557	-88.529
IL	Virginia	39.9529	-90.2104
IL	Volo	42.3303	-88.1587
IL	Wadsworth	42.4507	-87.9251
IL	Waggoner	39.3775	-89.6526
IL	Walnut	41.5571	-89.5913
IL	Walnut Hill	38.4779	-89.0444
IL	Walshville	39.069	-89.619
IL	Waltonville	38.2161	-89.0382
IL	Wamac	38.4909	-89.1479
IL	Wapella	40.2218	-88.9612
IL	Warren	42.4948	-89.9912
IL	Warrensburg	39.932	-89.0628
IL	Warrenville	41.821	-88.1875
IL	Warsaw	40.351	-91.428
IL	Washburn	40.9203	-89.2918
IL	Washington	40.7064	-89.4335
IL	Washington Park	38.6285	-90.0926
IL	Wataga	41.0252	-90.2754
IL	Waterloo	38.3412	-90.1527
IL	Waterman	41.7656	-88.7631
IL	Watseka	40.7751	-87.7304
IL	Watson	39.0261	-88.5686
IL	Wauconda	42.277	-88.1353
IL	Waukegan	42.3694	-87.8709
IL	Waverly	39.5926	-89.9528
IL	Wayne	41.9473	-88.2532
IL	Wayne City	38.3476	-88.5894
IL	Waynesville	40.2413	-89.1245
IL	Wedron	41.4383	-88.7749
IL	Weldon	40.1216	-88.7497
IL	Wellington	40.5411	-87.6799
IL	Wenona	41.0487	-89.0523
IL	Wenonah	39.32	-89.288
IL	West Brooklyn	41.6935	-89.1475
IL	West Chicago	41.8945	-88.2211
IL	West City	37.996	-88.9489
IL	West Dundee	42.1106	-88.3437
IL	West Frankfort	37.8995	-88.9308
IL	West Liberty	38.8524	-88.0852
IL	West Peoria	40.697	-89.6399
IL	West Point	40.2556	-91.1833
IL	West Salem	38.5201	-88.0093
IL	West Union	39.2137	-87.6666
IL	West York	39.1688	-87.673
IL	Westchester	41.8492	-87.8906
IL	Western Springs	41.8023	-87.9006
IL	Westervelt	39.4791	-88.8612
IL	Westfield	39.4555	-87.9964
IL	Westlake Village	42.3098	-89.2925
IL	Westmont	41.7944	-87.9729
IL	Westville	40.044	-87.6389
IL	Wheaton	41.8568	-88.1081
IL	Wheeler	39.043	-88.3188
IL	Wheeling	42.1296	-87.9215
IL	White City	39.0706	-89.7697
IL	White Hall	39.4386	-90.4011
IL	White Heath	40.0868	-88.5116
IL	Whiteash	37.7838	-88.9307
IL	Williamsfield	40.9264	-90.0182
IL	Williamson	38.9845	-89.7625
IL	Williamsville	39.9561	-89.5436
IL	Willisville	37.9828	-89.5898
IL	Willow Hill	38.9958	-88.0218
IL	Willow Lake	42.3342	-89.6353
IL	Willow Springs	41.7341	-87.884
IL	Willowbrook	41.7673	-87.9421
IL	Wilmette	42.0773	-87.7286
IL	Wilmington	41.3194	-88.1602
IL	Wilsonville	39.069	-89.8551
IL	Wilton Center	41.3517	-87.9567
IL	Winchester	39.6298	-90.456
IL	Windsor	39.4389	-88.5954
IL	Winfield	41.8784	-88.153
IL	Winnebago	42.2671	-89.234
IL	Winnetka	42.1062	-87.7428
IL	Winslow	42.493	-89.7949
IL	Winthrop Harbor	42.4806	-87.8296
IL	Witt	39.2538	-89.3488
IL	Wonder Lake	42.3834	-88.35
IL	Wood Dale	41.9663	-87.9809
IL	Wood River	38.8633	-90.0776
IL	Woodhull	41.1784	-90.3222
IL	Woodland	40.7151	-87.7311
IL	Woodlawn	38.3283	-89.0345
IL	Woodridge	41.7374	-88.0441
IL	Woodson	39.6274	-90.2256
IL	Woodstock	42.3095	-88.4353
IL	Worden	38.9311	-89.8402
IL	Worth	41.6882	-87.7926
IL	Wyanet	41.3609	-89.5827
IL	Wyoming	41.0638	-89.7729
IL	Xenia	38.6373	-88.6375
IL	Yale	39.1203	-88.0246
IL	Yates City	40.7776	-90.0139
IL	Yorkville	41.6617	-88.4286
IL	Zeigler	37.9057	-89.0533
IL	Zion	42.4599	-87.8511
IN	Aberdeen	41.4418	-87.1166
IN	Abington	39.7331	-84.968
IN	Adams	39.3825	-85.5613
IN	Adams Lake	41.55	-85.3295
IN	Advance	39.9956	-86.6199
IN	Akron	41.0388	-86.0249
IN	Alamo	39.9834	-87.0552
IN	Albany	40.306	-85.2322
IN	Albion	41.3966	-85.4187
IN	Alexandria	40.263	-85.6737
IN	Alford	38.4932	-87.2462
IN	Alfordsville	38.5603	-86.9486
IN	Alton	38.1201	-86.4186
IN	Altona	41.3522	-85.1525
IN	Ambia	40.4893	-87.5163
IN	Amboy	40.6028	-85.9274
IN	Americus	40.5257	-86.7628
IN	Amity	39.427	-86.0039
IN	Amo	39.6889	-86.6127
IN	Anderson	40.0898	-85.6894
IN	Andersonville	39.5005	-85.2859
IN	Andrews	40.8599	-85.6021
IN	Angola	41.6411	-85.011
IN	Anoka	40.7235	-86.2851
IN	Antioch	40.2274	-86.5057
IN	Arcadia	40.1742	-86.021
IN	Arcola	41.1063	-85.2911
IN	Ardmore	41.6924	-86.3243
IN	Argos	41.2376	-86.2532
IN	Arlington	39.6411	-85.5771
IN	Arthur	38.3467	-87.2443
IN	Ashley	41.5215	-85.0614
IN	Atlanta	40.2139	-86.027
IN	Attica	40.2874	-87.2452
IN	Auburn	41.3676	-85.055
IN	Aurora	39.0698	-84.9047
IN	Austin	38.74	-85.8106
IN	Avilla	41.3638	-85.2317
IN	Avoca	38.9172	-86.5556
IN	Avon	39.7607	-86.3941
IN	Azalia	39.0924	-85.8448
IN	Bainbridge	39.7614	-86.8113
IN	Barbee	41.2923	-85.7181
IN	Bargersville	39.5426	-86.2032
IN	Bass Lake	41.223	-86.5959
IN	Batesville	39.2977	-85.2135
IN	Battle Ground	40.5075	-86.8527
IN	Bear Lake	41.326	-85.5141
IN	Beaver Dam	41.0955	-85.973
IN	Bedford	38.8602	-86.4895
IN	Beech Grove	39.7157	-86.087
IN	Belleville	39.6697	-86.4794
IN	Bennetts Switch	40.5872	-86.1099
IN	Benton	41.5098	-85.7662
IN	Berne	40.6573	-84.9555
IN	Bethany	39.5338	-86.3788
IN	Bethel Village	39.1514	-85.9252
IN	Beverly Shores	41.6911	-86.9788
IN	Bicknell	38.7743	-87.3078
IN	Big Lake	41.2688	-85.4983
IN	Billtown	39.5101	-87.1873
IN	Bippus	40.9445	-85.6246
IN	Birdseye	38.3127	-86.6985
IN	Blairsville	38.0795	-87.7631
IN	Blanford	39.6681	-87.5206
IN	Blocher	38.7206	-85.6552
IN	Bloomfield	39.0261	-86.9374
IN	Blooming Grove	39.5089	-85.0686
IN	Bloomingdale	39.8306	-87.2502
IN	Bloomington	39.1637	-86.5243
IN	Blountsville	40.0603	-85.2398
IN	Blue Ridge	39.5212	-85.6379
IN	Bluffton	40.7435	-85.1721
IN	Boggstown	39.5629	-85.9121
IN	Boone Grove	41.3546	-87.1341
IN	Boonville	38.0466	-87.291
IN	Borden	38.472	-85.9482
IN	Boston	39.7412	-84.8518
IN	Boswell	40.5172	-87.3753
IN	Bourbon	41.2994	-86.1169
IN	Bowling Green	39.3802	-87.0115
IN	Boxley	40.1678	-86.1791
IN	Brazil	39.5224	-87.1245
IN	Bremen	41.4488	-86.1507
IN	Bretzville	38.2965	-86.8663
IN	Bridgeton	39.6455	-87.1764
IN	Bright	39.2249	-84.8623
IN	Brimfield	41.4568	-85.4018
IN	Bringhurst	40.5269	-86.5252
IN	Bristol	41.7186	-85.8247
IN	Brook	40.8661	-87.3657
IN	Brooklyn	39.5445	-86.3699
IN	Brooksburg	38.7359	-85.2453
IN	Brookston	40.6009	-86.8664
IN	Brookville	39.4233	-85.0102
IN	Browns Crossing	39.4068	-86.5018
IN	Brownsburg	39.8344	-86.3857
IN	Brownstown	38.8791	-86.0477
IN	Brownsville	39.6648	-85.0034
IN	Bruceville	38.758	-87.4154
IN	Bryant	40.5358	-84.9633
IN	Buck Creek	40.4875	-86.7622
IN	Buckskin	38.2255	-87.4148
IN	Buffalo	40.8894	-86.7361
IN	Bunker Hill	40.6601	-86.1014
IN	Burket	41.1549	-85.9687
IN	Burlington	40.482	-86.3946
IN	Burnett	39.544	-87.2992
IN	Burnettsville	40.7612	-86.5947
IN	Burney	39.3181	-85.6398
IN	Burns City	38.8171	-86.8937
IN	Burns Harbor	41.6189	-87.1259
IN	Burrows	40.6772	-86.5092
IN	Butler	41.4271	-84.8723
IN	Butlerville	39.0326	-85.5129
IN	Cadiz	39.9509	-85.4869
IN	Cambridge City	39.8121	-85.1708
IN	Camden	40.6099	-86.5393
IN	Campbellsburg	38.6523	-86.2646
IN	Canaan	38.8654	-85.3008
IN	Cannelburg	38.6679	-86.9976
IN	Cannelton	37.9115	-86.7387
IN	Canton	38.6259	-86.035
IN	Carbon	39.5992	-87.1077
IN	Carlisle	38.9608	-87.4014
IN	Carmel	39.9655	-86.1484
IN	Carrollton	39.7055	-85.8199
IN	Cartersburg	39.6988	-86.4664
IN	Carthage	39.7368	-85.5714
IN	Cass	39.0876	-87.2773
IN	Cassville	40.5561	-86.1296
IN	Cates	39.9973	-87.3383
IN	Cayuga	39.9473	-87.4646
IN	Cedar Grove	39.3559	-84.9371
IN	Cedar Lake	41.3723	-87.442
IN	Celestine	38.3865	-86.7732
IN	Centenary	39.6591	-87.4714
IN	Center	40.4368	-86.0596
IN	Center Point	39.4158	-87.0756
IN	Centerton	39.5161	-86.3957
IN	Centerville	39.822	-84.9993
IN	Chain-O-Lakes	41.7071	-86.3883
IN	Chalmers	40.6625	-86.8677
IN	Chandler	38.0373	-87.3741
IN	Charlestown	38.4298	-85.6704
IN	Charlottesville	39.7909	-85.6119
IN	Chesterfield	40.113	-85.5943
IN	Chesterton	41.5998	-87.055
IN	Chili	40.8628	-86.029
IN	Chrisney	38.0106	-87.031
IN	Churubusco	41.2309	-85.3196
IN	Cicero	40.1219	-86.034
IN	Clarks Hill	40.2472	-86.7244
IN	Clarksburg	39.435	-85.3492
IN	Clarksville	38.3221	-85.7676
IN	Clay City	39.277	-87.1127
IN	Claypool	41.1308	-85.8823
IN	Clayton	39.6884	-86.5219
IN	Clear Lake	41.739	-84.8344
IN	Clermont	39.8165	-86.3207
IN	Clifford	39.2826	-85.8691
IN	Clinton	39.661	-87.4047
IN	Cloverdale	39.5212	-86.7987
IN	Cloverland	39.5043	-87.2257
IN	Coal City	39.2283	-87.0443
IN	Coalmont	39.1896	-87.2195
IN	Coatesville	39.6884	-86.6694
IN	Coesse	41.1275	-85.4007
IN	Colburn	40.5188	-86.7122
IN	Colfax	40.1942	-86.6669
IN	Columbia City	41.1631	-85.4788
IN	Columbus	39.2087	-85.9191
IN	Commiskey	38.8605	-85.643
IN	Connersville	39.658	-85.1417
IN	Converse	40.5789	-85.8754
IN	Cordry Sweetwater Lakes	39.3069	-86.1238
IN	Cortland	38.9737	-85.9629
IN	Corunna	41.4359	-85.1441
IN	Cory	39.3813	-87.2039
IN	Corydon	38.2129	-86.1256
IN	Country Club Heights	40.1245	-85.6878
IN	Country Squire Lakes	39.0379	-85.6853
IN	Covington	40.1415	-87.3906
IN	Cowan	40.1058	-85.3908
IN	Craigville	40.7769	-85.0913
IN	Crandall	38.2881	-86.0659
IN	Crane	38.8943	-86.9013
IN	Crawfordsville	40.0419	-86.8976
IN	Cree Lake	41.5048	-85.275
IN	Cromwell	41.4033	-85.6143
IN	Cross Plains	38.9393	-85.2057
IN	Crothersville	38.7945	-85.84
IN	Crown Point	41.4091	-87.347
IN	Crows Nest	39.8565	-86.1691
IN	Culver	41.2166	-86.4243
IN	Cumberland	39.7868	-85.9446
IN	Cutler	40.4744	-86.5252
IN	Cynthiana	38.1873	-87.7085
IN	Dale	38.1849	-86.9704
IN	Daleville	40.1189	-85.5562
IN	Dana	39.8073	-87.4945
IN	Danville	39.7588	-86.4953
IN	Darlington	40.1073	-86.7767
IN	Darmstadt	38.0914	-87.5768
IN	Dayton	40.3752	-86.774
IN	DeMotte	41.1993	-87.1955
IN	Decatur	40.8289	-84.9278
IN	Decker	38.5185	-87.5241
IN	Deer Creek	40.615	-86.3904
IN	Delaware	39.1457	-85.206
IN	Delphi	40.5834	-86.6668
IN	Denver	40.8648	-86.0771
IN	Depauw	38.3327	-86.2216
IN	Deputy	38.7951	-85.6527
IN	Dillsboro	39.0184	-85.0528
IN	Donaldson	41.3621	-86.4436
IN	Dover Hill	38.7192	-86.8013
IN	Dresser	39.4633	-87.4239
IN	Dublin	39.8125	-85.2052
IN	Dubois	38.4463	-86.7975
IN	Dugger	39.0704	-87.259
IN	Dune Acres	41.6518	-87.0888
IN	Duneland Beach	41.7577	-86.8301
IN	Dunkirk	40.3743	-85.2082
IN	Dunlap	41.6347	-85.9226
IN	Dunreith	39.8028	-85.4366
IN	Dupont	38.8915	-85.5167
IN	Dyer	41.4978	-87.509
IN	Earl Park	40.6856	-87.4201
IN	East Chicago	41.6481	-87.4529
IN	East Enterprise	38.8708	-84.9881
IN	East Germantown	39.8132	-85.137
IN	East Oolitic	38.8997	-86.5122
IN	Eaton	40.3269	-85.357
IN	Eckerty	38.322	-86.6124
IN	Economy	39.9773	-85.0868
IN	Eden	39.9025	-85.769
IN	Edgewood	40.1032	-85.7375
IN	Edinburgh	39.3509	-85.9625
IN	Edwardsport	38.8126	-87.2513
IN	Elberfeld	38.1617	-87.4482
IN	Elizabeth	38.1241	-85.9739
IN	Elizabethtown	39.1351	-85.8124
IN	Elizaville	40.124	-86.3773
IN	Elkhart	41.6915	-85.9622
IN	Ellettsville	39.2322	-86.6241
IN	Elnora	38.8762	-87.0846
IN	Elrod	39.0559	-85.1631
IN	Elwood	40.2738	-85.8373
IN	Eminence	39.5215	-86.6424
IN	Emison	38.7978	-87.4614
IN	Enchanted Hills	41.407	-85.6702
IN	English	38.3408	-86.4592
IN	Etna Green	41.2755	-86.0427
IN	Eugene	39.9621	-87.4726
IN	Evansville	37.9877	-87.5347
IN	Everton	39.5664	-85.0934
IN	Fair Oaks	41.0746	-87.2573
IN	Fairbanks	39.2182	-87.5229
IN	Fairland	39.5848	-85.8624
IN	Fairmount	40.4173	-85.6477
IN	Fairview	40.2985	-85.1982
IN	Fairview Park	39.6821	-87.4143
IN	Farmersburg	39.2525	-87.3807
IN	Farmland	40.1895	-85.1273
IN	Ferdinand	38.228	-86.8625
IN	Fillmore	39.6697	-86.7532
IN	Fish Lake	41.5575	-86.5455
IN	Fishers	39.9618	-85.9684
IN	Fishersburg	40.0715	-85.8605
IN	Flat Rock	39.3619	-85.8314
IN	Flora	40.5455	-86.5226
IN	Florence	38.7826	-84.9258
IN	Floyds Knobs	38.3333	-85.8848
IN	Folsomville	38.13	-87.1619
IN	Fontanet	39.5714	-87.2456
IN	Forest	40.3739	-86.3323
IN	Fort Branch	38.2458	-87.5732
IN	Fort Wayne	41.0891	-85.1439
IN	Fortville	39.9248	-85.8463
IN	Foster	40.1416	-87.4687
IN	Fountain City	39.9547	-84.9191
IN	Fountaintown	39.694	-85.782
IN	Fowler	40.6172	-87.3179
IN	Fowlerton	40.4096	-85.5728
IN	Foxcliff Estates	39.4794	-86.3937
IN	Francesville	40.9853	-86.8837
IN	Francisco	38.3327	-87.448
IN	Frankfort	40.281	-86.5213
IN	Franklin	39.4949	-86.0506
IN	Frankton	40.221	-85.772
IN	Fredericksburg	38.4355	-86.1962
IN	Freelandville	38.8653	-87.3102
IN	Freetown	38.9791	-86.1301
IN	Fremont	41.7276	-84.9389
IN	French Lick	38.5456	-86.6191
IN	Fulton	40.9463	-86.2642
IN	Galena	38.3572	-85.9379
IN	Galveston	40.5767	-86.1923
IN	Garrett	41.3526	-85.1238
IN	Gary	41.5907	-87.3471
IN	Gas City	40.4886	-85.5943
IN	Gaston	40.314	-85.501
IN	Geneva	40.5967	-84.9573
IN	Gentryville	38.11	-87.034
IN	Georgetown	38.2988	-85.9631
IN	Gilmer Park	41.6146	-86.2476
IN	Glenwood	39.6256	-85.3024
IN	Glezen	38.4173	-87.31
IN	Goldsmith	40.2907	-86.1507
IN	Goodland	40.7637	-87.2952
IN	Goshen	41.5739	-85.83
IN	Gosport	39.3507	-86.6665
IN	Grabill	41.2095	-84.9682
IN	Grammer	39.1526	-85.7259
IN	Grandview	37.936	-86.9834
IN	Grandview Lake	39.1516	-86.0396
IN	Granger	41.7377	-86.1344
IN	Grantsburg	38.2913	-86.4705
IN	Grayford	38.9634	-85.5779
IN	Graysville	39.118	-87.5557
IN	Green Hill	40.4136	-87.1118
IN	Greencastle	39.6418	-86.8463
IN	Greendale	39.1477	-84.8299
IN	Greenfield	39.7933	-85.7725
IN	Greens Fork	39.8915	-85.0392
IN	Greensboro	39.8785	-85.464
IN	Greensburg	39.351	-85.5012
IN	Greentown	40.4775	-85.9625
IN	Greenville	38.3726	-85.9822
IN	Greenwood	39.603	-86.1085
IN	Griffin	38.2043	-87.9149
IN	Griffith	41.5276	-87.4239
IN	Grissom AFB	40.6571	-86.1454
IN	Groveland	39.7624	-86.7229
IN	Groverton	41.3758	-86.506
IN	Gwynneville	39.662	-85.6491
IN	Hagerstown	39.9146	-85.1543
IN	Hamburg	39.3817	-85.2523
IN	Hamilton	41.5402	-84.9198
IN	Hamlet	41.3794	-86.5832
IN	Hammond	41.6187	-87.4949
IN	Hanna	41.412	-86.7794
IN	Hanover	38.7075	-85.4672
IN	Hardinsburg	38.4665	-86.2764
IN	Harlan	41.1976	-84.923
IN	Harmony	39.5337	-87.0731
IN	Harrison Lake	39.1845	-86.0262
IN	Harrodsburg	39.0171	-86.5541
IN	Hartford City	40.4537	-85.3732
IN	Hartsville	39.267	-85.6992
IN	Hartz Lake	41.1779	-86.498
IN	Hashtown	39.0239	-86.9232
IN	Hatfield	37.904	-87.2207
IN	Haubstadt	38.2032	-87.5747
IN	Hayden	38.9714	-85.7389
IN	Haysville	38.4901	-86.9059
IN	Hazleton	38.4884	-87.5394
IN	Hebron	41.3251	-87.2019
IN	Hedrick	40.3031	-87.4924
IN	Helmer	41.5327	-85.1712
IN	Helmsburg	39.2678	-86.2963
IN	Heltonville	38.9302	-86.3737
IN	Hemlock	40.4192	-86.0419
IN	Henryville	38.5386	-85.7663
IN	Herbst	40.5138	-85.7874
IN	Heritage Lake	39.7371	-86.7072
IN	Hessen Cassel	40.977	-85.0723
IN	Hidden Valley	39.1683	-84.845
IN	Highland	41.5466	-87.4576
IN	Hillisburg	40.2862	-86.3399
IN	Hillsboro	40.1088	-87.1576
IN	Hillsdale	39.7846	-87.3918
IN	Hoagland	40.952	-84.9955
IN	Hobart	41.5135	-87.2764
IN	Hobbs	40.285	-85.9527
IN	Hoffman Lake	41.2749	-85.9906
IN	Holiday Woods	41.6232	-85.0715
IN	Holland	38.246	-87.0383
IN	Holton	39.0752	-85.3847
IN	Homecroft	39.6696	-86.1312
IN	Homer	39.5784	-85.5774
IN	Hope	39.2993	-85.766
IN	Hortonville	40.0889	-86.1564
IN	Howe	41.7228	-85.4255
IN	Hudson	41.5318	-85.084
IN	Hudson Lake	41.7115	-86.5507
IN	Huntertown	41.2173	-85.1614
IN	Huntingburg	38.3009	-86.9619
IN	Huntington	40.8808	-85.5055
IN	Huron	38.721	-86.6709
IN	Hymera	39.1859	-87.2989
IN	Idaville	40.7588	-86.6506
IN	Independence	40.3379	-87.1716
IN	Indian Village	41.7143	-86.2322
IN	Indianapolis	39.7767	-86.1459
IN	Ingalls	39.959	-85.8058
IN	Ireland	38.4144	-86.9988
IN	Jalapa	40.6248	-85.7412
IN	Jamestown	39.9286	-86.626
IN	Jasonville	39.1615	-87.1996
IN	Jasper	38.3932	-86.9406
IN	Jefferson	40.2793	-86.5911
IN	Jeffersonville	38.3324	-85.6961
IN	Jerome	40.4566	-85.9329
IN	Jimmerson Lake	41.7022	-85.0605
IN	Johnson	38.274	-87.7481
IN	Jonesboro	40.4797	-85.6304
IN	Jonesville	39.0598	-85.8879
IN	Judah	38.9596	-86.5424
IN	Judson	39.8135	-87.1359
IN	Judyville	40.3584	-87.3968
IN	Kempton	40.2878	-86.2296
IN	Kendallville	41.4434	-85.2582
IN	Kennard	39.9063	-85.5221
IN	Kent	38.7374	-85.5392
IN	Kentland	40.774	-87.4465
IN	Kewanna	41.0193	-86.4125
IN	Keystone	40.5922	-85.2625
IN	Kimmell	41.394	-85.549
IN	Kingman	39.9663	-87.2782
IN	Kingsbury	41.5302	-86.6972
IN	Kingsford Heights	41.4784	-86.693
IN	Kirklin	40.1928	-86.3592
IN	Knightstown	39.7955	-85.5308
IN	Knightsville	39.5254	-87.0891
IN	Knox	41.291	-86.6212
IN	Kokomo	40.464	-86.1273
IN	Koontz Lake	41.4122	-86.4781
IN	Kouts	41.3172	-87.0266
IN	Kramer	40.339	-87.2851
IN	La Crosse	41.3178	-86.8898
IN	La Fontaine	40.6739	-85.722
IN	La Paz	41.4562	-86.3081
IN	La Porte	41.6061	-86.7137
IN	Laconia	38.0318	-86.0855
IN	Ladoga	39.9166	-86.799
IN	Lafayette	40.3994	-86.8628
IN	Lagrange	41.6482	-85.4181
IN	Lagro	40.8417	-85.7279
IN	Lake Bruce	41.0735	-86.4652
IN	Lake Cicott	40.7659	-86.5369
IN	Lake Dalecarlia	41.3376	-87.4028
IN	Lake Eliza	41.4291	-87.1817
IN	Lake Everett	41.1575	-85.3156
IN	Lake Holiday	39.9635	-86.9599
IN	Lake Holiday Hideaway	39.9934	-87.3091
IN	Lake Santee	39.4103	-85.3077
IN	Lake Station	41.5767	-87.2529
IN	Lake View	39.4814	-85.2483
IN	Lake Village	41.1308	-87.439
IN	Lake of the Woods	41.4223	-86.2232
IN	Lakes of the Four Seasons	41.4037	-87.2214
IN	Lakeshore Resort	39.5132	-85.021
IN	Laketon	40.9812	-85.84
IN	Lakeville	41.5285	-86.2754
IN	Lakewood	39.3965	-87.302
IN	Lamb	38.6927	-85.1974
IN	Landess	40.6126	-85.5593
IN	Lanesville	38.2394	-85.9821
IN	Laotto	41.291	-85.199
IN	Lapel	40.0334	-85.8406
IN	Larwill	41.1793	-85.6239
IN	Laud	41.0483	-85.4501
IN	Laurel	39.502	-85.1879
IN	Lawrence	39.866	-85.9896
IN	Lawrenceburg	39.1074	-84.8758
IN	Lawrenceport	38.7471	-86.3901
IN	Leavenworth	38.2001	-86.3501
IN	Lebanon	40.0331	-86.4482
IN	Leesburg	41.3307	-85.849
IN	Leiters Ford	41.1176	-86.3799
IN	Leo-Cedarville	41.2206	-85.0219
IN	Leopold	38.1037	-86.5828
IN	Leroy	41.3591	-87.2712
IN	Letts	39.234	-85.5685
IN	Lewis	39.2601	-87.2553
IN	Lewisville	39.8066	-85.3531
IN	Liberty	39.6349	-84.9273
IN	Liberty Center	40.7037	-85.2738
IN	Liberty Mills	41.0421	-85.7383
IN	Libertyville	39.605	-87.5182
IN	Ligonier	41.4619	-85.5959
IN	Lincoln	40.6164	-86.2103
IN	Linden	40.189	-86.9023
IN	Linn Grove	40.645	-85.0347
IN	Linnsburg	40.0005	-86.7984
IN	Linton	39.0355	-87.1571
IN	Little York	38.6993	-85.9046
IN	Livonia	38.5506	-86.2763
IN	Lizton	39.8836	-86.5422
IN	Logansport	40.7481	-86.3547
IN	London	39.6274	-85.9167
IN	Long Beach	41.7431	-86.8485
IN	Loogootee	38.6757	-86.9141
IN	Losantville	40.0235	-85.1835
IN	Lowell	41.2905	-87.4199
IN	Lucerne	40.8659	-86.4038
IN	Lyford	39.6468	-87.369
IN	Lynn	40.0487	-84.9425
IN	Lynnville	38.1991	-87.3175
IN	Lyons	38.9884	-87.0812
IN	Mace	40.009	-86.7978
IN	Mackey	38.252	-87.391
IN	Macy	40.9581	-86.1288
IN	Madison	38.7588	-85.3971
IN	Malden	41.3767	-87.028
IN	Manchester	39.1511	-85.0076
IN	Manilla	39.5727	-85.622
IN	Maples	41.0109	-84.968
IN	Marengo	38.3712	-86.3428
IN	Mariah Hill	38.1655	-86.9269
IN	Marietta	39.4406	-85.8811
IN	Marion	40.55	-85.6604
IN	Markle	40.8295	-85.342
IN	Markleville	39.9763	-85.6167
IN	Marshall	39.8477	-87.1868
IN	Marshfield	40.2512	-87.4524
IN	Martinsburg	38.4428	-86.0249
IN	Martinsville	39.4147	-86.4317
IN	Matthews	40.3875	-85.4978
IN	Mauckport	38.025	-86.1993
IN	Maxwell	39.8557	-85.7683
IN	Mays	39.7437	-85.4288
IN	McCordsville	39.8973	-85.9174
IN	Mecca	39.7271	-87.3317
IN	Medaryville	41.0804	-86.8905
IN	Medora	38.8246	-86.1711
IN	Mellott	40.1641	-87.1488
IN	Melody Hill	38.0245	-87.5135
IN	Memphis	38.4948	-85.767
IN	Mentone	41.1738	-86.0384
IN	Meridian Hills	39.8874	-86.1567
IN	Merom	39.056	-87.5672
IN	Merriam	41.2869	-85.4332
IN	Merrillville	41.4727	-87.3181
IN	Metamora	39.4485	-85.1372
IN	Metz	41.6164	-84.8375
IN	Mexico	40.8142	-86.1104
IN	Miami	40.6143	-86.1066
IN	Michiana Shores	41.7564	-86.8182
IN	Michigan City	41.7088	-86.8669
IN	Michigantown	40.328	-86.3916
IN	Middlebury	41.6706	-85.7087
IN	Middletown	40.0594	-85.5428
IN	Midland	39.118	-87.19
IN	Mier	40.5748	-85.8232
IN	Milan	39.1252	-85.1201
IN	Milford	41.4175	-85.8436
IN	Millersburg	41.5277	-85.6964
IN	Millgrove	40.4049	-85.2772
IN	Millhousen	39.212	-85.4342
IN	Milltown	38.3421	-86.2754
IN	Millville	39.9272	-85.2528
IN	Milroy	39.4981	-85.4676
IN	Milton	39.7865	-85.1562
IN	Mineral Springs	39.1322	-85.8609
IN	Mishawaka	41.6766	-86.1654
IN	Mitchell	38.7371	-86.4752
IN	Modoc	40.0455	-85.1262
IN	Mongo	41.6809	-85.2771
IN	Monon	40.8642	-86.8786
IN	Monroe	40.7451	-84.9409
IN	Monroe City	38.6145	-87.353
IN	Monroeville	40.9736	-84.8677
IN	Monrovia	39.5872	-86.4754
IN	Monterey	41.1562	-86.4821
IN	Montezuma	39.791	-87.3694
IN	Montgomery	38.6648	-87.0494
IN	Monticello	40.7452	-86.7673
IN	Montmorenci	40.4711	-87.0326
IN	Montpelier	40.5498	-85.287
IN	Mooreland	39.9974	-85.2513
IN	Moores Hill	39.1129	-85.0891
IN	Mooresville	39.6025	-86.3687
IN	Morgantown	39.3729	-86.2586
IN	Morocco	40.9445	-87.4503
IN	Morris	39.2843	-85.169
IN	Morristown	39.6922	-85.7296
IN	Mount Auburn	39.8113	-85.1885
IN	Mount Ayr	40.9523	-87.299
IN	Mount Carmel	39.4074	-84.8755
IN	Mount Etna	40.7411	-85.5619
IN	Mount Summit	40.0037	-85.3862
IN	Mount Vernon	37.937	-87.8959
IN	Mulberry	40.3458	-86.6673
IN	Muncie	40.1988	-85.3951
IN	Munster	41.5469	-87.5046
IN	Napoleon	39.2043	-85.3279
IN	Nappanee	41.4461	-85.9968
IN	Nashville	39.2077	-86.2362
IN	Needham	39.5312	-85.9716
IN	Needmore	38.9267	-86.5263
IN	New Albany	38.3122	-85.824
IN	New Amsterdam	38.102	-86.2766
IN	New Carlisle	41.7066	-86.5072
IN	New Castle	39.9198	-85.3701
IN	New Chicago	41.5587	-87.2717
IN	New Goshen	39.5809	-87.4609
IN	New Harmony	38.1286	-87.9309
IN	New Haven	41.0679	-85.0163
IN	New Lebanon	39.0409	-87.4713
IN	New Lisbon	39.8623	-85.2627
IN	New London	40.4431	-86.2738
IN	New Marion	39.0081	-85.3584
IN	New Market	39.9526	-86.9215
IN	New Middletown	38.1644	-86.0507
IN	New Palestine	39.7294	-85.8943
IN	New Paris	41.5019	-85.8255
IN	New Pekin	38.5021	-86.0144
IN	New Point	39.3096	-85.3269
IN	New Richmond	40.1942	-86.9779
IN	New Ross	39.9646	-86.7142
IN	New Salisbury	38.314	-86.1001
IN	New Trenton	39.309	-84.897
IN	New Washington	38.5696	-85.5601
IN	New Whiteland	39.5617	-86.0994
IN	Newbern	39.2365	-85.7452
IN	Newberry	38.9239	-87.0194
IN	Newburgh	37.9493	-87.4055
IN	Newport	39.8841	-87.4071
IN	Newtonville	37.9989	-86.9397
IN	Newtown	40.2045	-87.1483
IN	Nineveh	39.3612	-86.0927
IN	Noblesville	40.0353	-86.0002
IN	North Crows Nest	39.8661	-86.1625
IN	North Grove	40.613	-85.9652
IN	North Judson	41.2161	-86.777
IN	North Liberty	41.5324	-86.4281
IN	North Manchester	41.0043	-85.7756
IN	North Salem	39.86	-86.6437
IN	North Terre Haute	39.537	-87.3653
IN	North Vernon	39.0149	-85.6301
IN	North Webster	41.3238	-85.6986
IN	Norway	40.775	-86.7724
IN	Notre Dame	41.7003	-86.2387
IN	Nyona Lake	40.9654	-86.1867
IN	Oakland City	38.338	-87.3491
IN	Oaktown	38.8717	-87.4412
IN	Oakville	40.0797	-85.3893
IN	Odon	38.8423	-86.9885
IN	Ogden Dunes	41.6287	-87.1925
IN	Oldenburg	39.3388	-85.2048
IN	Ontario	41.6992	-85.3847
IN	Onward	40.6947	-86.1948
IN	Oolitic	38.8936	-86.5254
IN	Ora	41.1766	-86.5552
IN	Orestes	40.2716	-85.725
IN	Orland	41.7305	-85.1722
IN	Orleans	38.6611	-86.4517
IN	Osceola	41.6657	-86.0787
IN	Osgood	39.1286	-85.2926
IN	Ossian	40.8769	-85.1687
IN	Oswego	41.3224	-85.7871
IN	Otisco	38.5426	-85.6658
IN	Otter Lake	41.6381	-85.1715
IN	Otterbein	40.4882	-87.0878
IN	Otwell	38.4562	-87.096
IN	Owensburg	38.9241	-86.7434
IN	Owensville	38.2719	-87.6918
IN	Oxford	40.5215	-87.2482
IN	Painted Hills	39.3982	-86.3492
IN	Palestine	41.1748	-85.9456
IN	Palmyra	38.4084	-86.1091
IN	Paoli	38.5567	-86.4704
IN	Paragon	39.395	-86.5628
IN	Paris Crossing	38.8311	-85.6467
IN	Parker City	40.1898	-85.2037
IN	Parkers Settlement	38.044	-87.7147
IN	Patoka	38.3963	-87.5942
IN	Patricksburg	39.3121	-86.9543
IN	Patriot	38.8352	-84.8303
IN	Paxton	39.0217	-87.3885
IN	Pence	40.3637	-87.5128
IN	Pendleton	40.0058	-85.7714
IN	Penntown	39.2703	-85.091
IN	Pennville	40.4919	-85.1469
IN	Peppertown	39.3973	-85.1781
IN	Perkinsville	40.1443	-85.8586
IN	Perrysville	40.0532	-87.4359
IN	Peru	40.7587	-86.0706
IN	Petersburg	38.4922	-87.281
IN	Petersville	39.2263	-85.8192
IN	Petroleum	40.6126	-85.1527
IN	Philadelphia	39.7823	-85.844
IN	Pierceton	41.1993	-85.7031
IN	Pierceville	39.1331	-85.1786
IN	Pine Village	40.4495	-87.2535
IN	Pittsboro	39.8698	-86.4639
IN	Pittsburg	40.596	-86.7029
IN	Plainfield	39.6932	-86.372
IN	Plainville	38.8048	-87.1515
IN	Pleasant Lake	41.5743	-85.0125
IN	Pleasant Mills	40.7766	-84.8418
IN	Pleasant View	39.6644	-85.9386
IN	Pleasant View Village	39.3362	-85.9761
IN	Pleasantville	38.9644	-87.2475
IN	Plymouth	41.3488	-86.3193
IN	Point Isabel	40.4219	-85.8226
IN	Poland	39.4446	-86.9543
IN	Poneto	40.6571	-85.2222
IN	Portage	41.5916	-87.1789
IN	Porter	41.6275	-87.0827
IN	Portland	40.4377	-84.9835
IN	Poseyville	38.1698	-87.7833
IN	Pottawattamie Park	41.7233	-86.8671
IN	Prairie Creek	39.2732	-87.4981
IN	Prairieton	39.3723	-87.472
IN	Preble	40.8326	-85.0099
IN	Prince's Lakes	39.3511	-86.1084
IN	Princeton	38.3545	-87.5795
IN	Prospect	38.5867	-86.6164
IN	Pulaski	40.98	-86.6521
IN	Putnamville	39.5717	-86.883
IN	Raglesville	38.8023	-86.963
IN	Ragsdale	38.7453	-87.3223
IN	Rainsville	40.414	-87.3157
IN	Ramsey	38.3217	-86.1557
IN	Raub	40.7293	-87.4898
IN	Reddington	39.038	-85.8373
IN	Redkey	40.3483	-85.1539
IN	Remington	40.7694	-87.1297
IN	Rensselaer	40.9396	-87.1687
IN	Reo	37.9092	-87.1134
IN	Reynolds	40.7492	-86.8743
IN	Richland	37.9466	-87.1697
IN	Richmond	39.8321	-84.8909
IN	Ridgeville	40.2916	-85.0286
IN	Riley	39.3898	-87.3002
IN	Rising Sun	38.9537	-84.8533
IN	River Forest	40.1106	-85.7292
IN	Riverwood	40.1013	-85.9667
IN	Roachdale	39.8492	-86.8005
IN	Roann	40.911	-85.9246
IN	Roanoke	40.9645	-85.3808
IN	Rob Roy	40.2414	-87.248
IN	Rochester	41.0604	-86.1983
IN	Rockfield	40.6416	-86.5731
IN	Rockford	38.9856	-85.8828
IN	Rockport	37.8899	-87.0542
IN	Rockville	39.7665	-87.2295
IN	Rocky Ripple	39.8484	-86.1731
IN	Roll	40.553	-85.3934
IN	Rolling Prairie	41.6745	-86.6199
IN	Rome City	41.4894	-85.3588
IN	Romney	40.2537	-86.9049
IN	Rosedale	39.6225	-87.2816
IN	Roseland	41.7176	-86.2506
IN	Roselawn	41.1569	-87.2928
IN	Ross	41.5351	-87.3754
IN	Rossville	40.4196	-86.5958
IN	Royal Center	40.8643	-86.5
IN	Royerton	40.265	-85.3733
IN	Rushville	39.6186	-85.4458
IN	Russellville	39.857	-86.9832
IN	Russiaville	40.4189	-86.2728
IN	Salamonia	40.386	-84.8649
IN	Salem	38.6046	-86.0975
IN	Saline City	39.3666	-87.1323
IN	Salt Creek Commons	41.5111	-87.1411
IN	Saltillo	38.6652	-86.2975
IN	San Pierre	41.1993	-86.8907
IN	Sandborn	38.8968	-87.1846
IN	Sandusky	39.4209	-85.4801
IN	Santa Claus	38.1161	-86.9272
IN	Saratoga	40.2368	-84.9158
IN	Sardinia	39.1531	-85.631
IN	Saugany Lake	41.7217	-86.5919
IN	Schaefer Lake	39.2817	-85.7498
IN	Schererville	41.4852	-87.4434
IN	Schneider	41.192	-87.4457
IN	Schnellville	38.3452	-86.7563
IN	Scipio	39.0743	-85.715
IN	Scircleville	40.2881	-86.3016
IN	Scotland	38.9091	-86.9048
IN	Scott	41.7428	-85.5577
IN	Scottsburg	38.6845	-85.7822
IN	Seelyville	39.4934	-87.2669
IN	Sellersburg	38.3995	-85.7743
IN	Selma	40.1866	-85.2738
IN	Servia	40.9552	-85.7371
IN	Seymour	38.9475	-85.8913
IN	Shadeland	40.3448	-86.9637
IN	Shamrock Lakes	40.4114	-85.4274
IN	Sharpsville	40.3797	-86.0869
IN	Shelburn	39.1791	-87.3971
IN	Shelby	41.1934	-87.3427
IN	Shelbyville	39.5453	-85.7795
IN	Shepardsville	39.6047	-87.4229
IN	Sheridan	40.1309	-86.2185
IN	Shipshewana	41.6743	-85.5765
IN	Shipshewana Lake	41.6836	-85.6097
IN	Shirley	39.8909	-85.5799
IN	Shoals	38.6655	-86.7937
IN	Shorewood Forest	41.46	-87.1482
IN	Sidney	41.105	-85.7429
IN	Silver Lake	41.0743	-85.8929
IN	Simonton Lake	41.7542	-85.9705
IN	Sims	40.5002	-85.8572
IN	Smithville-Sanders	39.0597	-86.5108
IN	Snow Lake	41.7301	-85.0295
IN	Solsberry	39.0826	-86.7635
IN	Somerset	40.6703	-85.8312
IN	Somerville	38.2797	-87.3757
IN	South Bend	41.6766	-86.2688
IN	South Center	41.4751	-86.6477
IN	South Haven	41.5387	-87.1404
IN	South Milford	41.532	-85.2663
IN	South Whitley	41.084	-85.6245
IN	Southport	39.66	-86.1171
IN	Spartanburg	40.0673	-84.8523
IN	Speedway	39.7937	-86.2475
IN	Spencer	39.2862	-86.7725
IN	Spencerville	41.2796	-84.9291
IN	Spiceland	39.8431	-85.4261
IN	Spring Grove	39.8472	-84.8912
IN	Spring Hill	39.8346	-86.1926
IN	Spring Lake	39.7772	-85.8559
IN	Springport	40.0472	-85.3926
IN	Spurgeon	38.2555	-87.2595
IN	St. Anthony	38.3187	-86.8231
IN	St. Bernice	39.7096	-87.5199
IN	St. Joe	41.3147	-84.9011
IN	St. John	41.4418	-87.4678
IN	St. Leon	39.2995	-84.9665
IN	St. Mary of the Woods	39.5122	-87.4645
IN	St. Meinrad	38.1681	-86.8321
IN	St. Omer	39.4343	-85.5934
IN	St. Paul	39.4282	-85.6287
IN	St. Wendel	38.105	-87.7
IN	Stanford	39.0921	-86.6646
IN	Star City	40.9725	-86.5542
IN	State Line City	40.1973	-87.5271
IN	Staunton	39.4864	-87.1889
IN	Stendal	38.2672	-87.1463
IN	Stewartsville	38.1811	-87.8367
IN	Stilesville	39.6366	-86.633
IN	Stillwell	41.5549	-86.6023
IN	Stinesville	39.2999	-86.6499
IN	Stockwell	40.2872	-86.7744
IN	Stone Bluff	40.1688	-87.2558
IN	Straughn	39.8084	-85.2908
IN	Stroh	41.5831	-85.1989
IN	Sullivan	39.0973	-87.4073
IN	Sulphur Springs	39.9966	-85.4399
IN	Sumava Resorts	41.1655	-87.4381
IN	Summitville	40.336	-85.6435
IN	Sunman	39.2373	-85.0931
IN	Swayzee	40.5066	-85.8243
IN	Sweetser	40.5688	-85.7654
IN	Switz City	39.0349	-87.054
IN	Syracuse	41.4219	-85.7498
IN	Tab	40.4149	-87.4772
IN	Talma	41.1524	-86.1379
IN	Taswell	38.3356	-86.5597
IN	Taylorsville	39.2965	-85.9503
IN	Tecumseh	39.5699	-87.4258
IN	Teegarden	41.4648	-86.3783
IN	Tell City	37.953	-86.7593
IN	Templeton	40.5133	-87.2074
IN	Tennyson	38.0817	-87.1188
IN	Terre Haute	39.4642	-87.376
IN	Thayer	41.174	-87.3295
IN	Thorntown	40.1292	-86.61
IN	Tippecanoe	41.211	-86.1149
IN	Tipton	40.2825	-86.0432
IN	Toad Hop	39.458	-87.4643
IN	Tocsin	40.8311	-85.1072
IN	Topeka	41.5394	-85.5475
IN	Town of Pines	41.6882	-86.9518
IN	Trafalgar	39.4124	-86.1499
IN	Trail Creek	41.6963	-86.8555
IN	Tri-Lakes	41.2511	-85.4534
IN	Troy	38.002	-86.799
IN	Tunnelton	38.7732	-86.3412
IN	Twelve Mile	40.8641	-86.216
IN	Tyner	41.4082	-86.3992
IN	Ulen	40.0661	-86.4652
IN	Underwood	38.5891	-85.7661
IN	Union City	40.1993	-84.8206
IN	Union Mills	41.4953	-86.7839
IN	Uniondale	40.8301	-85.2389
IN	Universal	39.6225	-87.4553
IN	Upland	40.4628	-85.501
IN	Urbana	40.8974	-85.7921
IN	Utica	38.3394	-85.6558
IN	Vallonia	38.8485	-86.1007
IN	Valparaiso	41.4798	-87.0523
IN	Van Bibber Lake	39.7292	-86.9298
IN	Van Buren	40.6158	-85.5039
IN	Veedersburg	40.1153	-87.2572
IN	Velpen	38.3553	-87.1055
IN	Vera Cruz	40.7014	-85.0797
IN	Vernon	38.9854	-85.61
IN	Versailles	39.0635	-85.2566
IN	Vevay	38.7406	-85.0822
IN	Vicksburg	39.0885	-87.198
IN	Vincennes	38.6766	-87.51
IN	Vistula	41.7488	-85.7123
IN	Wabash	40.8028	-85.8292
IN	Wadesville	38.1038	-87.7902
IN	Wakarusa	41.5312	-86.0133
IN	Waldron	39.4536	-85.6629
IN	Walesboro	39.1425	-85.9119
IN	Walkerton	41.4657	-86.4825
IN	Wall Lake	41.7315	-85.2009
IN	Wallace	39.9871	-87.1471
IN	Walton	40.6623	-86.2441
IN	Wanatah	41.4306	-86.8923
IN	Warren	40.6877	-85.4246
IN	Warren Park	39.7832	-86.0517
IN	Warrington	39.9087	-85.6353
IN	Warsaw	41.2461	-85.8485
IN	Washington	38.6582	-87.1604
IN	Waterloo	41.4374	-85.0517
IN	Waveland	39.8776	-87.0455
IN	Waverly	39.552	-86.2627
IN	Wawaka	41.4599	-85.4835
IN	Waynesville	39.1129	-85.891
IN	Waynetown	40.088	-87.0655
IN	Webster	39.9013	-84.9428
IN	Wellsboro	41.4948	-86.7645
IN	West Baden Springs	38.5682	-86.6123
IN	West College Corner	39.5694	-84.819
IN	West Harrison	39.2578	-84.8223
IN	West Lafayette	40.4437	-86.9236
IN	West Lebanon	40.2724	-87.3862
IN	West Middleton	40.4412	-86.2149
IN	West Point	40.3474	-87.0418
IN	West Terre Haute	39.4638	-87.4506
IN	Westfield	40.036	-86.1522
IN	Westphalia	38.8633	-87.2219
IN	Westport	39.1763	-85.575
IN	Westville	41.5375	-86.9049
IN	Westwood	39.918	-85.4163
IN	Wheatfield	41.1911	-87.0531
IN	Wheatland	38.6632	-87.3063
IN	Wheeler	41.5105	-87.1712
IN	Whiteland	39.5551	-86.0744
IN	Whitestown	39.9717	-86.3717
IN	Whitewater	39.9448	-84.8311
IN	Whiting	41.673	-87.484
IN	Wildwood	41.5929	-85.1895
IN	Wilkinson	39.8855	-85.6081
IN	Williams	38.8133	-86.6513
IN	Williams Creek	39.9002	-86.1502
IN	Williamsburg	39.9511	-84.9972
IN	Williamsport	40.2884	-87.2923
IN	Willow Branch	39.8768	-85.6849
IN	Winamac	41.0535	-86.6037
IN	Winchester	40.1721	-84.9771
IN	Windfall City	40.3618	-85.9583
IN	Windsor	40.156	-85.2146
IN	Winfield	41.4121	-87.2624
IN	Wingate	40.1722	-87.0724
IN	Winona Lake	41.2171	-85.8131
IN	Winslow	38.3827	-87.2122
IN	Wolcott	40.759	-87.0421
IN	Wolcottville	41.5255	-85.3665
IN	Wolflake	41.3279	-85.4901
IN	Woodburn	41.1287	-84.8502
IN	Woodlawn Heights	40.1185	-85.6969
IN	Wooster	41.2067	-85.7376
IN	Worthington	39.1184	-86.9798
IN	Wyatt	41.5283	-86.1666
IN	Wynnedale	39.8325	-86.2002
IN	Yeoman	40.6677	-86.7238
IN	Yorktown	40.1819	-85.5082
IN	Young America	40.5682	-86.3487
IN	Zanesville	40.9154	-85.2799
IN	Zionsville	39.9915	-86.3217
KS	Abbyville	37.9706	-98.203
KS	Abilene	38.9245	-97.228
KS	Ada	39.1622	-97.8859
KS	Admire	38.641	-96.102
KS	Agenda	39.7066	-97.4322
KS	Agra	39.7613	-99.1194
KS	Albert	38.454	-99.0111
KS	Alden	38.2438	-98.3117
KS	Alexander	38.4694	-99.553
KS	Allen	38.6551	-96.1696
KS	Alma	39.0157	-96.2871
KS	Almena	39.8913	-99.7096
KS	Alta Vista	38.8629	-96.4888
KS	Altamont	37.1854	-95.2918
KS	Alton	39.4678	-98.9486
KS	Altoona	37.5245	-95.6615
KS	Americus	38.5064	-96.2613
KS	Ames	39.5689	-97.451
KS	Andale	37.7913	-97.6274
KS	Andover	37.6872	-97.1308
KS	Anthony	37.1585	-98.0428
KS	Arcadia	37.6412	-94.624
KS	Argonia	37.2679	-97.7629
KS	Arkansas City	37.0725	-97.0384
KS	Arlington	37.8963	-98.1781
KS	Arma	37.5428	-94.7018
KS	Asherville	39.4075	-97.9732
KS	Ashland	37.1867	-99.7697
KS	Assaria	38.6802	-97.6041
KS	Atchison	39.5626	-95.1366
KS	Athol	39.7662	-98.9197
KS	Atlanta	37.4357	-96.767
KS	Attica	37.2426	-98.2276
KS	Atwood	39.8099	-101.0419
KS	Auburn	38.9078	-95.8156
KS	Augusta	37.698	-96.9732
KS	Aurora	39.4519	-97.5298
KS	Axtell	39.8713	-96.2569
KS	Baileyville	39.8501	-96.1927
KS	Bala	39.3108	-96.9504
KS	Baldwin City	38.7775	-95.1875
KS	Barnard	39.1892	-98.0443
KS	Barnes	39.7116	-96.8734
KS	Bartlett	37.0549	-95.2116
KS	Basehor	39.1353	-94.929
KS	Bassett	37.9072	-95.4057
KS	Bavaria	38.7954	-97.7547
KS	Baxter Springs	37.02	-94.735
KS	Bazine	38.4461	-99.693
KS	Beattie	39.8624	-96.4178
KS	Beaumont	37.656	-96.5318
KS	Beaver	38.6455	-98.6737
KS	Bel Aire	37.7759	-97.2466
KS	Belle Plaine	37.3934	-97.2795
KS	Belleville	39.8243	-97.6339
KS	Beloit	39.4647	-98.1083
KS	Belpre	37.9507	-99.0998
KS	Belvue	39.2163	-96.179
KS	Bendena	39.7435	-95.1811
KS	Benedict	37.6269	-95.7435
KS	Bennington	39.0331	-97.5932
KS	Bentley	37.8868	-97.5147
KS	Benton	37.7881	-97.1078
KS	Bern	39.9614	-95.9711
KS	Beverly	39.0138	-97.9755
KS	Big Bow	37.5609	-101.5574
KS	Bird City	39.7495	-101.5328
KS	Bison	38.5199	-99.1979
KS	Blue Mound	38.0894	-95.0099
KS	Blue Rapids	39.6784	-96.6589
KS	Bluff City	37.0761	-97.8747
KS	Bogue	39.3595	-99.6874
KS	Bonner Springs	39.0754	-94.8717
KS	Bremen	39.8978	-96.7955
KS	Brewster	39.3631	-101.3771
KS	Bridgeport	38.6271	-97.614
KS	Bronson	37.8958	-95.0731
KS	Brookville	38.7736	-97.8645
KS	Brownell	38.6406	-99.7443
KS	Bucklin	37.5486	-99.6344
KS	Bucyrus	38.7209	-94.7083
KS	Buffalo	37.7091	-95.6969
KS	Buhler	38.1384	-97.7706
KS	Bunker Hill	38.8753	-98.6989
KS	Burden	37.3156	-96.7554
KS	Burdett	38.1935	-99.5265
KS	Burdick	38.5589	-96.8472
KS	Burlingame	38.7519	-95.8358
KS	Burlington	38.1933	-95.7454
KS	Burns	38.0897	-96.8877
KS	Burr Oak	39.8703	-98.3057
KS	Burrton	38.0237	-97.6715
KS	Bushong	38.6428	-96.2567
KS	Bushton	38.5123	-98.396
KS	Byers	37.7879	-98.8671
KS	Caldwell	37.0349	-97.6088
KS	Cambridge	37.3178	-96.6672
KS	Caney	37.0136	-95.9319
KS	Canton	38.3859	-97.43
KS	Carbondale	38.8218	-95.6932
KS	Carlton	38.6867	-97.2932
KS	Cassoday	38.0387	-96.6387
KS	Catharine	38.9302	-99.2144
KS	Cawker City	39.5095	-98.4331
KS	Cedar	39.6571	-98.9402
KS	Cedar Point	38.26	-96.8237
KS	Cedar Vale	37.1051	-96.5026
KS	Centerville	38.2296	-95.0157
KS	Centralia	39.7244	-96.131
KS	Centropolis	38.7195	-95.3494
KS	Chanute	37.6697	-95.4642
KS	Chapman	38.9744	-97.0233
KS	Chase	38.3553	-98.3487
KS	Chautauqua	37.0239	-96.1771
KS	Cheney	37.6353	-97.7797
KS	Cherokee	37.345	-94.8213
KS	Cherryvale	37.2691	-95.5534
KS	Chetopa	37.0374	-95.0922
KS	Chicopee	37.3834	-94.7435
KS	Cimarron	37.8097	-100.3453
KS	Circleville	39.5094	-95.8557
KS	Claflin	38.5246	-98.5369
KS	Clay Center	39.3812	-97.1274
KS	Clayton	39.7369	-100.1765
KS	Clearwater	37.51	-97.4975
KS	Clifton	39.5681	-97.2806
KS	Climax	37.7192	-96.224
KS	Clyde	39.5918	-97.4002
KS	Coats	37.5108	-98.8253
KS	Codell	39.1954	-99.1701
KS	Coffeyville	37.0327	-95.6516
KS	Colby	39.3847	-101.0451
KS	Coldwater	37.2675	-99.3234
KS	Collyer	39.0373	-100.1183
KS	Colony	38.0728	-95.3622
KS	Columbus	37.1716	-94.8441
KS	Colwich	37.7818	-97.5363
KS	Concordia	39.5669	-97.6468
KS	Conway Springs	37.3899	-97.6429
KS	Coolidge	38.0414	-102.0078
KS	Copeland	37.5402	-100.6286
KS	Corning	39.6571	-96.0288
KS	Cottonwood Falls	38.3682	-96.5428
KS	Council Grove	38.6631	-96.4918
KS	Courtland	39.7832	-97.8962
KS	Coyville	37.6872	-95.8959
KS	Crestline	37.1701	-94.7064
KS	Croweburg	37.5536	-94.6723
KS	Cuba	39.8023	-97.4574
KS	Cullison	37.6303	-98.9053
KS	Culver	38.9702	-97.7591
KS	Cunningham	37.6446	-98.4311
KS	Damar	39.3192	-99.5845
KS	Danville	37.286	-97.8921
KS	De Soto	38.9723	-94.9511
KS	Dearing	37.0534	-95.6954
KS	Deerfield	37.9819	-101.1332
KS	Delia	39.2394	-95.965
KS	Delphos	39.2746	-97.7649
KS	Denison	39.3938	-95.6285
KS	Dennis	37.3486	-95.4031
KS	Denton	39.7319	-95.2695
KS	Derby	37.5596	-97.2558
KS	Detroit	38.936	-97.1269
KS	Devon	37.9222	-94.8153
KS	Dexter	37.1796	-96.716
KS	Dighton	38.481	-100.4664
KS	Dodge City	37.7607	-100.0184
KS	Dorrance	38.8469	-98.59
KS	Douglass	37.5169	-97.0105
KS	Downs	39.5046	-98.5473
KS	Dresden	39.6228	-100.419
KS	Dunlap	38.5763	-96.3676
KS	Durham	38.4845	-97.2269
KS	Dwight	38.8452	-96.5922
KS	Earlton	37.5874	-95.4698
KS	Eastborough	37.6846	-97.2586
KS	Easton	39.3455	-95.1171
KS	Eastshore	38.3845	-97.0664
KS	Edgerton	38.7908	-94.9436
KS	Edmond	39.6271	-99.8199
KS	Edna	37.0585	-95.3592
KS	Edson	39.335	-101.5495
KS	Edwardsville	39.0782	-94.8188
KS	Effingham	39.5229	-95.3969
KS	El Dorado	37.8216	-96.8622
KS	Elbing	38.0534	-97.1283
KS	Elgin	37.0016	-96.2806
KS	Elk City	37.2891	-95.9103
KS	Elk Falls	37.373	-96.1929
KS	Elkhart	37.0038	-101.8944
KS	Ellinwood	38.3573	-98.5838
KS	Ellis	38.9347	-99.5568
KS	Ellsworth	38.7326	-98.2286
KS	Elmdale	38.373	-96.646
KS	Elsmore	37.7942	-95.1499
KS	Elwood	39.7515	-94.8934
KS	Elyria	38.2896	-97.6339
KS	Emmett	39.3073	-96.0576
KS	Emporia	38.4029	-96.1929
KS	Englewood	37.0404	-99.9876
KS	Ensign	37.6531	-100.2328
KS	Enterprise	38.9034	-97.1164
KS	Erie	37.5717	-95.2418
KS	Esbon	39.8218	-98.4337
KS	Eskridge	38.8595	-96.1053
KS	Eudora	38.9347	-95.0941
KS	Eureka	37.826	-96.289
KS	Everest	39.677	-95.4248
KS	Fairview	39.8396	-95.7281
KS	Fairway	39.0245	-94.6287
KS	Fall River	37.6078	-96.0286
KS	Falun	38.6744	-97.7511
KS	Farlington	37.6154	-94.8227
KS	Florence	38.2431	-96.9292
KS	Fontana	38.4215	-94.8447
KS	Ford	37.6367	-99.7538
KS	Formoso	39.7785	-97.9929
KS	Fort Dodge	37.7304	-99.937
KS	Fort Riley	39.1063	-96.8125
KS	Fort Scott	37.828	-94.7041
KS	Fowler	37.3833	-100.1958
KS	Frankfort	39.7041	-96.4178
KS	Franklin	37.52	-94.6964
KS	Frederick	38.5129	-98.2676
KS	Fredonia	37.5331	-95.8223
KS	Frontenac	37.4588	-94.7008
KS	Fulton	38.0098	-94.7197
KS	Furley	37.8801	-97.2119
KS	Galatia	38.6411	-98.9578
KS	Galena	37.0752	-94.6355
KS	Galesburg	37.4722	-95.3564
KS	Galva	38.3836	-97.5381
KS	Garden City	37.975	-100.8509
KS	Garden Plain	37.6623	-97.6773
KS	Gardner	38.8115	-94.9292
KS	Garfield	38.0771	-99.2445
KS	Garland	37.7305	-94.6244
KS	Garnett	38.2859	-95.2412
KS	Gas	37.9226	-95.345
KS	Gaylord	39.6463	-98.8473
KS	Gem	39.426	-100.8972
KS	Geneseo	38.517	-98.1545
KS	Geuda Springs	37.1114	-97.1504
KS	Girard	37.5089	-94.8455
KS	Glade	39.6837	-99.3116
KS	Glasco	39.361	-97.837
KS	Glen Elder	39.5002	-98.3065
KS	Goddard	37.6718	-97.5597
KS	Goessel	38.2471	-97.3457
KS	Goff	39.6641	-95.9318
KS	Goodland	39.3485	-101.7138
KS	Gorham	38.8807	-99.0237
KS	Gove City	38.9595	-100.4871
KS	Grainfield	39.1143	-100.4684
KS	Grandview Plaza	39.0328	-96.7928
KS	Grantville	39.0806	-95.5612
KS	Great Bend	38.3598	-98.7995
KS	Greeley	38.3674	-95.1263
KS	Greeley County	38.4804	-101.806
KS	Green	39.4301	-96.9999
KS	Greenleaf	39.7267	-96.9798
KS	Greensburg	37.6049	-99.2896
KS	Greenwich	37.7834	-97.2031
KS	Grenola	37.3503	-96.4497
KS	Gridley	38.1011	-95.8815
KS	Grinnell	39.1266	-100.6311
KS	Gypsum	38.7058	-97.4266
KS	Haddam	39.8553	-97.3043
KS	Hallowell	37.1734	-95.0027
KS	Halstead	38.0018	-97.5085
KS	Hamilton	37.9806	-96.1638
KS	Hamlin	39.9155	-95.6275
KS	Hanover	39.8932	-96.8751
KS	Hanston	38.123	-99.7127
KS	Hardtner	37.0144	-98.6492
KS	Harper	37.2851	-98.0276
KS	Harris	38.3208	-95.4475
KS	Hartford	38.3084	-95.9566
KS	Harveyville	38.7891	-95.9625
KS	Havana	37.0921	-95.9419
KS	Haven	37.9016	-97.7831
KS	Havensville	39.5112	-96.0764
KS	Haviland	37.6174	-99.1058
KS	Hays	38.8822	-99.3222
KS	Haysville	37.5661	-97.3535
KS	Hazelton	37.0894	-98.4015
KS	Healy	38.603	-100.6176
KS	Hepler	37.6634	-94.97
KS	Herington	38.6969	-96.8072
KS	Herkimer	39.8924	-96.7089
KS	Herndon	39.9092	-100.7865
KS	Hesston	38.1401	-97.427
KS	Hiawatha	39.8517	-95.538
KS	Highland	39.8604	-95.2653
KS	Hill City	39.3687	-99.8405
KS	Hillsboro	38.3527	-97.1996
KS	Hillsdale	38.6614	-94.8569
KS	Hoisington	38.5181	-98.7774
KS	Holcomb	37.986	-100.9936
KS	Hollenberg	39.9811	-96.9919
KS	Holton	39.4699	-95.7326
KS	Holyrood	38.5877	-98.4107
KS	Home	39.841	-96.5194
KS	Hope	38.6912	-97.0765
KS	Horace	38.4768	-101.7905
KS	Horton	39.6638	-95.5325
KS	Howard	37.4694	-96.263
KS	Hoxie	39.3558	-100.4398
KS	Hoyt	39.2494	-95.7079
KS	Hudson	38.1049	-98.6607
KS	Hugoton	37.1745	-101.3447
KS	Humboldt	37.8124	-95.4361
KS	Hunnewell	37.0041	-97.4076
KS	Hunter	39.235	-98.3961
KS	Huron	39.6382	-95.3512
KS	Hutchinson	38.0673	-97.9095
KS	Idana	39.3615	-97.2664
KS	Independence	37.2329	-95.7136
KS	Ingalls	37.8286	-100.4533
KS	Inman	38.2324	-97.7722
KS	Iola	37.9274	-95.4007
KS	Ionia	39.6626	-98.344
KS	Isabel	37.4672	-98.5515
KS	Iuka	37.729	-98.7327
KS	Jamestown	39.5995	-97.8613
KS	Jennings	39.6805	-100.2932
KS	Jetmore	37.9866	-99.8847
KS	Jewell	39.6716	-98.1524
KS	Johnson City	37.5704	-101.7448
KS	Junction City	39.0272	-96.8523
KS	Kanopolis	38.7081	-98.1581
KS	Kanorado	39.3365	-102.0373
KS	Kansas City	39.1225	-94.7418
KS	Keats	39.2168	-96.7074
KS	Kechi	37.7948	-97.2665
KS	Kelly	39.7368	-96.0007
KS	Kensington	39.7667	-99.0328
KS	Kickapoo Site 1	39.7145	-95.6484
KS	Kickapoo Site 2	39.7029	-95.6495
KS	Kickapoo Site 5	39.6735	-95.6842
KS	Kickapoo Site 6	39.6918	-95.6905
KS	Kickapoo Site 7	39.6895	-95.6713
KS	Kickapoo Tribal Center	39.6722	-95.6453
KS	Kincaid	38.0807	-95.1562
KS	Kingman	37.6477	-98.116
KS	Kinsley	37.9224	-99.4114
KS	Kiowa	37.0174	-98.4848
KS	Kipp	38.785	-97.4568
KS	Kirwin	39.6698	-99.1218
KS	Kismet	37.2045	-100.7017
KS	La Crosse	38.5318	-99.3095
KS	La Cygne	38.3478	-94.7618
KS	La Harpe	37.9164	-95.303
KS	Labette	37.23	-95.1835
KS	Lafontaine	37.3998	-95.8424
KS	Lake City	37.357	-98.8279
KS	Lake Quivira	39.0402	-94.7685
KS	Lakin	37.94	-101.2584
KS	Lancaster	39.5712	-95.3037
KS	Lane	38.44	-95.0821
KS	Langdon	37.8532	-98.3242
KS	Lansing	39.2426	-94.8963
KS	Larned	38.1834	-99.1013
KS	Latham	37.5356	-96.6425
KS	Latimer	38.7386	-96.846
KS	Lawrence	38.96	-95.2629
KS	LeRoy	38.086	-95.633
KS	Leavenworth	39.3227	-94.925
KS	Leawood	38.9073	-94.6252
KS	Lebanon	39.8102	-98.5573
KS	Lebo	38.4162	-95.8625
KS	Lecompton	39.0259	-95.395
KS	Lehigh	38.3744	-97.3024
KS	Lenexa	38.9653	-94.8039
KS	Lenora	39.6109	-100.0014
KS	Leon	37.6897	-96.7838
KS	Leona	39.786	-95.3214
KS	Leonardville	39.364	-96.8596
KS	Leoti	38.4834	-101.3576
KS	Levant	39.3881	-101.1948
KS	Lewis	37.937	-99.2547
KS	Liberal	37.0461	-100.9277
KS	Liberty	37.1564	-95.5977
KS	Liebenthal	38.6545	-99.32
KS	Lincoln Center	39.043	-98.1467
KS	Lincolnville	38.4943	-96.9615
KS	Lindsborg	38.5771	-97.674
KS	Linn	39.6793	-97.0868
KS	Linn Valley	38.3754	-94.7109
KS	Linwood	39.002	-95.0371
KS	Little River	38.3982	-98.0149
KS	Logan	39.6617	-99.5673
KS	Lone Elm	38.0796	-95.2431
KS	Long Island	39.9461	-99.5339
KS	Longford	39.1721	-97.3291
KS	Longton	37.3775	-96.0818
KS	Lorraine	38.569	-98.3173
KS	Lost Springs	38.5666	-96.9658
KS	Louisburg	38.6205	-94.6771
KS	Louisville	39.2499	-96.3145
KS	Lowell	37.0513	-94.7027
KS	Lucas	39.0587	-98.5377
KS	Ludell	39.8566	-100.9584
KS	Luray	39.115	-98.6922
KS	Lyndon	38.6119	-95.6844
KS	Lyons	38.3461	-98.2047
KS	Macksville	37.9572	-98.9689
KS	Madison	38.1336	-96.1372
KS	Mahaska	39.9873	-97.3536
KS	Maize	37.7749	-97.4591
KS	Manchester	39.0933	-97.3202
KS	Manhattan	39.1883	-96.6059
KS	Mankato	39.7873	-98.2083
KS	Manter	37.5245	-101.8832
KS	Maple Hill	39.0854	-96.028
KS	Mapleton	38.0157	-94.8841
KS	Marienthal	38.4891	-101.22
KS	Marion	38.3533	-97.0078
KS	Marquette	38.5558	-97.8344
KS	Marysville	39.8437	-96.6389
KS	Matfield Green	38.1597	-96.562
KS	Mayetta	39.3386	-95.7218
KS	Mayfield	37.2631	-97.5404
KS	McConnell AFB	37.6344	-97.2585
KS	McCracken	38.5821	-99.5684
KS	McCune	37.3538	-95.0192
KS	McDonald	39.7847	-101.3702
KS	McFarland	39.0547	-96.238
KS	McLouth	39.1964	-95.2086
KS	McPherson	38.3699	-97.6645
KS	Meade	37.2836	-100.343
KS	Medicine Lodge	37.2851	-98.5812
KS	Melvern	38.5073	-95.6378
KS	Menlo	39.3561	-100.7242
KS	Mentor	38.7407	-97.5979
KS	Meriden	39.1895	-95.5681
KS	Merriam	39.0176	-94.694
KS	Milan	37.2575	-97.674
KS	Mildred	38.0242	-95.1723
KS	Milford	39.1729	-96.9104
KS	Milton	37.4432	-97.7694
KS	Miltonvale	39.3496	-97.4523
KS	Minneapolis	39.1243	-97.6997
KS	Minneola	37.442	-100.0131
KS	Mission	39.0268	-94.657
KS	Mission Hills	39.014	-94.6176
KS	Mission Woods	39.0342	-94.6106
KS	Moline	37.3636	-96.3024
KS	Mont Ida	38.2169	-95.364
KS	Montezuma	37.5924	-100.4501
KS	Monument	39.105	-101.0081
KS	Moran	37.9165	-95.1714
KS	Morganville	39.4667	-97.2037
KS	Morland	39.349	-100.0744
KS	Morrill	39.9292	-95.6943
KS	Morrowville	39.8453	-97.1728
KS	Moscow	37.3251	-101.2068
KS	Mound City	38.1395	-94.8212
KS	Mound Valley	37.207	-95.4048
KS	Moundridge	38.2019	-97.5148
KS	Mount Hope	37.8726	-97.6552
KS	Mulberry	37.5561	-94.6234
KS	Mullinville	37.5886	-99.4756
KS	Mulvane	37.4765	-97.2354
KS	Munden	39.9126	-97.5384
KS	Munjor	38.8089	-99.2675
KS	Murdock	37.6111	-97.9316
KS	Muscotah	39.5536	-95.5204
KS	Narka	39.9598	-97.4267
KS	Nashville	37.4384	-98.4228
KS	Natoma	39.1885	-99.0242
KS	Navarre	38.8017	-97.1077
KS	Neal	37.8338	-96.0808
KS	Neodesha	37.4242	-95.6846
KS	Neosho Falls	38.006	-95.5553
KS	Neosho Rapids	38.3685	-95.9919
KS	Ness City	38.4541	-99.9047
KS	Netawaka	39.603	-95.7189
KS	New Albany	37.5678	-95.9363
KS	New Cambria	38.879	-97.5066
KS	New Salem	37.3143	-96.8897
KS	New Strawn	38.264	-95.7427
KS	Newbury	39.0824	-96.1741
KS	Newton	38.0377	-97.345
KS	Nickerson	38.1489	-98.0883
KS	Nicodemus	39.3861	-99.6135
KS	Niles	38.9688	-97.4575
KS	Niotaze	37.0673	-96.0145
KS	Norcatur	39.8348	-100.1888
KS	North Newton	38.0776	-97.3463
KS	Norton	39.8362	-99.8916
KS	Nortonville	39.4154	-95.33
KS	Norway	39.6965	-97.7738
KS	Norwich	37.4572	-97.8479
KS	Oak Hill	39.2465	-97.343
KS	Oaklawn-Sunview	37.6084	-97.2985
KS	Oakley	39.1235	-100.845
KS	Oberlin	39.823	-100.5307
KS	Odin	38.573	-98.6167
KS	Offerle	37.8907	-99.5603
KS	Ogallah	38.9946	-99.7326
KS	Ogden	39.1109	-96.7024
KS	Oketo	39.9632	-96.599
KS	Olathe	38.882	-94.8201
KS	Olivet	38.4815	-95.7513
KS	Olmitz	38.5164	-98.9366
KS	Olpe	38.2647	-96.1651
KS	Olsburg	39.4321	-96.616
KS	Onaga	39.4893	-96.1702
KS	Oneida	39.8668	-95.9398
KS	Opolis	37.3483	-94.6244
KS	Osage City	38.6341	-95.821
KS	Osawatomie	38.4999	-94.9459
KS	Osborne	39.4405	-98.6995
KS	Oskaloosa	39.216	-95.3147
KS	Oswego	37.1676	-95.1121
KS	Otis	38.5348	-99.0535
KS	Ottawa	38.6001	-95.2628
KS	Overbrook	38.7794	-95.557
KS	Overland Park	38.889	-94.6906
KS	Oxford	37.2737	-97.1693
KS	Ozawkie	39.2353	-95.4658
KS	Palco	39.2532	-99.5635
KS	Palmer	39.6329	-97.1404
KS	Paola	38.5789	-94.8604
KS	Paradise	39.1145	-98.9184
KS	Park	39.1118	-100.3614
KS	Park City	37.8084	-97.3253
KS	Parker	38.3286	-94.9892
KS	Parkerfield	37.0678	-96.9956
KS	Parkerville	38.7633	-96.6609
KS	Parsons	37.334	-95.265
KS	Partridge	37.9669	-98.0923
KS	Pawnee Rock	38.2649	-98.9823
KS	Paxico	39.0689	-96.167
KS	Peabody	38.1683	-97.1043
KS	Peck	37.4777	-97.3695
KS	Penalosa	37.7156	-98.3202
KS	Perry	39.0739	-95.3875
KS	Peru	37.0803	-96.0961
KS	Phillipsburg	39.7512	-99.321
KS	Piedmont	37.6153	-96.3793
KS	Pierceville	37.8824	-100.6768
KS	Pilsen	38.468	-97.0344
KS	Piqua	37.9217	-95.5377
KS	Pittsburg	37.4126	-94.6983
KS	Plains	37.2642	-100.5898
KS	Plainville	39.2341	-99.3008
KS	Pleasanton	38.1779	-94.7053
KS	Plevna	37.9716	-98.3096
KS	Pomona	38.6112	-95.4544
KS	Portis	39.5637	-98.6916
KS	Potwin	37.9386	-97.0183
KS	Powhattan	39.7617	-95.634
KS	Prairie View	39.832	-99.5733
KS	Prairie Village	38.9868	-94.6362
KS	Pratt	37.6986	-98.7659
KS	Prescott	38.0631	-94.6925
KS	Preston	37.7584	-98.5578
KS	Pretty Prairie	37.7801	-98.0225
KS	Princeton	38.4862	-95.2701
KS	Protection	37.2004	-99.4808
KS	Quenemo	38.5802	-95.5266
KS	Quinter	39.0666	-100.2347
KS	Radium	38.1738	-98.8945
KS	Radley	37.4849	-94.762
KS	Ramona	38.5979	-97.0637
KS	Randall	39.6416	-98.0456
KS	Randolph	39.4294	-96.7594
KS	Ransom	38.6365	-99.9327
KS	Rantoul	38.5484	-95.1009
KS	Raymond	38.278	-98.4143
KS	Reading	38.5191	-95.9574
KS	Redfield	37.8366	-94.882
KS	Republic	39.9239	-97.8245
KS	Reserve	39.977	-95.5651
KS	Rexford	39.4704	-100.7439
KS	Richfield	37.2653	-101.7828
KS	Richmond	38.4003	-95.2519
KS	Riley	39.2992	-96.8278
KS	Ringo	37.5063	-94.7699
KS	Riverton	37.0732	-94.707
KS	Robinson	39.8155	-95.4116
KS	Rock	37.4418	-97.0071
KS	Roeland Park	39.0359	-94.6374
KS	Rolla	37.1179	-101.6318
KS	Rosalia	37.8158	-96.625
KS	Rose Hill	37.5703	-97.136
KS	Roseland	37.2805	-94.8438
KS	Rossville	39.1358	-95.9496
KS	Roxbury	38.5505	-97.4277
KS	Rozel	38.1954	-99.4033
KS	Rush Center	38.4649	-99.3108
KS	Russell	38.8875	-98.8514
KS	Russell Springs	38.9128	-101.1757
KS	Sabetha	39.9102	-95.7928
KS	Salina	38.8131	-97.6145
KS	Satanta	37.4378	-100.988
KS	Savonburg	37.7491	-95.1418
KS	Sawyer	37.4985	-98.683
KS	Scammon	37.2792	-94.8236
KS	Scandia	39.7969	-97.784
KS	Schoenchen	38.7129	-99.3323
KS	Scott City	38.4789	-100.9031
KS	Scottsville	39.5426	-97.9523
KS	Scranton	38.778	-95.7411
KS	Sedan	37.1285	-96.1848
KS	Sedgwick	37.9181	-97.4202
KS	Selden	39.5414	-100.5672
KS	Seneca	39.838	-96.0696
KS	Severance	39.7668	-95.2492
KS	Severy	37.622	-96.2275
KS	Seward	38.1778	-98.7943
KS	Shallow Water	38.3738	-100.9104
KS	Sharon	37.2497	-98.4177
KS	Sharon Springs	38.8943	-101.7512
KS	Shawnee	39.0175	-94.8058
KS	Silver Lake	39.0998	-95.8567
KS	Silverdale	37.0424	-96.9017
KS	Simpson	39.386	-97.934
KS	Smith Center	39.7739	-98.7835
KS	Smolan	38.7381	-97.6844
KS	Soldier	39.5372	-95.9656
KS	Solomon	38.9215	-97.3692
KS	Somerset	38.6049	-94.7794
KS	South Haven	37.0495	-97.4013
KS	South Hutchinson	38.0231	-97.9448
KS	South Mound	37.436	-95.2199
KS	Spearville	37.8481	-99.7547
KS	Speed	39.6763	-99.421
KS	Spivey	37.4484	-98.1657
KS	Spring Hill	38.7567	-94.821
KS	St. Benedict	39.8929	-96.1029
KS	St. Francis	39.7715	-101.8014
KS	St. George	39.1926	-96.4183
KS	St. John	38.0	-98.7611
KS	St. Marks	37.7393	-97.5591
KS	St. Marys	39.1942	-96.0642
KS	St. Paul	37.5184	-95.1741
KS	Stafford	37.9624	-98.5993
KS	Stark	37.6897	-95.1441
KS	Sterling	38.2093	-98.2065
KS	Stockton	39.4251	-99.2764
KS	Strong City	38.3954	-96.5367
KS	Stuttgart	39.7995	-99.4547
KS	Sublette	37.4822	-100.8465
KS	Summerfield	39.9969	-96.3493
KS	Sun City	37.3785	-98.9168
KS	Susank	38.6407	-98.7745
KS	Sycamore	37.3186	-95.7155
KS	Sylvan Grove	39.0123	-98.3944
KS	Sylvia	37.9589	-98.4087
KS	Syracuse	37.9536	-101.7968
KS	Talmage	39.0269	-97.2597
KS	Tampa	38.5481	-97.1542
KS	Tecumseh	39.035	-95.5797
KS	Tescott	39.013	-97.8783
KS	Thayer	37.489	-95.4767
KS	The Highlands	38.1659	-97.9496
KS	Timken	38.4732	-99.178
KS	Tipton	39.3395	-98.4709
KS	Tonganoxie	39.1079	-95.0791
KS	Topeka	39.0347	-95.6948
KS	Toronto	37.7985	-95.9498
KS	Towanda	37.7925	-96.9931
KS	Tribune	38.472	-101.7545
KS	Troy	39.7852	-95.0941
KS	Turon	37.8075	-98.4278
KS	Tyro	37.0386	-95.8243
KS	Udall	37.389	-97.1177
KS	Ulysses	37.5773	-101.3549
KS	Uniontown	37.8472	-94.9757
KS	Urbana	37.558	-95.3999
KS	Utica	38.6427	-100.1698
KS	Valley Center	37.8336	-97.3649
KS	Valley Falls	39.3393	-95.4612
KS	Vassar	38.6486	-95.61
KS	Vermillion	39.7189	-96.2651
KS	Victoria	38.8538	-99.1474
KS	Vining	39.5673	-97.2936
KS	Viola	37.4829	-97.6444
KS	Virgil	37.9805	-96.0112
KS	WaKeeney	39.0234	-99.8815
KS	Wabaunsee	39.1436	-96.3423
KS	Wakarusa	38.8938	-95.7049
KS	Wakefield	39.2164	-97.0188
KS	Waldo	39.12	-98.7983
KS	Waldron	37.0018	-98.1825
KS	Wallace	38.9127	-101.593
KS	Walnut	37.6036	-95.0741
KS	Walton	38.1187	-97.2583
KS	Wamego	39.2053	-96.3101
KS	Washington	39.8158	-97.0484
KS	Waterville	39.6917	-96.7468
KS	Wathena	39.7611	-94.9275
KS	Waverly	38.3958	-95.6051
KS	Wayside	37.1264	-95.8702
KS	Webber	39.9344	-98.0351
KS	Weir	37.3096	-94.7745
KS	Welda	38.1722	-95.2916
KS	Wellington	37.2781	-97.4067
KS	Wells	39.1391	-97.5512
KS	Wellsville	38.7177	-95.0779
KS	Weskan	38.8653	-101.9681
KS	West Mineral	37.2839	-94.9268
KS	Westmoreland	39.3942	-96.4137
KS	Westphalia	38.1822	-95.4904
KS	Westwood	39.0394	-94.6156
KS	Westwood Hills	39.0389	-94.6097
KS	Wetmore	39.6356	-95.8114
KS	Wheaton	39.5022	-96.3186
KS	White City	38.7933	-96.735
KS	White Cloud	39.9743	-95.299
KS	Whitewater	37.9636	-97.146
KS	Whiting	39.5879	-95.6112
KS	Wichita	37.6906	-97.3458
KS	Willard	39.0941	-95.9429
KS	Williamsburg	38.4811	-95.4675
KS	Williamstown	39.0642	-95.3323
KS	Willis	39.7226	-95.5058
KS	Willowbrook	38.1012	-97.9919
KS	Wilmore	37.335	-99.2102
KS	Wilroads Gardens	37.7153	-99.9268
KS	Wilsey	38.6357	-96.6765
KS	Wilson	38.8253	-98.4749
KS	Winchester	39.3227	-95.2692
KS	Windom	38.3841	-97.9102
KS	Winfield	37.2428	-96.9797
KS	Winona	39.0617	-101.2449
KS	Woodbine	38.7956	-96.9593
KS	Woodruff	39.9876	-99.4316
KS	Woodston	39.4539	-99.0983
KS	Wright	37.7753	-99.8905
KS	Yale	37.4894	-94.6474
KS	Yates Center	37.8675	-95.7548
KS	Yoder	37.9455	-97.8681
KS	Zeandale	39.1628	-96.4279
KS	Zenda	37.4441	-98.282
KS	Zurich	39.2323	-99.4347
KY	Adairville	36.675	-86.8582
KY	Ages	36.8594	-83.2416
KY	Albany	36.6905	-85.1355
KY	Alexandria	38.9678	-84.3846
KY	Allen	37.6116	-82.7291
KY	Allensville	36.717	-87.0686
KY	Anchorage	38.2698	-85.5376
KY	Annville	37.3317	-83.9628
KY	Anthoston	37.7551	-87.5284
KY	Arjay	36.8061	-83.6421
KY	Arlington	36.7898	-89.0132
KY	Artemus	36.8375	-83.84
KY	Ashland	38.4595	-82.6451
KY	Auburn	36.8645	-86.7096
KY	Audubon Park	38.205	-85.727
KY	Augusta	38.7726	-84.0002
KY	Auxier	37.735	-82.7676
KY	Bancroft	38.2864	-85.6104
KY	Bandana	37.1449	-88.9421
KY	Barbourmeade	38.2986	-85.6009
KY	Barbourville	36.8657	-83.8832
KY	Bardstown	37.8177	-85.4553
KY	Bardwell	36.8754	-89.0089
KY	Barlow	37.0508	-89.045
KY	Beattyville	37.5868	-83.7069
KY	Beaver Dam	37.4038	-86.8736
KY	Bedford	38.5962	-85.3171
KY	Beech Grove	37.6213	-87.3873
KY	Beechmont	37.1693	-87.0391
KY	Beechwood Village	38.2567	-85.6296
KY	Belfry	37.6194	-82.2684
KY	Bellefonte	38.4987	-82.6903
KY	Bellemeade	38.251	-85.591
KY	Belleview	38.9813	-84.8268
KY	Bellevue	39.1012	-84.4775
KY	Bellewood	38.2608	-85.6594
KY	Benham	36.9642	-82.9518
KY	Benton	36.848	-88.3616
KY	Berea	37.5893	-84.2945
KY	Berry	38.5184	-84.3817
KY	Betsy Layne	37.552	-82.6247
KY	Big Clifty	37.545	-86.151
KY	Blackey	37.1372	-82.9856
KY	Blaine	38.0252	-82.8432
KY	Blandville	36.946	-88.9636
KY	Bloomfield	37.9136	-85.3156
KY	Blue Ridge Manor	38.2434	-85.5647
KY	Bonnieville	37.3777	-85.9015
KY	Booneville	37.4735	-83.6828
KY	Boston	37.7812	-85.6872
KY	Bowling Green	36.9757	-86.436
KY	Bradfordsville	37.4947	-85.145
KY	Brandenburg	37.997	-86.1803
KY	Breckinridge Center	37.6833	-87.8654
KY	Bremen	37.3637	-87.2222
KY	Briarwood	38.2781	-85.5925
KY	Brodhead	37.4065	-84.4166
KY	Broeck Pointe	38.2959	-85.5851
KY	Bromley	39.0777	-84.5613
KY	Brooks	38.0665	-85.7165
KY	Brooksville	38.6794	-84.0653
KY	Brownsboro Farm	38.3036	-85.593
KY	Brownsboro Village	38.2629	-85.6659
KY	Brownsville	37.1949	-86.2653
KY	Buckhorn	37.3466	-83.4698
KY	Buckner	38.3899	-85.4526
KY	Buffalo	37.507	-85.699
KY	Burgin	37.7575	-84.7607
KY	Burkesville	36.7901	-85.3646
KY	Burlington	39.0223	-84.7216
KY	Burna	37.2448	-88.3579
KY	Burnside	37.0043	-84.6437
KY	Butler	38.7875	-84.3712
KY	Cadiz	36.8615	-87.8172
KY	Calhoun	37.5403	-87.259
KY	California	38.9184	-84.2636
KY	Calvert City	37.0464	-88.3955
KY	Camargo	37.9997	-83.8885
KY	Cambridge	38.2217	-85.617
KY	Campbellsburg	38.5137	-85.2317
KY	Campbellsville	37.3439	-85.3522
KY	Campton	37.7352	-83.5472
KY	Caneyville	37.423	-86.4997
KY	Cannonsburg	38.3808	-82.6964
KY	Carlisle	38.3158	-84.0334
KY	Carrollton	38.6796	-85.1658
KY	Carrsville	37.398	-88.3754
KY	Catlettsburg	38.417	-82.603
KY	Cave City	37.1395	-85.9644
KY	Cawood	36.7916	-83.2325
KY	Cayce	36.5592	-89.0343
KY	Cecilia	37.6617	-85.9488
KY	Centertown	37.4178	-86.996
KY	Central City	37.2968	-87.129
KY	Cerulean	36.9514	-87.7145
KY	Chaplin	37.8991	-85.221
KY	Clarkson	37.4929	-86.227
KY	Claryville	38.914	-84.4095
KY	Clay	37.4759	-87.8203
KY	Clay City	37.8608	-83.9297
KY	Cleaton	37.2514	-87.0906
KY	Clinton	36.6658	-88.9941
KY	Cloverport	37.8309	-86.6302
KY	Coal Run Village	37.533	-82.5544
KY	Cold Spring	39.0156	-84.4345
KY	Coldiron	36.8283	-83.4529
KY	Coldstream	38.3143	-85.5263
KY	Columbia	37.1034	-85.3075
KY	Columbus	36.7598	-89.1019
KY	Combs	37.2692	-83.2157
KY	Concord	38.6881	-83.4921
KY	Corbin	36.9316	-84.1008
KY	Corinth	38.4996	-84.6082
KY	Corydon	37.7396	-87.7067
KY	Covington	39.0351	-84.5196
KY	Coxton	36.8586	-83.2709
KY	Crab Orchard	37.4623	-84.507
KY	Crayne	37.2826	-88.0862
KY	Creekside	38.2915	-85.57
KY	Crescent Springs	39.0562	-84.5798
KY	Crestview	39.0246	-84.4156
KY	Crestview Hills	39.0243	-84.5699
KY	Crestwood	38.3437	-85.4777
KY	Crittenden	38.7885	-84.6019
KY	Crofton	37.0479	-87.4835
KY	Crossgate	38.2793	-85.6296
KY	Cumberland	36.987	-82.9961
KY	Cunningham	36.9123	-88.8872
KY	Curdsville	37.7361	-87.3324
KY	Cynthiana	38.383	-84.3018
KY	Danville	37.6393	-84.776
KY	Dawson Springs	37.1742	-87.6886
KY	Dayton	39.1123	-84.4628
KY	Dexter	36.7394	-88.296
KY	Diablock	37.2285	-83.171
KY	Dixon	37.5137	-87.6884
KY	Doe Valley	37.9763	-86.1079
KY	Douglass Hills	38.2361	-85.5532
KY	Dover	38.7567	-83.8883
KY	Drakesboro	37.2173	-87.0499
KY	Druid Hills	38.2649	-85.6618
KY	Dry Ridge	38.6854	-84.6002
KY	Dunmor	37.0762	-86.986
KY	Dwale	37.6267	-82.7313
KY	Earlington	37.2752	-87.5061
KY	East Bernstadt	37.1927	-84.1292
KY	Eddyville	37.0774	-88.0749
KY	Edgewood	39.0087	-84.5599
KY	Edmonton	36.9852	-85.6223
KY	Ekron	37.9303	-86.1764
KY	Elizabethtown	37.704	-85.8789
KY	Elizaville	38.415	-83.8202
KY	Elk Creek	38.1152	-85.3716
KY	Elkhorn City	37.3203	-82.3523
KY	Elkton	36.8161	-87.1611
KY	Elsmere	38.9937	-84.6019
KY	Eminence	38.3637	-85.1769
KY	Emlyn	36.6993	-84.1419
KY	Erlanger	39.0394	-84.6001
KY	Eubank	37.2784	-84.6526
KY	Evarts	36.8651	-83.1925
KY	Ewing	38.4278	-83.8621
KY	Ezel	37.8914	-83.4435
KY	Fairfield	37.9312	-85.3861
KY	Fairview	36.8422	-87.3108
KY	Falmouth	38.6718	-84.3309
KY	Fancy Farm	36.8007	-88.7937
KY	Farley	37.04	-88.5729
KY	Farmers	38.1372	-83.543
KY	Farmington	36.6692	-88.5286
KY	Ferguson	37.0628	-84.5986
KY	Fincastle	38.3082	-85.5415
KY	Flat Lick	36.8345	-83.7616
KY	Flatwoods	38.5231	-82.7193
KY	Fleming-Neon	37.199	-82.7033
KY	Flemingsburg	38.4246	-83.7405
KY	Florence	38.9934	-84.6482
KY	Fordsville	37.6348	-86.7183
KY	Forest Hills	38.2168	-85.5856
KY	Fort Campbell North	36.6632	-87.4765
KY	Fort Knox	37.8916	-85.9672
KY	Fort Mitchell	39.0455	-84.5562
KY	Fort Thomas	39.0824	-84.4571
KY	Fort Wright	39.0458	-84.5361
KY	Fountain Run	36.726	-85.9562
KY	Fox Chase	38.045	-85.6906
KY	Francisville	39.1067	-84.7277
KY	Frankfort	38.195	-84.8659
KY	Franklin	36.718	-86.5576
KY	Fredonia	37.2078	-88.0617
KY	Freeburn	37.562	-82.1514
KY	Frenchburg	37.9534	-83.6229
KY	Fulton	36.5145	-88.8824
KY	Gamaliel	36.6403	-85.7935
KY	Garrison	38.6067	-83.1819
KY	Georgetown	38.2602	-84.5349
KY	Germantown	38.6559	-83.9642
KY	Ghent	38.7325	-85.0637
KY	Gilbertsville	37.0248	-88.311
KY	Glasgow	37.0048	-85.9259
KY	Glencoe	38.725	-84.8233
KY	Glenview	38.3016	-85.6521
KY	Glenview Hills	38.2952	-85.6383
KY	Glenview Manor	38.2907	-85.6332
KY	Goose Creek	38.2934	-85.5896
KY	Goshen	38.4034	-85.5837
KY	Gracey	36.8794	-87.6637
KY	Grand Rivers	37.0047	-88.2318
KY	Gratz	38.4734	-84.9464
KY	Graymoor-Devondale	38.2732	-85.6166
KY	Grayson	38.3339	-82.9358
KY	Green Spring	38.3167	-85.6146
KY	Greensburg	37.2595	-85.4934
KY	Greenup	38.5718	-82.8263
KY	Greenville	37.2105	-87.1776
KY	Guthrie	36.6513	-87.1715
KY	Hanson	37.4188	-87.4807
KY	Hardin	36.7651	-88.3022
KY	Hardinsburg	37.7714	-86.4508
KY	Hardyville	37.2542	-85.7933
KY	Harlan	36.8413	-83.3195
KY	Harrodsburg	37.7681	-84.8488
KY	Hartford	37.4534	-86.8898
KY	Hawesville	37.8921	-86.7555
KY	Hazard	37.2605	-83.1982
KY	Hazel	36.5055	-88.3253
KY	Hazel Green	37.8028	-83.4198
KY	Hebron	39.0638	-84.7083
KY	Hebron Estates	38.0501	-85.6681
KY	Henderson	37.8384	-87.581
KY	Hendron	37.0331	-88.6456
KY	Heritage Creek	38.0907	-85.6092
KY	Hickman	36.5666	-89.184
KY	Hickory	36.8174	-88.6479
KY	Hickory Hill	38.2877	-85.5679
KY	High Bridge	37.8319	-84.7044
KY	Highland Heights	39.0355	-84.4566
KY	Hills and Dales	38.3002	-85.624
KY	Hillview	38.062	-85.6965
KY	Hindman	37.335	-82.9819
KY	Hiseville	37.1001	-85.8154
KY	Hodgenville	37.5634	-85.7312
KY	Hollow Creek	38.1526	-85.6245
KY	Hollyvilla	38.0928	-85.7481
KY	Hopkinsville	36.8393	-87.4735
KY	Horse Cave	37.1698	-85.9172
KY	Houston Acres	38.2148	-85.6145
KY	Hunters Hollow	38.0784	-85.6933
KY	Hurstbourne	38.2394	-85.5914
KY	Hurstbourne Acres	38.2202	-85.5907
KY	Hustonville	37.4799	-84.8141
KY	Hyden	37.1568	-83.3758
KY	Independence	38.9574	-84.5474
KY	Indian Hills	38.2882	-85.6709
KY	Inez	37.8693	-82.5398
KY	Ironville	38.4575	-82.6986
KY	Irvine	37.6964	-83.9683
KY	Irvington	37.8781	-86.2855
KY	Island	37.4426	-87.1472
KY	Jackson	37.5654	-83.3762
KY	Jamestown	36.9906	-85.0644
KY	Jeff	37.2108	-83.1385
KY	Jeffersontown	38.2055	-85.5697
KY	Jeffersonville	37.9745	-83.8555
KY	Jenkins	37.1695	-82.648
KY	Junction City	37.5852	-84.7893
KY	Keene	37.9422	-84.6428
KY	Kenton Vale	39.0514	-84.5199
KY	Kenvir	36.8531	-83.1538
KY	Kevil	37.0842	-88.8829
KY	Kingsley	38.2219	-85.6727
KY	Knottsville	37.773	-86.9115
KY	Kuttawa	37.0605	-88.1144
KY	La Center	37.0749	-88.9751
KY	La Grange	38.3973	-85.3768
KY	LaFayette	36.6602	-87.6581
KY	Lakeside Park	39.0342	-84.5668
KY	Lakeview Heights	38.152	-83.5043
KY	Lancaster	37.617	-84.5818
KY	Langdon Place	38.2866	-85.5849
KY	Lawrenceburg	38.0339	-84.9047
KY	Lebanon	37.5702	-85.2601
KY	Lebanon Junction	37.8352	-85.7224
KY	Ledbetter	37.0524	-88.4968
KY	Leitchfield	37.4862	-86.2847
KY	Lewisburg	36.9872	-86.9502
KY	Lewisport	37.9307	-86.9028
KY	Lexington-Fayette	38.0407	-84.4583
KY	Liberty	37.318	-84.9305
KY	Lincolnshire	38.2238	-85.6216
KY	Livermore	37.492	-87.1341
KY	Livingston	37.2972	-84.2151
KY	London	37.11	-84.0817
KY	Loretto	37.642	-85.3931
KY	Louisa	38.1116	-82.6152
KY	Louisville	38.2247	-85.7406
KY	Louisville/Jefferson County	38.1654	-85.6474
KY	Lovelaceville	36.9674	-88.8324
KY	Lowes	36.8828	-88.7664
KY	Loyall	36.8519	-83.349
KY	Ludlow	39.0887	-84.5485
KY	Lynch	36.9642	-82.9143
KY	Lyndon	38.263	-85.5879
KY	Lynnview	38.1791	-85.7112
KY	Maceo	37.8563	-86.9936
KY	Mackville	37.7341	-85.0697
KY	Madisonville	37.341	-87.5035
KY	Magnolia	37.4565	-85.7347
KY	Manchester	37.1481	-83.7638
KY	Manitou	37.374	-87.5755
KY	Manor Creek	38.2979	-85.5882
KY	Marion	37.3317	-88.0812
KY	Marrowbone	36.8348	-85.5031
KY	Martin	37.5668	-82.7603
KY	Maryhill Estates	38.2664	-85.6532
KY	Masonville	37.6721	-87.0561
KY	Massac	37.0321	-88.6862
KY	Mayfield	36.7375	-88.6445
KY	Mayking	37.1363	-82.7746
KY	Mays Lick	38.5198	-83.8461
KY	Maysville	38.65	-83.793
KY	Maytown	37.5335	-82.8015
KY	McCarr	37.6178	-82.1706
KY	McDowell	37.4602	-82.728
KY	McHenry	37.3778	-86.9227
KY	McKee	37.4302	-83.9856
KY	McKinney	37.4533	-84.7587
KY	McRoberts	37.2211	-82.668
KY	Meadow Vale	38.2833	-85.5725
KY	Meadowbrook Farm	38.2783	-85.5743
KY	Meadowview Estates	38.2231	-85.6357
KY	Melbourne	39.0319	-84.3707
KY	Mentor	38.8908	-84.2482
KY	Middlesborough	36.6135	-83.7225
KY	Middletown	38.2421	-85.5207
KY	Midway	38.1465	-84.6861
KY	Millersburg	38.3052	-84.1432
KY	Millstone	37.1634	-82.7497
KY	Milton	38.7223	-85.3803
KY	Mockingbird Valley	38.2704	-85.6793
KY	Monterey	38.4248	-84.8714
KY	Monticello	36.8411	-84.8513
KY	Moorland	38.2724	-85.5803
KY	Morehead	38.19	-83.4491
KY	Morganfield	37.6889	-87.8814
KY	Morgantown	37.2174	-86.7002
KY	Mortons Gap	37.2422	-87.4675
KY	Moseleyville	37.6795	-87.1957
KY	Mount Olivet	38.5309	-84.0339
KY	Mount Sterling	38.0655	-83.9488
KY	Mount Vernon	37.3571	-84.3329
KY	Mount Washington	38.0426	-85.556
KY	Muldraugh	37.9366	-85.9915
KY	Munfordville	37.2789	-85.8987
KY	Murray	36.6142	-88.3221
KY	Murray Hill	38.2909	-85.5876
KY	Nebo	37.3832	-87.6416
KY	New Castle	38.4336	-85.1692
KY	New Haven	37.6592	-85.5891
KY	New Hope	37.626	-85.504
KY	Newport	39.0861	-84.4869
KY	Nicholasville	37.89	-84.5668
KY	Norbourne Estates	38.2466	-85.6465
KY	North Corbin	36.9656	-84.0956
KY	North Middletown	38.1425	-84.1102
KY	Northfield	38.2858	-85.6363
KY	Nortonville	37.1851	-87.4554
KY	Norwood	38.2522	-85.6109
KY	Oak Grove	36.6738	-87.4225
KY	Oakbrook	38.9967	-84.6804
KY	Oakland	37.0462	-86.2469
KY	Old Brownsboro Place	38.2893	-85.6131
KY	Olive Hill	38.3058	-83.1682
KY	Oneida	37.2729	-83.6471
KY	Onton	37.5614	-87.4393
KY	Orchard Grass Hills	38.3217	-85.5232
KY	Owensboro	37.7571	-87.1167
KY	Owenton	38.539	-84.8392
KY	Owingsville	38.1366	-83.7554
KY	Paducah	37.0709	-88.6445
KY	Paintsville	37.8203	-82.806
KY	Panther	37.6395	-87.2283
KY	Paris	38.2002	-84.2727
KY	Park City	37.0935	-86.0481
KY	Park Hills	39.0671	-84.5327
KY	Parkway Village	38.2113	-85.7381
KY	Pathfork	36.7622	-83.4743
KY	Payne Gap	37.1477	-82.6711
KY	Pembroke	36.7745	-87.3595
KY	Perryville	37.6502	-84.9508
KY	Petersburg	39.0476	-84.8537
KY	Pewee Valley	38.3122	-85.4896
KY	Phelps	37.5091	-82.1606
KY	Philpot	37.7352	-87.0004
KY	Pikeville	37.4769	-82.5288
KY	Pine Knot	36.6656	-84.4397
KY	Pineville	36.7475	-83.7069
KY	Pioneer Village	38.0563	-85.6793
KY	Pippa Passes	37.3342	-82.8733
KY	Plano	36.8772	-86.4165
KY	Plantation	38.2834	-85.5936
KY	Pleasant Ridge	37.5954	-86.9925
KY	Pleasant View	36.6792	-84.128
KY	Pleasureville	38.3515	-85.1112
KY	Plum Springs	37.0228	-86.3801
KY	Poole	37.6396	-87.648
KY	Poplar Hills	38.178	-85.693
KY	Powderly	37.2394	-87.1539
KY	Prestonsburg	37.6816	-82.7659
KY	Prestonville	38.682	-85.1935
KY	Princeton	37.1065	-87.8849
KY	Prospect	38.3469	-85.6089
KY	Providence	37.3991	-87.7517
KY	Pryorsburg	36.6898	-88.7064
KY	Rabbit Hash	38.9292	-84.8521
KY	Raceland	38.5374	-82.7387
KY	Radcliff	37.8201	-85.9364
KY	Ravenna	37.687	-83.9502
KY	Raywick	37.5623	-85.4363
KY	Reidland	37.0082	-88.527
KY	Richlawn	38.2547	-85.6412
KY	Richmond	37.7291	-84.2994
KY	Rineyville	37.7422	-85.9664
KY	River Bluff	38.3719	-85.604
KY	Riverwood	38.2836	-85.6619
KY	Robards	37.6786	-87.5346
KY	Rochester	37.2086	-86.8924
KY	Rockholds	36.8316	-84.1077
KY	Rockport	37.3378	-86.989
KY	Rolling Fields	38.2689	-85.6708
KY	Rolling Hills	38.2825	-85.5784
KY	Rosine	37.455	-86.7364
KY	Russell	38.513	-82.696
KY	Russell Springs	37.0507	-85.0805
KY	Russellville	36.8395	-86.8956
KY	Ryland Heights	38.9803	-84.4322
KY	Sacramento	37.4166	-87.2679
KY	Sadieville	38.3878	-84.5513
KY	Salem	37.2647	-88.2412
KY	Salt Lick	38.1195	-83.6157
KY	Salvisa	37.9255	-84.8632
KY	Salyersville	37.7419	-83.0636
KY	Sanders	38.6547	-84.9467
KY	Sandy Hook	38.0934	-83.1226
KY	Sardis	38.5336	-83.9517
KY	Science Hill	37.1732	-84.6337
KY	Scottsville	36.7493	-86.2076
KY	Sebree	37.6012	-87.5115
KY	Sedalia	36.6486	-88.6014
KY	Seneca Gardens	38.228	-85.6764
KY	Sharpsburg	38.2017	-83.9251
KY	Shelbyville	38.2068	-85.2306
KY	Shepherdsville	37.9814	-85.702
KY	Shively	38.1988	-85.8139
KY	Silver Grove	39.0401	-84.4003
KY	Simpsonville	38.2169	-85.3496
KY	Slaughters	37.4896	-87.5053
KY	Smithfield	38.3866	-85.2548
KY	Smithland	37.1388	-88.4048
KY	Smiths Grove	37.0502	-86.2081
KY	Somerset	37.0865	-84.6054
KY	Sonora	37.5323	-85.8956
KY	Sorgho	37.7459	-87.2129
KY	South Carrollton	37.3353	-87.1402
KY	South Park View	38.1184	-85.72
KY	South Shore	38.7219	-82.9642
KY	South Wallins	36.8109	-83.4
KY	South Williamson	37.6632	-82.2878
KY	Southgate	39.0641	-84.4706
KY	Sparta	38.6954	-84.9061
KY	Spottsville	37.8552	-87.4193
KY	Spring Mill	38.1436	-85.6316
KY	Spring Valley	38.2969	-85.6101
KY	Springfield	37.6939	-85.2229
KY	St. Charles	37.1905	-87.5497
KY	St. Joseph	37.6923	-87.3285
KY	St. Mary	37.5825	-85.3415
KY	St. Matthews	38.2493	-85.6378
KY	St. Regis Park	38.2287	-85.6168
KY	Stamping Ground	38.2709	-84.6798
KY	Stanford	37.5307	-84.657
KY	Stanley	37.8188	-87.2406
KY	Stanton	37.8492	-83.8556
KY	Stearns	36.6943	-84.4745
KY	Strathmoor Manor	38.219	-85.6836
KY	Strathmoor Village	38.2208	-85.6779
KY	Sturgis	37.5462	-87.9874
KY	Summer Shade	36.8839	-85.7119
KY	Summersville	37.3261	-85.5368
KY	Sycamore	38.2468	-85.5612
KY	Symsonia	36.9185	-88.5255
KY	Taylor Mill	39.0088	-84.4995
KY	Taylorsville	38.0323	-85.3495
KY	Ten Broeck	38.2977	-85.578
KY	Thornhill	38.2877	-85.625
KY	Thruston	37.793	-87.0206
KY	Tolu	37.4337	-88.2448
KY	Tompkinsville	36.7013	-85.693
KY	Trenton	36.7209	-87.2622
KY	Union	38.9469	-84.6737
KY	Uniontown	37.7734	-87.9322
KY	Upton	37.4587	-85.9002
KY	Utica	37.6017	-87.1124
KY	Van Lear	37.7766	-82.7479
KY	Vanceburg	38.5945	-83.3236
KY	Verona	38.8052	-84.6637
KY	Versailles	38.0491	-84.725
KY	Vicco	37.2161	-83.0608
KY	Villa Hills	39.0655	-84.598
KY	Vine Grove	37.8119	-85.9844
KY	Virgie	37.3323	-82.5824
KY	Wallins Creek	36.83	-83.4175
KY	Walton	38.8624	-84.615
KY	Warfield	37.8391	-82.4223
KY	Warsaw	38.7836	-84.8925
KY	Water Valley	36.5687	-88.81
KY	Watterson Park	38.1953	-85.6822
KY	Waverly	37.7097	-87.8151
KY	Wayland	37.4559	-82.8026
KY	Wellington	38.2166	-85.6703
KY	West Buechel	38.1942	-85.6676
KY	West Liberty	37.918	-83.2674
KY	West Louisville	37.6986	-87.2863
KY	West Point	37.9848	-85.9549
KY	West Van Lear	37.7821	-82.7872
KY	Westport	38.4918	-85.4721
KY	Westwood	38.4788	-82.6809
KY	Wheatcroft	37.4893	-87.8612
KY	Wheelwright	37.3392	-82.7186
KY	White Plains	37.1694	-87.3789
KY	Whitesburg	37.1178	-82.823
KY	Whitesville	37.6831	-86.8698
KY	Whitley City	36.7228	-84.4755
KY	Wickliffe	36.9662	-89.0819
KY	Wilder	39.0413	-84.4815
KY	Wildwood	38.249	-85.5747
KY	Williamsburg	36.7387	-84.1657
KY	Williamstown	38.6398	-84.5725
KY	Willisburg	37.8103	-85.1196
KY	Wilmore	37.8778	-84.6639
KY	Winchester	38.0024	-84.1906
KY	Windy Hills	38.2717	-85.6396
KY	Wingo	36.6414	-88.7411
KY	Woodburn	36.8415	-86.5311
KY	Woodbury	37.1832	-86.6349
KY	Woodland Hills	38.2393	-85.5298
KY	Woodlawn	39.0909	-84.4728
KY	Woodlawn Park	38.2614	-85.6307
KY	Worthington	38.5511	-82.735
KY	Worthington Hills	38.3093	-85.527
KY	Worthville	38.6101	-85.0669
KY	Wurtland	38.5496	-82.779
KY	Yelvington	37.8491	-86.9779
LA	Abbeville	29.9754	-92.1272
LA	Abita Springs	30.4735	-90.0203
LA	Addis	30.3695	-91.2636
LA	Albany	30.4992	-90.5838
LA	Alexandria	31.2934	-92.4702
LA	Ama	29.9435	-90.2956
LA	Amelia	29.6632	-91.1109
LA	Amite City	30.7322	-90.5153
LA	Anacoco	31.2569	-93.3465
LA	Angie	30.9613	-89.8211
LA	Arabi	29.953	-89.9963
LA	Arcadia	32.5508	-92.9214
LA	Arnaudville	30.4017	-91.9324
LA	Ashland	32.1204	-93.1125
LA	Athens	32.658	-93.0277
LA	Atlanta	31.8064	-92.7383
LA	Avondale	29.901	-90.197
LA	Baker	30.5832	-91.1582
LA	Baldwin	29.8413	-91.5549
LA	Ball	31.4187	-92.4084
LA	Banks Springs	32.0764	-92.0851
LA	Barataria	29.714	-90.1215
LA	Basile	30.4855	-92.601
LA	Baskin	32.2591	-91.7473
LA	Bastrop	32.7749	-91.9078
LA	Baton Rouge	30.4404	-91.1332
LA	Bawcomville	32.4687	-92.1737
LA	Bayou Blue	29.6325	-90.669
LA	Bayou Cane	29.6244	-90.751
LA	Bayou Corne	30.0159	-91.153
LA	Bayou Country Club	29.7796	-90.7893
LA	Bayou Gauche	29.8069	-90.4222
LA	Bayou Goula	30.217	-91.1809
LA	Bayou L'Ourse	29.7174	-91.0606
LA	Bayou Vista	29.6906	-91.267
LA	Belcher	32.7522	-93.8372
LA	Belle Chasse	29.8587	-90.0033
LA	Belle Rose	30.0422	-91.0497
LA	Belmont	31.7182	-93.5082
LA	Benton	32.6896	-93.7401
LA	Bernice	32.8277	-92.6585
LA	Berwick	29.7005	-91.2352
LA	Bienville	32.3632	-92.9748
LA	Blanchard	32.6027	-93.8831
LA	Bogalusa	30.7754	-89.8617
LA	Bonita	32.9205	-91.6751
LA	Boothville	29.3325	-89.4057
LA	Bordelonville	31.1012	-91.9005
LA	Bossier City	32.5237	-93.6554
LA	Bourg	29.5636	-90.615
LA	Boutte	29.8874	-90.3888
LA	Boyce	31.3899	-92.6704
LA	Branch	30.3386	-92.2857
LA	Breaux Bridge	30.2831	-91.9059
LA	Bridge City	29.9408	-90.1566
LA	Broussard	30.1408	-91.9561
LA	Brownfields	30.5434	-91.1241
LA	Brownsville	32.4883	-92.1618
LA	Brusly	30.3942	-91.2516
LA	Bryceland	32.445	-92.9901
LA	Bunkie	30.9537	-92.1881
LA	Buras	29.3537	-89.524
LA	Cade	30.0926	-91.8996
LA	Calhoun	32.5153	-92.3539
LA	Calvin	31.9617	-92.7758
LA	Cameron	29.7952	-93.2915
LA	Campti	31.898	-93.1164
LA	Cankton	30.3455	-92.1131
LA	Carencro	30.3126	-92.0387
LA	Carlyss	30.1767	-93.3696
LA	Castor	32.2549	-93.166
LA	Catahoula	30.212	-91.7196
LA	Cecilia	30.3364	-91.8479
LA	Center Point	31.2524	-92.21
LA	Centerville	29.7563	-91.4256
LA	Central	30.5593	-91.0355
LA	Chackbay	29.8585	-90.807
LA	Chalmette	29.944	-89.966
LA	Charenton	29.8671	-91.54
LA	Chataignier	30.5696	-92.3168
LA	Chatham	32.3092	-92.4514
LA	Chauvin	29.4453	-90.5936
LA	Cheneyville	31.011	-92.2901
LA	Choctaw	29.8457	-90.7238
LA	Choudrant	32.5331	-92.5262
LA	Church Point	30.4037	-92.2145
LA	Claiborne	32.5412	-92.1962
LA	Clarence	31.8203	-93.0291
LA	Clarks	32.0288	-92.1408
LA	Clayton	31.7222	-91.5346
LA	Clinton	30.8617	-91.0155
LA	Colfax	31.5196	-92.6997
LA	Collinston	32.6893	-91.8718
LA	Columbia	32.1021	-92.0764
LA	Convent	30.0152	-90.8202
LA	Converse	31.7795	-93.7001
LA	Cotton Valley	32.8134	-93.4231
LA	Cottonport	30.9892	-92.051
LA	Coushatta	32.0258	-93.3406
LA	Covington	30.4802	-90.1118
LA	Creola	31.4269	-92.481
LA	Crescent	30.2432	-91.2882
LA	Crowley	30.2179	-92.3748
LA	Cullen	32.9677	-93.4465
LA	Cut Off	29.5163	-90.3297
LA	Darrow	30.1212	-90.9843
LA	DeQuincy	30.449	-93.4457
LA	DeRidder	30.845	-93.2952
LA	Delacroix	29.7624	-89.7895
LA	Delcambre	29.9511	-91.9917
LA	Delhi	32.4528	-91.49
LA	Delta	32.3222	-90.9585
LA	Denham Springs	30.4743	-90.959
LA	Des Allemands	29.8154	-90.4705
LA	Destrehan	29.9721	-90.3542
LA	Deville	31.3449	-92.1418
LA	Dixie Inn	32.5968	-93.3322
LA	Dodson	32.0791	-92.6586
LA	Donaldsonville	30.0951	-90.9925
LA	Dorseyville	30.1774	-91.1614
LA	Downsville	32.6264	-92.4129
LA	Doyline	32.5207	-93.4157
LA	Dry Prong	31.5813	-92.5314
LA	Dubach	32.7033	-92.6615
LA	Dubberly	32.5476	-93.2323
LA	Dulac	29.4008	-90.6932
LA	Duson	30.2384	-92.1891
LA	East Hodge	32.2776	-92.7137
LA	Eastwood	32.5607	-93.5625
LA	Echo	31.1085	-92.2406
LA	Eden Isle	30.2252	-89.8092
LA	Edgard	30.0308	-90.5441
LA	Edgefield	32.0501	-93.336
LA	Egan	30.2455	-92.5116
LA	Elizabeth	30.8657	-92.8018
LA	Elmwood	29.954	-90.1874
LA	Elton	30.4813	-92.6976
LA	Empire	29.4452	-89.6144
LA	Epps	32.6038	-91.4814
LA	Erath	29.9588	-92.0374
LA	Eros	32.3926	-92.4239
LA	Erwinville	30.541	-91.3885
LA	Estelle	29.8415	-90.0942
LA	Estherwood	30.1816	-92.4633
LA	Eunice	30.4904	-92.4191
LA	Evergreen	30.9528	-92.1052
LA	Farmerville	32.7751	-92.4005
LA	Fenton	30.3643	-92.917
LA	Ferriday	31.6342	-91.5562
LA	Fifth Ward	31.1207	-92.1584
LA	Fisher	31.4933	-93.4597
LA	Florien	31.4575	-93.4592
LA	Folsom	30.6324	-90.1961
LA	Fordoche	30.594	-91.6179
LA	Forest	32.7924	-91.4126
LA	Forest Hill	31.0499	-92.5253
LA	Fort Jesup	31.6114	-93.4062
LA	Fort Polk North	31.1004	-93.1745
LA	Fort Polk South	31.0542	-93.2167
LA	Franklin	29.7849	-91.5096
LA	Franklinton	30.8482	-90.1459
LA	French Settlement	30.3319	-90.8143
LA	Frierson	32.2469	-93.6869
LA	Galliano	29.4459	-90.3077
LA	Gardere	30.3583	-91.1346
LA	Garyville	30.0657	-90.6347
LA	Georgetown	31.7585	-92.3803
LA	Gibsland	32.5402	-93.0553
LA	Gilbert	32.0512	-91.6577
LA	Gilliam	32.8282	-93.8418
LA	Gillis	30.3769	-93.1998
LA	Glencoe	29.8112	-91.6704
LA	Glenmora	30.9733	-92.5824
LA	Gloster	32.1904	-93.8047
LA	Golden Meadow	29.387	-90.275
LA	Goldonna	32.0112	-92.93
LA	Gonzales	30.2127	-90.9224
LA	Good Pine	31.6935	-92.1629
LA	Grambling	32.5263	-92.708
LA	Gramercy	30.0619	-90.6936
LA	Grand Cane	32.0839	-93.8089
LA	Grand Coteau	30.4202	-92.0438
LA	Grand Isle	29.2129	-90.0291
LA	Grand Point	30.0472	-90.7501
LA	Gray	29.678	-90.7831
LA	Grayson	32.0492	-92.1116
LA	Greensburg	30.8296	-90.6699
LA	Greenwood	32.4315	-93.9599
LA	Gretna	29.9109	-90.0517
LA	Grosse Tete	30.4154	-91.4394
LA	Gueydan	30.029	-92.507
LA	Hackberry	29.965	-93.4102
LA	Hahnville	29.9613	-90.424
LA	Hall Summit	32.177	-93.3051
LA	Hammond	30.5056	-90.4565
LA	Harahan	29.9364	-90.2027
LA	Harrisonburg	31.7685	-91.823
LA	Harvey	29.8888	-90.0664
LA	Haughton	32.5276	-93.5042
LA	Hayes	30.1111	-92.9239
LA	Haynesville	32.9663	-93.1381
LA	Heflin	32.4591	-93.2731
LA	Henderson	30.3178	-91.8037
LA	Hessmer	31.0534	-92.1215
LA	Hester	30.026	-90.7702
LA	Hodge	32.27	-92.7297
LA	Homer	32.7938	-93.0591
LA	Hornbeck	31.326	-93.3958
LA	Hosston	32.8861	-93.8827
LA	Houma	29.5787	-90.708
LA	Ida	32.9989	-93.8964
LA	Independence	30.6361	-90.5052
LA	Inniswold	30.3982	-91.0709
LA	Iota	30.3261	-92.4956
LA	Iowa	30.2414	-93.013
LA	Jackson	30.8346	-91.2085
LA	Jamestown	32.3419	-93.2066
LA	Jean Lafitte	29.7534	-90.1016
LA	Jeanerette	29.9152	-91.6763
LA	Jefferson	29.9604	-90.1559
LA	Jena	31.6902	-92.1286
LA	Jennings	30.224	-92.6583
LA	Jonesboro	32.2335	-92.7106
LA	Jonesville	31.6223	-91.8344
LA	Jordan Hill	31.8591	-92.5156
LA	Joyce	31.9347	-92.5851
LA	Junction City	33.0073	-92.7224
LA	Kaplan	30.006	-92.2839
LA	Keachi	32.168	-93.9145
LA	Kenner	30.0102	-90.2548
LA	Kentwood	30.9338	-90.5152
LA	Kilbourne	32.9972	-91.3139
LA	Killian	30.3526	-90.5809
LA	Killona	29.9968	-90.4842
LA	Kinder	30.4831	-92.852
LA	Kraemer	29.8592	-90.6256
LA	Krotz Springs	30.5294	-91.7549
LA	Labadieville	29.8246	-90.9526
LA	Lacassine	30.2331	-92.9208
LA	Lacombe	30.3141	-89.9306
LA	Lafayette	30.2056	-92.0281
LA	Lafitte	29.7109	-90.0968
LA	Lafourche Crossing	29.7675	-90.7697
LA	Lake Arthur	30.08	-92.6774
LA	Lake Charles	30.199	-93.2108
LA	Lake Providence	32.802	-91.1752
LA	Lakeshore	32.5349	-92.0338
LA	Lakeview	32.5238	-93.8298
LA	Laplace	30.0722	-90.477
LA	Larose	29.5652	-90.3762
LA	Lawtell	30.5126	-92.1832
LA	Lebeau	30.7328	-91.9694
LA	Lecompte	31.0882	-92.3999
LA	Leesville	31.1411	-93.2842
LA	Lemannville	30.101	-90.9284
LA	Leonville	30.4619	-91.9835
LA	Lewisburg	30.3676	-90.102
LA	Lillie	32.92	-92.6613
LA	Lisbon	32.7894	-92.8672
LA	Livingston	30.4953	-90.7467
LA	Livonia	30.5622	-91.5501
LA	Lockport	29.6441	-90.5316
LA	Lockport Heights	29.659	-90.5506
LA	Logansport	31.9758	-93.9934
LA	Longstreet	32.098	-93.9499
LA	Longville	30.6106	-93.225
LA	Loreauville	30.0588	-91.7388
LA	Lucky	32.2441	-93.0133
LA	Luling	29.8985	-90.3532
LA	Lutcher	30.0631	-90.7117
LA	Lydia	29.9263	-91.7813
LA	Madisonville	30.3985	-90.166
LA	Mamou	30.6349	-92.4179
LA	Mandeville	30.3767	-90.1011
LA	Mangham	32.3093	-91.7794
LA	Mansfield	32.0353	-93.6997
LA	Mansura	31.0673	-92.0528
LA	Many	31.5661	-93.4772
LA	Maringouin	30.4908	-91.5186
LA	Marion	32.8979	-92.2404
LA	Marksville	31.1254	-92.0651
LA	Marrero	29.8857	-90.1132
LA	Marthaville	31.738	-93.39
LA	Martin	32.0999	-93.2191
LA	Mathews	29.6822	-90.5559
LA	Maurice	30.1041	-92.1211
LA	McNary	30.9904	-92.5815
LA	Melville	30.692	-91.7505
LA	Mer Rouge	32.7769	-91.7944
LA	Meraux	29.9275	-89.9192
LA	Mermentau	30.188	-92.5838
LA	Merrydale	30.4998	-91.1081
LA	Merryville	30.756	-93.5256
LA	Metairie	29.9978	-90.1778
LA	Midland	30.1805	-92.5015
LA	Midway	31.6756	-92.1466
LA	Milton	30.1139	-92.0691
LA	Minden	32.6191	-93.2728
LA	Minorca	31.573	-91.4907
LA	Monroe	32.519	-92.0772
LA	Montegut	29.4406	-90.5608
LA	Monterey	31.4443	-91.7187
LA	Montgomery	31.6674	-92.8871
LA	Monticello	30.4881	-91.0447
LA	Montpelier	30.6852	-90.6566
LA	Montz	30.0248	-90.4604
LA	Moonshine	29.965	-90.813
LA	Mooringsport	32.6794	-93.9602
LA	Moreauville	31.0342	-91.9817
LA	Morgan City	29.7103	-91.1915
LA	Morganza	30.7381	-91.5916
LA	Morrow	30.8294	-92.082
LA	Morse	30.1221	-92.4984
LA	Moss Bluff	30.3088	-93.2079
LA	Mound	32.3318	-91.0245
LA	Mount Lebanon	32.5052	-93.0499
LA	Napoleonville	29.9383	-91.0264
LA	Natalbany	30.5489	-90.4875
LA	Natchez	31.6741	-93.0455
LA	Natchitoches	31.7348	-93.1009
LA	New Iberia	30.0055	-91.8203
LA	New Llano	31.1057	-93.2696
LA	New Orleans	30.0534	-89.9345
LA	New Orleans Station	29.8274	-90.025
LA	New Roads	30.6959	-91.4538
LA	New Sarpy	29.9792	-90.3835
LA	Newellton	32.0726	-91.2393
LA	Noble	31.6899	-93.6832
LA	Norco	29.9983	-90.4045
LA	North Hodge	32.2825	-92.7184
LA	North Vacherie	30.0075	-90.7119
LA	Norwood	30.9734	-91.1103
LA	Oak Grove	32.8624	-91.3912
LA	Oak Hills Place	30.3707	-91.0877
LA	Oak Ridge	32.6244	-91.7731
LA	Oakdale	30.8164	-92.6559
LA	Oberlin	30.6081	-92.775
LA	Oil City	32.7458	-93.9751
LA	Old Jefferson	30.3775	-91.006
LA	Olla	31.8981	-92.2404
LA	Opelousas	30.5249	-92.0817
LA	Oretta	30.5289	-93.4391
LA	Ossun	30.2834	-92.107
LA	Paincourtville	29.9886	-91.0554
LA	Palmetto	30.7177	-91.9091
LA	Paradis	29.8665	-90.44
LA	Parks	30.2178	-91.8276
LA	Patterson	29.6909	-91.3095
LA	Paulina	30.037	-90.722
LA	Pearl River	30.3714	-89.7504
LA	Perry	29.9532	-92.1529
LA	Pierre Part	29.9554	-91.2028
LA	Pine Prairie	30.782	-92.422
LA	Pineville	31.3429	-92.4089
LA	Pioneer	32.7381	-91.4381
LA	Pitkin	30.9364	-92.93
LA	Plain Dealing	32.907	-93.6992
LA	Plaquemine	30.2832	-91.2438
LA	Plaucheville	30.9647	-91.9837
LA	Pleasant Hill	31.8154	-93.5164
LA	Pleasure Bend	29.9221	-90.6412
LA	Point Place	31.6876	-93.025
LA	Pointe a la Hache	29.5738	-89.7808
LA	Pollock	31.4941	-92.4413
LA	Ponchatoula	30.4406	-90.4428
LA	Port Allen	30.4438	-91.2074
LA	Port Barre	30.5555	-91.956
LA	Port Sulphur	29.5045	-89.722
LA	Port Vincent	30.3364	-90.8436
LA	Powhatan	31.8738	-93.2032
LA	Poydras	29.8596	-89.8873
LA	Prairieville	30.3135	-90.9581
LA	Presquille	29.5586	-90.6386
LA	Prien	30.151	-93.2742
LA	Prospect	31.4464	-92.4964
LA	Provencal	31.6547	-93.2001
LA	Quitman	32.3531	-92.7235
LA	Raceland	29.7235	-90.6298
LA	Rayne	30.2405	-92.2673
LA	Rayville	32.471	-91.7574
LA	Red Chute	32.5703	-93.6131
LA	Reddell	30.6687	-92.4268
LA	Reeves	30.5217	-93.0362
LA	Reserve	30.073	-90.555
LA	Richmond	32.3884	-91.1804
LA	Richwood	32.4486	-92.0773
LA	Ridgecrest	31.6018	-91.5304
LA	Ringgold	32.3265	-93.2836
LA	Rio	30.6914	-89.8896
LA	River Ridge	29.9586	-90.222
LA	Roanoke	30.2355	-92.7481
LA	Robeline	31.6898	-93.3039
LA	Rock Hill	31.439	-92.5759
LA	Rodessa	32.9736	-93.9972
LA	Romeville	30.0687	-90.8274
LA	Rosedale	30.4429	-91.4601
LA	Roseland	30.7639	-90.5106
LA	Rosepine	30.9245	-93.2885
LA	Ruston	32.533	-92.6353
LA	Saline	32.1631	-92.9768
LA	Sarepta	32.895	-93.4515
LA	Schriever	29.7287	-90.8354
LA	Scott	30.2398	-92.0948
LA	Shenandoah	30.4026	-91.0037
LA	Shongaloo	32.9403	-93.2932
LA	Shreveport	32.4669	-93.7922
LA	Sibley	32.5425	-93.2939
LA	Sicily Island	31.8488	-91.6594
LA	Sikes	32.079	-92.4863
LA	Simmesport	30.981	-91.8143
LA	Simpson	31.2646	-93.0161
LA	Simsboro	32.5323	-92.7839
LA	Singer	30.6512	-93.4117
LA	Siracusaville	29.688	-91.1511
LA	Slaughter	30.7276	-91.1361
LA	Slidell	30.2889	-89.7829
LA	Sorrel	29.8884	-91.6266
LA	Sorrento	30.1836	-90.8666
LA	South Mansfield	32.0171	-93.718
LA	South Vacherie	29.9402	-90.6877
LA	Spearsville	32.932	-92.6001
LA	Spokane	31.7041	-91.4605
LA	Springfield	30.4256	-90.5444
LA	Springhill	33.0019	-93.4615
LA	St. Francisville	30.7842	-91.3764
LA	St. Gabriel	30.2552	-91.1004
LA	St. James	30.0186	-90.8509
LA	St. Joseph	31.9203	-91.24
LA	St. Martinville	30.127	-91.8311
LA	St. Maurice	31.7613	-92.9389
LA	St. Rose	29.9635	-90.3079
LA	Stanley	31.9567	-93.9048
LA	Starks	30.3105	-93.6667
LA	Start	32.4917	-91.8678
LA	Sterlington	32.6889	-92.0603
LA	Stonewall	32.2713	-93.8074
LA	Sugartown	30.8401	-93.0126
LA	Sulphur	30.2298	-93.3563
LA	Sun	30.6525	-89.9105
LA	Sunset	30.4059	-92.0624
LA	Supreme	29.8619	-90.9927
LA	Swartz	32.5809	-91.9869
LA	Taft	29.9851	-90.4524
LA	Tallulah	32.4067	-91.1917
LA	Tangipahoa	30.8758	-90.5138
LA	Terrytown	29.9025	-90.0281
LA	Thibodaux	29.7949	-90.8146
LA	Tickfaw	30.5769	-90.4871
LA	Timberlane	29.877	-90.0292
LA	Triumph	29.3395	-89.4815
LA	Trout	31.6967	-92.1797
LA	Tullos	31.8174	-92.3267
LA	Turkey Creek	30.8732	-92.417
LA	Union	30.0861	-90.889
LA	Urania	31.8634	-92.2913
LA	Varnado	30.8953	-89.8319
LA	Venice	29.2876	-89.3644
LA	Ventress	30.6789	-91.4305
LA	Vidalia	31.5668	-91.4404
LA	Vienna	32.6092	-92.6481
LA	Vienna Bend	31.7397	-93.0346
LA	Village St. George	30.3598	-91.0672
LA	Ville Platte	30.6899	-92.2742
LA	Vinton	30.1954	-93.5822
LA	Violet	29.8967	-89.8929
LA	Vivian	32.8711	-93.9862
LA	Waggaman	29.9378	-90.2312
LA	Walker	30.4864	-90.8656
LA	Wallace	30.0246	-90.659
LA	Wallace Ridge	31.6841	-91.8287
LA	Washington	30.6156	-92.0599
LA	Waterproof	31.8072	-91.3861
LA	Watson	30.5749	-90.9508
LA	Welcome	30.0443	-90.8835
LA	Welsh	30.2356	-92.8124
LA	West Monroe	32.5123	-92.1511
LA	Westlake	30.261	-93.2635
LA	Westminster	30.4076	-91.09
LA	Westwego	29.9054	-90.1435
LA	White Castle	30.1617	-91.1485
LA	Wilson	30.9256	-91.1053
LA	Winnfield	31.924	-92.6425
LA	Winnsboro	32.1647	-91.7206
LA	Wisner	31.9804	-91.6551
LA	Woodmere	29.8387	-90.0774
LA	Woodworth	31.1739	-92.5204
LA	Youngsville	30.0958	-91.9965
LA	Zachary	30.6644	-91.1658
LA	Zwolle	31.6394	-93.6411
MA	Abington	42.1158	-70.9566
MA	Acushnet Center	41.685	-70.9067
MA	Adams	42.6291	-73.1187
MA	Agawam Town	42.0639	-72.653
MA	Amesbury Town	42.8513	-70.9558
MA	Amherst Town	42.3635	-72.5073
MA	Andover	42.6557	-71.1422
MA	Arlington	42.4187	-71.1639
MA	Athol	42.5934	-72.2302
MA	Attleboro	41.9317	-71.2945
MA	Ayer	42.5622	-71.5848
MA	Baldwinville	42.6048	-72.0788
MA	Barnstable Town	41.6615	-70.357
MA	Barre	42.423	-72.1064
MA	Belchertown	42.2719	-72.4028
MA	Bellingham	42.094	-71.4786
MA	Belmont	42.3953	-71.1803
MA	Beverly	42.5567	-70.845
MA	Blandford	42.175	-72.9239
MA	Bliss Corner	41.6051	-70.9424
MA	Boston	42.3386	-71.0183
MA	Bourne	41.732	-70.6158
MA	Boxford	42.6637	-70.9842
MA	Braintree Town	42.2062	-71.0023
MA	Brewster	41.7609	-70.0704
MA	Bridgewater Town	41.9724	-70.9788
MA	Brockton	42.0825	-71.0246
MA	Brookfield	42.215	-72.1027
MA	Brookline	42.3239	-71.142
MA	Burlington	42.5032	-71.2017
MA	Buzzards Bay	41.7542	-70.6163
MA	Cambridge	42.376	-71.1187
MA	Cedar Crest	42.0764	-70.6614
MA	Chatham	41.6739	-69.963
MA	Chelsea	42.3968	-71.0313
MA	Cheshire	42.5611	-73.1623
MA	Chester	42.2807	-72.9801
MA	Chicopee	42.1776	-72.5702
MA	Clinton	42.4189	-71.6862
MA	Cochituate	42.3277	-71.3523
MA	Cordaville	42.2721	-71.5228
MA	Danvers	42.5742	-70.9505
MA	Dedham	42.2469	-71.1795
MA	Deerfield	42.5479	-72.6024
MA	Dennis	41.7302	-70.1974
MA	Dennis Port	41.6681	-70.137
MA	Devens	42.5434	-71.614
MA	Dover	42.2467	-71.2681
MA	Duxbury	42.0444	-70.6792
MA	East Brookfield	42.2291	-72.0524
MA	East Dennis	41.7354	-70.1574
MA	East Douglas	42.0811	-71.7195
MA	East Falmouth	41.5682	-70.5574
MA	East Harwich	41.7086	-70.0318
MA	East Pepperell	42.6625	-71.5621
MA	East Sandwich	41.7343	-70.4307
MA	Easthampton Town	42.2654	-72.6708
MA	Edgartown	41.3899	-70.5197
MA	Essex	42.6405	-70.7712
MA	Everett	42.4059	-71.0546
MA	Fall River	41.7254	-71.0942
MA	Falmouth	41.5514	-70.6088
MA	Fiskdale	42.1247	-72.1109
MA	Fitchburg	42.602	-71.8159
MA	Forestdale	41.6835	-70.5108
MA	Foxborough	42.064	-71.2484
MA	Framingham	42.3079	-71.4362
MA	Franklin Town	42.0849	-71.4106
MA	Gardner	42.5842	-71.9887
MA	Gloucester	42.6288	-70.6859
MA	Granby	42.266	-72.5289
MA	Great Barrington	42.194	-73.3615
MA	Green Harbor	42.066	-70.6487
MA	Greenfield	42.6147	-72.5971
MA	Groton	42.6116	-71.5647
MA	Hanscom AFB	42.4582	-71.2793
MA	Hanson	42.065	-70.8498
MA	Harwich Center	41.6921	-70.0663
MA	Harwich Port	41.6734	-70.0654
MA	Hatfield	42.3729	-72.6037
MA	Haverhill	42.7829	-71.0874
MA	Hingham	42.2331	-70.8895
MA	Holbrook	42.1403	-70.9979
MA	Holland	42.0511	-72.1528
MA	Holyoke	42.2117	-72.6424
MA	Hopedale	42.1269	-71.5403
MA	Hopkinton	42.2256	-71.5241
MA	Housatonic	42.2412	-73.3562
MA	Hudson	42.3921	-71.5649
MA	Hull	42.3402	-70.8833
MA	Huntington	42.2438	-72.8918
MA	Ipswich	42.6757	-70.822
MA	Kingston	41.9962	-70.7215
MA	Lawrence	42.7003	-71.1614
MA	Lee	42.3068	-73.2507
MA	Lenox	42.3612	-73.2868
MA	Lenox Dale	42.3337	-73.2492
MA	Leominster	42.5209	-71.7706
MA	Lexington	42.4452	-71.23
MA	Littleton Common	42.5345	-71.4721
MA	Longmeadow	42.0481	-72.5693
MA	Lowell	42.639	-71.321
MA	Lunenburg	42.5934	-71.727
MA	Lynn	42.4748	-70.962
MA	Lynnfield	42.5341	-71.0383
MA	Madaket	41.2824	-70.1833
MA	Malden	42.4294	-71.0587
MA	Mansfield Center	42.022	-71.2178
MA	Marblehead	42.4956	-70.8358
MA	Marion Center	41.6966	-70.7555
MA	Marlborough	42.3496	-71.5472
MA	Marshfield	42.1022	-70.6894
MA	Marshfield Hills	42.1433	-70.7291
MA	Mashpee Neck	41.6127	-70.4679
MA	Mattapoisett Center	41.672	-70.7992
MA	Maynard	42.426	-71.4563
MA	Medfield	42.187	-71.3004
MA	Medford	42.4238	-71.1092
MA	Melrose	42.4557	-71.059
MA	Methuen Town	42.7426	-71.1787
MA	Middleborough Center	41.8942	-70.9257
MA	Milford	42.1507	-71.5178
MA	Millers Falls	42.5792	-72.4922
MA	Millis-Clicquot	42.1668	-71.3492
MA	Milton	42.2416	-71.0824
MA	Monomoscoy Island	41.5759	-70.4992
MA	Monson Center	42.0979	-72.2961
MA	Monument Beach	41.7189	-70.6
MA	Nahant	42.4182	-70.9327
MA	Nantucket	41.2714	-70.0959
MA	Needham	42.2816	-71.2424
MA	New Bedford	41.6613	-70.9379
MA	New Seabury	41.5749	-70.479
MA	Newburyport	42.8121	-70.8866
MA	Newton	42.3318	-71.2084
MA	North Adams	42.6756	-73.1181
MA	North Attleborough Town	41.9705	-71.3349
MA	North Brookfield	42.2712	-72.0842
MA	North Eastham	41.8333	-70.0038
MA	North Falmouth	41.642	-70.6307
MA	North Lakeville	41.86	-70.9393
MA	North Pembroke	42.0977	-70.7833
MA	North Plymouth	41.9753	-70.6806
MA	North Scituate	42.2128	-70.7663
MA	North Seekonk	41.8846	-71.3304
MA	North Westport	41.6731	-71.1111
MA	Northampton	42.327	-72.6746
MA	Northborough	42.312	-71.6477
MA	Northfield	42.7132	-72.4227
MA	Northwest Harwich	41.6936	-70.1053
MA	Norton Center	41.9745	-71.1885
MA	Norwood	42.1874	-71.196
MA	Oak Bluffs	41.4538	-70.5649
MA	Ocean Bluff-Brant Rock	42.1022	-70.6576
MA	Ocean Grove	41.7288	-71.2092
MA	Onset	41.746	-70.6683
MA	Orange	42.6054	-72.2921
MA	Orleans	41.7878	-70.0015
MA	Oxford	42.1159	-71.8701
MA	Palmer Town	42.1889	-72.3065
MA	Peabody	42.5343	-70.9694
MA	Pepperell	42.6755	-71.5921
MA	Petersham	42.491	-72.1872
MA	Pinehurst	42.5335	-71.2335
MA	Pittsfield	42.4518	-73.2607
MA	Plymouth	41.9583	-70.6638
MA	Pocasset	41.687	-70.6496
MA	Popponesset	41.5736	-70.4634
MA	Popponesset Island	41.5839	-70.4601
MA	Provincetown	42.0565	-70.1785
MA	Quincy	42.261	-71.009
MA	Randolph Town	42.179	-71.0527
MA	Raynham Center	41.9305	-71.0462
MA	Reading	42.5352	-71.1054
MA	Revere	42.421	-70.9904
MA	Rockport	42.6407	-70.6202
MA	Rowley	42.718	-70.8669
MA	Russell	42.2039	-72.8619
MA	Rutland	42.3715	-71.9577
MA	Sagamore	41.7828	-70.5321
MA	Salem	42.4992	-70.8982
MA	Salisbury	42.8311	-70.8471
MA	Sandwich	41.7571	-70.498
MA	Saugus	42.4684	-71.0139
MA	Scituate	42.1803	-70.7344
MA	Seabrook	41.5854	-70.498
MA	Seconsett Island	41.5668	-70.5122
MA	Sharon	42.1175	-71.186
MA	Shelburne Falls	42.6095	-72.747
MA	Shirley	42.5365	-71.6674
MA	Siasconset	41.2653	-69.973
MA	Smith Mills	41.6467	-70.9984
MA	Somerset	41.7385	-71.1651
MA	Somerville	42.3904	-71.101
MA	South Ashburnham	42.6211	-71.9434
MA	South Deerfield	42.4814	-72.5898
MA	South Dennis	41.7041	-70.1507
MA	South Duxbury	42.0181	-70.6897
MA	South Lancaster	42.437	-71.6971
MA	South Yarmouth	41.6671	-70.2008
MA	Southbridge Town	42.0597	-72.0339
MA	Spencer	42.2486	-71.9931
MA	Springfield	42.1155	-72.54
MA	Stoneham	42.4742	-71.0977
MA	Sturbridge	42.0971	-72.055
MA	Swampscott	42.4681	-70.8913
MA	Taunton	41.9033	-71.095
MA	Teaticket	41.5626	-70.5873
MA	The Pinehills	41.8958	-70.5949
MA	Topsfield	42.6394	-70.9553
MA	Townsend	42.6767	-71.7098
MA	Turners Falls	42.5967	-72.5565
MA	Upton	42.1821	-71.6108
MA	Vineyard Haven	41.4572	-70.6075
MA	Wakefield	42.5044	-71.0641
MA	Walpole	42.1339	-71.2403
MA	Waltham	42.3889	-71.2423
MA	Ware	42.2501	-72.2477
MA	Wareham Center	41.7475	-70.7201
MA	Warren	42.2183	-72.1856
MA	Watertown Town	42.3695	-71.1779
MA	Webster	42.0463	-71.8745
MA	Wellesley	42.3059	-71.2829
MA	West Brookfield	42.2419	-72.1469
MA	West Chatham	41.681	-69.9926
MA	West Concord	42.4519	-71.4032
MA	West Dennis	41.6667	-70.1659
MA	West Falmouth	41.6015	-70.6393
MA	West Springfield Town	42.1255	-72.6497
MA	West Wareham	41.7917	-70.7579
MA	West Warren	42.2193	-72.2312
MA	West Yarmouth	41.6472	-70.25
MA	Westborough	42.2674	-71.6175
MA	Westfield	42.1388	-72.7559
MA	Weweantic	41.7476	-70.74
MA	Weymouth Town	42.2073	-70.9437
MA	White Island Shores	41.7978	-70.6372
MA	Whitinsville	42.1188	-71.6725
MA	Wilbraham	42.1321	-72.4382
MA	Williamstown	42.7089	-73.2014
MA	Wilmington	42.5646	-71.1645
MA	Winchendon	42.6804	-72.042
MA	Winchester	42.4528	-71.1443
MA	Winthrop Town	42.3755	-70.9706
MA	Woburn	42.4887	-71.1544
MA	Woods Hole	41.5287	-70.6665
MA	Worcester	42.2695	-71.8078
MA	Yarmouth Port	41.7071	-70.2209
MD	Aberdeen	39.5164	-76.1745
MD	Aberdeen Proving Ground	39.4542	-76.1335
MD	Abingdon	39.4635	-76.2731
MD	Accident	39.6257	-79.32
MD	Accokeek	38.6765	-77.0005
MD	Adamstown	39.307	-77.4693
MD	Adelphi	38.9971	-76.9668
MD	Algonquin	38.5899	-76.0916
MD	Allen	38.2884	-75.6931
MD	Andrews AFB	38.8098	-76.8692
MD	Annapolis	38.9722	-76.5053
MD	Annapolis Neck	38.9366	-76.4981
MD	Antietam	39.4151	-77.7365
MD	Aquasco	38.5915	-76.6971
MD	Arbutus	39.2427	-76.6921
MD	Arden on the Severn	39.0677	-76.5965
MD	Arnold	39.0432	-76.505
MD	Ashton-Sandy Spring	39.1487	-76.9991
MD	Aspen Hill	39.0936	-77.082
MD	Baden	38.6695	-76.7442
MD	Bagtown	39.583	-77.6139
MD	Bakersville	39.5148	-77.757
MD	Ballenger Creek	39.3811	-77.4202
MD	Baltimore	39.3	-76.6105
MD	Baltimore Highlands	39.2359	-76.6374
MD	Barclay	39.1465	-75.8644
MD	Barnesville	39.2239	-77.3761
MD	Barrelville	39.7027	-78.8425
MD	Barton	39.5323	-79.0168
MD	Bartonsville	39.3888	-77.353
MD	Beaver Creek	39.5815	-77.6513
MD	Bel Air	39.5349	-76.3463
MD	Bel Air North	39.5534	-76.3729
MD	Bel Air South	39.5081	-76.3094
MD	Beltsville	39.0399	-76.9204
MD	Benedict	38.5115	-76.6797
MD	Bensville	38.613	-77.0047
MD	Berlin	38.3315	-75.2154
MD	Berwyn Heights	38.9929	-76.9135
MD	Bethesda	38.9873	-77.1186
MD	Betterton	39.3671	-76.0725
MD	Bier	39.5551	-78.8711
MD	Big Pool	39.6251	-78.0162
MD	Big Spring	39.6259	-77.9396
MD	Bishopville	38.4386	-75.2095
MD	Bivalve	38.3062	-75.8806
MD	Bladensburg	38.9424	-76.9259
MD	Bloomington	39.4813	-79.0785
MD	Boonsboro	39.5106	-77.6647
MD	Bowie	38.9547	-76.7388
MD	Bowleys Quarters	39.3128	-76.3823
MD	Bowling Green	39.6271	-78.805
MD	Bowmans Addition	39.6863	-78.755
MD	Braddock Heights	39.4095	-77.4936
MD	Brandywine	38.6821	-76.8853
MD	Breathedsville	39.546	-77.7245
MD	Brentwood	38.9439	-76.957
MD	Brock Hall	38.8559	-76.7424
MD	Brookeville	39.1825	-77.0597
MD	Brooklyn Park	39.2195	-76.6209
MD	Brookmont	38.9538	-77.129
MD	Brookview	38.574	-75.793
MD	Broomes Island	38.4114	-76.5488
MD	Brown Station	38.8553	-76.7971
MD	Brownsville	39.3782	-77.6616
MD	Brunswick	39.318	-77.6253
MD	Bryans Road	38.6044	-77.0923
MD	Bryantown	38.5488	-76.8422
MD	Buckeystown	39.3241	-77.4281
MD	Burkittsville	39.3935	-77.6278
MD	Burnt Mills	39.034	-76.9983
MD	Burtonsville	39.1209	-76.9367
MD	Butlertown	39.2822	-76.0992
MD	Cabin John	38.974	-77.1638
MD	California	38.2976	-76.4921
MD	Callaway	38.2339	-76.5289
MD	Calvert Beach	38.4728	-76.4897
MD	Calverton	39.0581	-76.9508
MD	Cambridge	38.5541	-76.0771
MD	Camp Springs	38.8051	-76.9186
MD	Cape St. Claire	39.0436	-76.4453
MD	Capitol Heights	38.8767	-76.9076
MD	Carlos	39.6237	-78.9567
MD	Carney	39.4049	-76.5227
MD	Catonsville	39.2645	-76.7417
MD	Cavetown	39.6427	-77.5932
MD	Cearfoss	39.6991	-77.7763
MD	Cecilton	39.4048	-75.8674
MD	Cedar Heights	38.9037	-76.9059
MD	Cedarville	38.6569	-76.822
MD	Centreville	39.0423	-76.0625
MD	Chance	38.178	-75.9388
MD	Charlestown	39.5821	-75.9867
MD	Charlotte Hall	38.4682	-76.7826
MD	Charlton	39.6344	-77.8944
MD	Chesapeake Beach	38.6895	-76.5544
MD	Chesapeake City	39.5272	-75.8117
MD	Chesapeake Landing	39.2693	-76.1572
MD	Chesapeake Ranch Estates	38.3576	-76.4174
MD	Chester	38.9601	-76.2876
MD	Chestertown	39.2204	-76.0705
MD	Cheverly	38.9259	-76.9135
MD	Chevy Chase	38.9925	-77.0749
MD	Chevy Chase Section Five	38.984	-77.074
MD	Chevy Chase Section Three	38.9793	-77.0742
MD	Chevy Chase View	39.0192	-77.0811
MD	Chevy Chase Village	38.9698	-77.0793
MD	Chewsville	39.6484	-77.6312
MD	Chillum	38.9667	-76.9789
MD	Choptank	38.6823	-75.9494
MD	Church Creek	38.5049	-76.154
MD	Church Hill	39.145	-75.9808
MD	Clarksburg	39.2229	-77.2661
MD	Clarysville	39.642	-78.8889
MD	Clear Spring	39.6561	-77.9304
MD	Clinton	38.7509	-76.9027
MD	Cloverly	39.1039	-76.9948
MD	Cobb Island	38.2637	-76.849
MD	Cockeysville	39.478	-76.6308
MD	Colesville	39.0728	-77.0006
MD	College Park	38.9963	-76.9356
MD	Colmar Manor	38.9268	-76.9438
MD	Columbia	39.2011	-76.859
MD	Coral Hills	38.8723	-76.921
MD	Cordova	38.868	-75.9989
MD	Corriganville	39.6946	-78.7973
MD	Cottage City	38.9384	-76.9494
MD	Crellin	39.3886	-79.4685
MD	Cresaptown	39.5935	-78.835
MD	Crisfield	37.9755	-75.8545
MD	Crofton	39.0144	-76.68
MD	Croom	38.7398	-76.7552
MD	Crownsville	39.0225	-76.5904
MD	Crumpton	39.2332	-75.922
MD	Cumberland	39.6519	-78.7584
MD	Damascus	39.271	-77.1968
MD	Dames Quarter	38.1729	-75.89
MD	Danville	39.5102	-78.9175
MD	Dargan	39.3767	-77.734
MD	Darlington	39.6424	-76.2035
MD	Darnestown	39.0887	-77.3118
MD	Dawson	39.4771	-78.9452
MD	Deal Island	38.1528	-75.94
MD	Deale	38.7861	-76.5407
MD	Deer Park	39.424	-79.326
MD	Delmar	38.4421	-75.5604
MD	Denton	38.8794	-75.8245
MD	Derwood	39.1141	-77.1502
MD	Detmold	39.5574	-78.9911
MD	District Heights	38.8589	-76.8884
MD	Downsville	39.5548	-77.8016
MD	Drum Point	38.3304	-76.436
MD	Dundalk	39.2668	-76.4965
MD	Dunkirk	38.7182	-76.6768
MD	Eagle Harbor	38.5665	-76.6871
MD	Eakles Mill	39.4671	-77.686
MD	East New Market	38.597	-75.9231
MD	East Riverdale	38.9598	-76.911
MD	Easton	38.7763	-76.0705
MD	Eckhart Mines	39.6552	-78.8941
MD	Eden	38.2782	-75.6548
MD	Edesville	39.1539	-76.2072
MD	Edgemere	39.2207	-76.4564
MD	Edgemont	39.6766	-77.5469
MD	Edgewater	38.9397	-76.5514
MD	Edgewood	39.4203	-76.2968
MD	Edmonston	38.95	-76.9322
MD	Eldersburg	39.4042	-76.9526
MD	Eldorado	38.583	-75.7903
MD	Elkridge	39.1955	-76.7411
MD	Elkton	39.6058	-75.8217
MD	Ellerslie	39.7137	-78.7762
MD	Ellicott City	39.2767	-76.834
MD	Elliott	38.3081	-76.0107
MD	Emmitsburg	39.7052	-77.3213
MD	Ernstville	39.6304	-78.024
MD	Essex	39.3014	-76.4444
MD	Fairland	39.0808	-76.9525
MD	Fairlee	39.2259	-76.1663
MD	Fairmount	38.1098	-75.8206
MD	Fairmount Heights	38.9016	-76.9153
MD	Fairplay	39.5357	-77.7463
MD	Fairview	39.7111	-77.8406
MD	Fairwood	38.9547	-76.7765
MD	Fallston	39.5338	-76.4385
MD	Federalsburg	38.6923	-75.7725
MD	Ferndale	39.187	-76.6331
MD	Finzel	39.7017	-78.952
MD	Fishing Creek	38.337	-76.2217
MD	Flintstone	39.7035	-78.5758
MD	Flower Hill	39.1684	-77.1844
MD	Forest Glen	39.0189	-77.0451
MD	Forest Heights	38.8038	-77.0117
MD	Forestville	38.8517	-76.8708
MD	Fort Meade	39.1057	-76.7433
MD	Fort Ritchie	39.7037	-77.5064
MD	Fort Washington	38.7319	-77.0087
MD	Fountainhead-Orchard Hills	39.6878	-77.7173
MD	Four Corners	39.0233	-77.0102
MD	Franklin	39.4989	-79.0516
MD	Frederick	39.4341	-77.4145
MD	Frenchtown-Rumbly	38.0744	-75.8533
MD	Friendly	38.7603	-76.967
MD	Friendship	38.7358	-76.5878
MD	Friendship Heights Village	38.9633	-77.0898
MD	Friendsville	39.6624	-79.4044
MD	Frostburg	39.6505	-78.9268
MD	Fruitland	38.3204	-75.6265
MD	Fulton	39.1531	-76.9116
MD	Funkstown	39.6067	-77.7051
MD	Gaithersburg	39.1486	-77.1951
MD	Galena	39.3426	-75.8787
MD	Galestown	38.5626	-75.7158
MD	Galesville	38.8408	-76.5544
MD	Gambrills	39.0927	-76.651
MD	Gapland	39.402	-77.6583
MD	Garrett Park	39.0361	-77.0935
MD	Garretts Mill	39.3533	-77.6889
MD	Garrison	39.4023	-76.7518
MD	Georgetown	39.2216	-76.1918
MD	Germantown	39.1743	-77.2638
MD	Gilmore	39.5833	-78.9511
MD	Girdletree	38.0989	-75.4003
MD	Glassmanor	38.8181	-76.9832
MD	Glen Burnie	39.1563	-76.607
MD	Glen Echo	38.9682	-77.1411
MD	Glenarden	38.9293	-76.8577
MD	Glenmont	39.0704	-77.0466
MD	Glenn Dale	38.9844	-76.8003
MD	Golden Beach	38.4897	-76.7007
MD	Goldsboro	39.03	-75.781
MD	Gorman	39.2927	-79.3528
MD	Graceham	39.6174	-77.387
MD	Grahamtown	39.6449	-78.9223
MD	Grantsville	39.6969	-79.1528
MD	Grasonville	38.9575	-76.1978
MD	Green Valley	39.3418	-77.2403
MD	Greenbelt	38.9947	-76.8854
MD	Greensboro	38.9764	-75.8081
MD	Greensburg	39.6808	-77.5615
MD	Hagerstown	39.6402	-77.7227
MD	Halfway	39.6157	-77.7711
MD	Hampstead	39.6146	-76.8548
MD	Hampton	39.4248	-76.5665
MD	Hancock	39.7046	-78.1633
MD	Havre de Grace	39.5466	-76.1136
MD	Hebron	38.4243	-75.6871
MD	Henderson	39.0749	-75.7661
MD	Herald Harbor	39.0513	-76.5749
MD	Highfield-Cascade	39.7136	-77.4946
MD	Highland	39.1872	-76.9567
MD	Highland Beach	38.9311	-76.467
MD	Hillandale	39.0263	-76.9752
MD	Hillcrest Heights	38.8365	-76.9706
MD	Hillsboro	38.917	-75.9418
MD	Honeygo	39.405	-76.43
MD	Hughesville	38.5374	-76.7728
MD	Huntingtown	38.6123	-76.6215
MD	Hurlock	38.6257	-75.8672
MD	Hutton	39.4145	-79.48
MD	Hyattsville	38.9612	-76.9549
MD	Ilchester	39.2161	-76.7621
MD	Indian Head	38.5986	-77.1557
MD	Indian Springs	39.6456	-78.0074
MD	Jarrettsville	39.6007	-76.4724
MD	Jefferson	39.3653	-77.5407
MD	Jennings	39.6487	-79.1835
MD	Jessup	39.1491	-76.7764
MD	Jesterville	38.2905	-75.8899
MD	Joppatowne	39.4166	-76.3522
MD	Jugtown	39.6143	-77.5943
MD	Keedysville	39.4863	-77.6976
MD	Kemp Mill	39.0411	-77.022
MD	Kemps Mill	39.6269	-77.8139
MD	Kennedyville	39.3032	-75.9942
MD	Kensington	39.0268	-77.0737
MD	Kent Narrows	38.9765	-76.2434
MD	Kettering	38.8897	-76.7903
MD	Kingstown	39.2076	-76.0439
MD	Kingsville	39.4519	-76.4303
MD	Kitzmiller	39.3892	-79.1833
MD	Klondike	39.6102	-78.9631
MD	Konterra	39.0808	-76.8996
MD	La Plata	38.5435	-76.9698
MD	La Vale	39.6716	-78.8268
MD	Lake Arbor	38.9096	-76.8302
MD	Lake Shore	39.092	-76.4896
MD	Landover	38.9244	-76.8876
MD	Landover Hills	38.9425	-76.8945
MD	Langley Park	38.9895	-76.9807
MD	Lanham	38.9621	-76.8392
MD	Lansdowne	39.2356	-76.6646
MD	Largo	38.8803	-76.8293
MD	Laurel	39.0951	-76.8612
MD	Layhill	39.0897	-77.04
MD	Laytonsville	39.2087	-77.1353
MD	Leisure World	39.1041	-77.0689
MD	Leitersburg	39.6928	-77.6206
MD	Leonardtown	38.3039	-76.6397
MD	Lewistown	39.5402	-77.4206
MD	Lexington Park	38.2494	-76.4436
MD	Libertytown	39.4891	-77.2569
MD	Linganore	39.4137	-77.3012
MD	Linthicum	39.2096	-76.6647
MD	Lisbon	39.3366	-77.0705
MD	Little Orleans	39.6305	-78.3958
MD	Loch Lynn Heights	39.3918	-79.3727
MD	Lochearn	39.3479	-76.7272
MD	Lonaconing	39.5656	-78.9788
MD	Long Beach	38.4588	-76.4736
MD	Luke	39.4788	-79.0589
MD	Lusby	38.3624	-76.4379
MD	Lutherville	39.424	-76.6177
MD	Madison	38.5089	-76.2042
MD	Manchester	39.6532	-76.8867
MD	Mapleville	39.5357	-77.6462
MD	Mardela Springs	38.4595	-75.7571
MD	Marlboro Meadows	38.8419	-76.712
MD	Marlboro Village	38.8349	-76.7688
MD	Marlow Heights	38.8211	-76.9443
MD	Marlton	38.7611	-76.7865
MD	Martin's Additions	38.9796	-77.0692
MD	Marydel	39.1131	-75.7495
MD	Maryland City	39.1016	-76.8052
MD	Maryland Park	38.889	-76.9076
MD	Maugansville	39.6937	-77.7472
MD	Mayo	38.9044	-76.5128
MD	Mays Chapel	39.4425	-76.6586
MD	McCoole	39.4534	-78.9731
MD	Mechanicsville	38.4274	-76.7466
MD	Melwood	38.8019	-76.8416
MD	Mercersville	39.4992	-77.7658
MD	Middle River	39.3395	-76.4287
MD	Middleburg	39.7177	-77.7239
MD	Middletown	39.4413	-77.5352
MD	Midland	39.5896	-78.9487
MD	Midlothian	39.6319	-78.9515
MD	Milford Mill	39.348	-76.7694
MD	Millington	39.2616	-75.8426
MD	Mitchellville	38.9364	-76.8082
MD	Monrovia	39.3595	-77.2749
MD	Montgomery Village	39.1885	-77.2051
MD	Morningside	38.8266	-76.8896
MD	Moscow	39.5383	-79.0097
MD	Mount Aetna	39.5989	-77.6128
MD	Mount Airy	39.3747	-77.1538
MD	Mount Briar	39.4426	-77.6873
MD	Mount Lena	39.554	-77.6219
MD	Mount Rainier	38.9424	-76.9646
MD	Mount Savage	39.6967	-78.8768
MD	Mount Vernon	38.2396	-75.7853
MD	Mountain Lake Park	39.4	-79.3811
MD	Myersville	39.5102	-77.5714
MD	Nanticoke	38.2655	-75.887
MD	Nanticoke Acres	38.2579	-75.9058
MD	National	39.6119	-78.9404
MD	National Harbor	38.7832	-77.0081
MD	Naval Academy	38.9848	-76.4826
MD	New Carrollton	38.9656	-76.8775
MD	New Market	39.3914	-77.2734
MD	New Windsor	39.5429	-77.0992
MD	Newark	38.2681	-75.2886
MD	Nikep	39.5516	-78.9977
MD	North Beach	38.7077	-76.5345
MD	North Bethesda	39.0368	-77.1203
MD	North Brentwood	38.9448	-76.9507
MD	North Chevy Chase	39.0021	-77.0741
MD	North East	39.608	-75.9417
MD	North Kensington	39.0392	-77.0716
MD	North Laurel	39.1288	-76.8466
MD	North Potomac	39.0968	-77.2385
MD	Oakland	39.4171	-79.4024
MD	Ocean	39.6015	-78.945
MD	Ocean City	38.3931	-75.0712
MD	Ocean Pines	38.3848	-75.148
MD	Odenton	39.0661	-76.6938
MD	Oldtown	39.545	-78.6147
MD	Olney	39.1443	-77.0714
MD	Overlea	39.3641	-76.5175
MD	Owings	38.7119	-76.6037
MD	Owings Mills	39.4105	-76.7894
MD	Oxford	38.6874	-76.1682
MD	Oxon Hill	38.7888	-76.9719
MD	Paramount-Long Meadow	39.6798	-77.6921
MD	Parkville	39.3832	-76.5519
MD	Parole	38.9879	-76.5527
MD	Parsonsburg	38.3917	-75.4796
MD	Pasadena	39.1557	-76.5598
MD	Pecktonville	39.666	-78.0482
MD	Peppermill Village	38.894	-76.8877
MD	Perry Hall	39.4067	-76.4778
MD	Perryman	39.4647	-76.2159
MD	Perryville	39.573	-76.0649
MD	Pikesville	39.3918	-76.6996
MD	Pinesburg	39.6269	-77.8561
MD	Piney Point	38.1479	-76.5223
MD	Pittsville	38.394	-75.4072
MD	Pleasant Grove	39.6802	-78.6905
MD	Pleasant Hills	39.4862	-76.3939
MD	Pocomoke City	38.0632	-75.5592
MD	Point of Rocks	39.2782	-77.5291
MD	Pomfret	38.5699	-77.0304
MD	Pondsville	39.6234	-77.5916
MD	Poolesville	39.1418	-77.4105
MD	Port Deposit	39.6106	-76.0981
MD	Port Tobacco Village	38.5123	-77.0205
MD	Potomac	39.0133	-77.1936
MD	Potomac Heights	38.5982	-77.1323
MD	Potomac Park	39.6126	-78.8083
MD	Powellville	38.3301	-75.3747
MD	Preston	38.7102	-75.9075
MD	Prince Frederick	38.5438	-76.5879
MD	Princess Anne	38.2051	-75.6964
MD	Pylesville	39.6879	-76.3884
MD	Quantico	38.38	-75.755
MD	Queen Anne	38.9065	-76.7063
MD	Queensland	38.7952	-76.7956
MD	Queenstown	38.9867	-76.1633
MD	Randallstown	39.3719	-76.8019
MD	Rawlings	39.5392	-78.8868
MD	Redland	39.1329	-77.1454
MD	Reid	39.7125	-77.6793
MD	Reisterstown	39.4541	-76.816
MD	Ridgely	38.9529	-75.8827
MD	Ringgold	39.7092	-77.5689
MD	Rising Sun	39.7014	-76.0602
MD	Riva	38.9452	-76.5899
MD	Riverdale Park	38.9667	-76.9271
MD	Riverside	39.4807	-76.2419
MD	Riviera Beach	39.1645	-76.5274
MD	Robinwood	39.6265	-77.6627
MD	Rock Hall	39.1379	-76.2395
MD	Rock Point	38.2755	-76.8427
MD	Rockville	39.0837	-77.1556
MD	Rohrersville	39.4349	-77.6655
MD	Romancoke	38.8918	-76.3608
MD	Rosaryville	38.7676	-76.8281
MD	Rosedale	39.3272	-76.5084
MD	Rosemont	39.3337	-77.6228
MD	Rossville	39.3566	-76.4779
MD	Sabillasville	39.6994	-77.4573
MD	Salisbury	38.3753	-75.5859
MD	San Mar	39.5522	-77.6409
MD	Sandy Hook	39.3285	-77.7051
MD	Savage	39.1465	-76.8216
MD	Scaggsville	39.1407	-76.8826
MD	Seabrook	38.9821	-76.8511
MD	Seat Pleasant	38.8947	-76.8995
MD	Secretary	38.6082	-75.947
MD	Severn	39.1355	-76.6956
MD	Severna Park	39.0866	-76.5649
MD	Shady Side	38.829	-76.5196
MD	Shaft	39.6223	-78.9429
MD	Sharpsburg	39.4576	-77.7493
MD	Sharptown	38.5382	-75.7189
MD	Silver Hill	38.8398	-76.9386
MD	Silver Spring	39.0024	-77.0208
MD	Smith Island	37.9772	-76.0288
MD	Smithsburg	39.6547	-77.5799
MD	Snow Hill	38.1725	-75.3904
MD	Solomons	38.3391	-76.4619
MD	Somerset	38.9666	-77.0963
MD	South Kensington	39.0161	-77.0663
MD	South Laurel	39.0615	-76.8462
MD	Spencerville	39.12	-76.9835
MD	Spring Gap	39.5653	-78.7053
MD	Spring Ridge	39.405	-77.3399
MD	Springdale	38.9358	-76.8442
MD	St. George Island	38.1155	-76.477
MD	St. James	39.5738	-77.7482
MD	St. Leonard	38.4674	-76.4986
MD	St. Michaels	38.7885	-76.2226
MD	Stevensville	38.9744	-76.3185
MD	Still Pond	39.326	-76.0424
MD	Stockton	38.0654	-75.4084
MD	Sudlersville	39.1833	-75.8535
MD	Suitland	38.8486	-76.9225
MD	Summerfield	38.9045	-76.8683
MD	Swanton	39.4599	-79.2327
MD	Sykesville	39.3721	-76.9717
MD	Takoma Park	38.9803	-77.0023
MD	Tall Timbers	38.1698	-76.5393
MD	Taneytown	39.6575	-77.169
MD	Taylors Island	38.4711	-76.316
MD	Temple Hills	38.8105	-76.9495
MD	Templeville	39.1364	-75.7668
MD	Ten Mile Creek	39.2294	-77.2982
MD	Thurmont	39.62	-77.4077
MD	Tilghman Island	38.7032	-76.3363
MD	Tilghmanton	39.5286	-77.7437
MD	Timonium	39.4457	-76.6008
MD	Tolchester	39.218	-76.2321
MD	Towson	39.3942	-76.6178
MD	Trappe	38.6635	-76.0519
MD	Travilah	39.0593	-77.2506
MD	Trego-Rohrersville Station	39.4291	-77.6749
MD	Tyaskin	38.3204	-75.8726
MD	Union Bridge	39.571	-77.1728
MD	University Park	38.9719	-76.9444
MD	Upper Marlboro	38.8165	-76.7537
MD	Urbana	39.3258	-77.3415
MD	Vale Summit	39.6152	-78.9084
MD	Vienna	38.4811	-75.8318
MD	Waldorf	38.6092	-76.9198
MD	Walker Mill	38.8756	-76.8854
MD	Walkersville	39.4743	-77.3634
MD	Washington Grove	39.1407	-77.1745
MD	Waterview	38.2487	-75.9
MD	West Denton	38.8896	-75.8388
MD	West Laurel	39.1157	-76.8923
MD	West Ocean City	38.3473	-75.1112
MD	West Pocomoke	38.0965	-75.5792
MD	Westernport	39.4875	-79.0421
MD	Westminster	39.5797	-77.0084
MD	Westphalia	38.8401	-76.824
MD	Whaleyville	38.387	-75.2975
MD	Wheaton	39.0495	-77.0582
MD	White Marsh	39.3815	-76.4584
MD	White Oak	39.0442	-76.9873
MD	Whitehaven	38.2698	-75.7947
MD	Wildewood	38.3035	-76.5471
MD	Willards	38.3924	-75.3494
MD	Williamsport	39.5973	-77.818
MD	Williston	38.8303	-75.8515
MD	Wilson-Conococheague	39.6512	-77.8271
MD	Woodland	39.6083	-78.9501
MD	Woodlawn	39.3055	-76.7478
MD	Woodmore	38.9234	-76.7779
MD	Woodsboro	39.534	-77.3099
MD	Worton	39.2707	-76.0918
MD	Yarrowsburg	39.3762	-77.6843
MD	Zihlman	39.674	-78.9131
ME	Alfred	43.4786	-70.7271
ME	Anson	44.7967	-69.9002
ME	Ashland	46.6169	-68.3928
ME	Auburn	44.0845	-70.2496
ME	Augusta	44.3349	-69.7342
ME	Bangor	44.8296	-68.7888
ME	Bar Harbor	44.3813	-68.2111
ME	Bath	43.9325	-69.8472
ME	Belfast	44.4259	-69.0264
ME	Berwick	43.27	-70.8624
ME	Bethel	44.4038	-70.7864
ME	Biddeford	43.4387	-70.3929
ME	Bingham	45.0581	-69.8731
ME	Blaine	46.499	-67.8688
ME	Blue Hill	44.3987	-68.581
ME	Boothbay Harbor	43.8556	-69.6233
ME	Bowdoinham	44.0212	-69.9013
ME	Bradley	44.9118	-68.6215
ME	Brewer	44.7845	-68.7346
ME	Bridgton	44.0765	-70.7155
ME	Brownville Junction	45.3487	-69.0561
ME	Brunswick	43.8875	-69.9426
ME	Bucksport	44.5884	-68.7986
ME	Calais	45.143	-67.2175
ME	Camden	44.2138	-69.0685
ME	Cape Neddick	43.172	-70.6237
ME	Caribou	46.8365	-67.9361
ME	Casco	44.0017	-70.5328
ME	Castine	44.394	-68.806
ME	Chisholm	44.4929	-70.1926
ME	Clinton	44.6446	-69.4887
ME	Corinna	44.9227	-69.2659
ME	Cornish	43.8001	-70.7951
ME	Cousins Island	43.7668	-70.143
ME	Cumberland Center	43.7947	-70.2441
ME	Damariscotta	44.0172	-69.5202
ME	Danforth	45.6596	-67.8683
ME	Dexter	45.0162	-69.2947
ME	Dixfield	44.538	-70.446
ME	Dover-Foxcroft	45.2051	-69.2232
ME	Dunstan	43.5691	-70.3862
ME	Eagle Lake	47.0344	-68.589
ME	East Millinocket	45.6271	-68.5738
ME	Eastport	44.9109	-67.0092
ME	Ellsworth	44.5829	-68.4801
ME	Fairfield	44.5903	-69.6052
ME	Falmouth	43.716	-70.2311
ME	Falmouth Foreside	43.7323	-70.218
ME	Farmingdale	44.251	-69.7835
ME	Farmington	44.6684	-70.144
ME	Fort Fairfield	46.7671	-67.8319
ME	Fort Kent	47.2517	-68.5872
ME	Freeport	43.8571	-70.1026
ME	Fryeburg	44.0201	-70.972
ME	Gardiner	44.1951	-69.7938
ME	Gorham	43.6932	-70.435
ME	Grand Isle	47.3074	-68.1587
ME	Gray	43.8864	-70.3241
ME	Greene	44.1898	-70.1451
ME	Greenville	45.4661	-69.5779
ME	Guilford	45.1786	-69.395
ME	Hallowell	44.2872	-69.818
ME	Hampden	44.7476	-68.8399
ME	Hartland	44.8856	-69.4692
ME	Houlton	46.1214	-67.8322
ME	Howland	45.2696	-68.6581
ME	Island Falls	46.0087	-68.2639
ME	Jonesport	44.5354	-67.6076
ME	Kennebunk	43.3841	-70.5442
ME	Kennebunkport	43.3632	-70.4603
ME	Kezar Falls	43.8071	-70.8753
ME	Kingfield	44.9545	-70.1645
ME	Kittery	43.09	-70.7383
ME	Kittery Point	43.0938	-70.691
ME	Lake Arrowhead	43.6617	-70.742
ME	Lewiston	44.0895	-70.1721
ME	Limestone	46.9112	-67.8308
ME	Lincoln	45.3627	-68.5017
ME	Lisbon	44.0297	-70.1075
ME	Lisbon Falls	44.0086	-70.0576
ME	Little Falls	43.7354	-70.4354
ME	Littlejohn Island	43.7607	-70.1266
ME	Livermore Falls	44.4726	-70.1808
ME	Lubec	44.8551	-66.9899
ME	Machias	44.7006	-67.4786
ME	Madawaska	47.3424	-68.3334
ME	Madison	44.8078	-69.8504
ME	Mapleton	46.6808	-68.1512
ME	Mars Hill	46.5192	-67.8697
ME	Mattawamkeag	45.5177	-68.3517
ME	Mechanic Falls	44.1117	-70.3941
ME	Mexico	44.5569	-70.5337
ME	Milbridge	44.5292	-67.8949
ME	Milford	44.9574	-68.6309
ME	Millinocket	45.6592	-68.6981
ME	Milo	45.2483	-68.9506
ME	Naples	43.9606	-70.6023
ME	Newcastle	44.0486	-69.5333
ME	Newport	44.8364	-69.2548
ME	Norridgewock	44.7228	-69.7631
ME	North Anson	44.8639	-69.899
ME	North Berwick	43.2962	-70.731
ME	North Windham	43.8263	-70.4313
ME	Northeast Harbor	44.2902	-68.2909
ME	Norway	44.2308	-70.5634
ME	Oak Hill	43.5964	-70.3409
ME	Oakfield	46.102	-68.1516
ME	Oakland	44.5525	-69.7061
ME	Old Orchard Beach	43.5338	-70.3568
ME	Old Town	44.9542	-68.7397
ME	Orono	44.8783	-68.6881
ME	Oxford	44.1449	-70.5239
ME	Patten	46.0043	-68.4428
ME	Pittsfield	44.7633	-69.3727
ME	Portland	43.6332	-70.1853
ME	Presque Isle	46.689	-67.9919
ME	Randolph	44.2373	-69.7512
ME	Rangeley	44.9659	-70.6521
ME	Richmond	44.099	-69.8096
ME	Rockland	44.1239	-69.1305
ME	Rumford	44.5448	-70.5602
ME	Sabattus	44.1201	-70.1038
ME	Saco	43.528	-70.4196
ME	Sanford	43.4241	-70.7579
ME	Searsport	44.475	-68.9156
ME	Skowhegan	44.7781	-69.7122
ME	South Berwick	43.23	-70.7981
ME	South Eliot	43.1351	-70.7932
ME	South Paris	44.2178	-70.513
ME	South Portland	43.6314	-70.286
ME	South Windham	43.7388	-70.4219
ME	Southwest Harbor	44.2784	-68.3286
ME	Standish	43.7353	-70.5525
ME	Steep Falls	43.7912	-70.6139
ME	Thomaston	44.0819	-69.1795
ME	Topsham	43.9474	-69.9317
ME	Turner	44.2578	-70.2579
ME	Unity	44.6187	-69.3446
ME	Van Buren	47.167	-67.9489
ME	Vanceboro	45.5672	-67.4292
ME	Veazie	44.8474	-68.7142
ME	Waldoboro	44.0933	-69.3784
ME	Washburn	46.7884	-68.1396
ME	Waterville	44.5453	-69.6614
ME	West Kennebunk	43.4142	-70.581
ME	Westbrook	43.7079	-70.3526
ME	Wilton	44.5943	-70.2375
ME	Winslow	44.5534	-69.6085
ME	Winter Harbor	44.3928	-68.0917
ME	Winterport	44.6481	-68.8613
ME	Winthrop	44.3234	-69.9508
ME	Wiscasset	44.0108	-69.678
ME	Woodland	45.1582	-67.4097
ME	Yarmouth	43.8038	-70.1886
ME	York Harbor	43.143	-70.6475
MI	Addison	41.9859	-84.3491
MI	Adrian	41.8988	-84.0448
MI	Advance	45.2177	-85.0786
MI	Ahmeek	47.2984	-88.3971
MI	Akron	43.5667	-83.5143
MI	Alanson	45.4425	-84.7869
MI	Alba	44.9786	-84.9695
MI	Albion	42.2479	-84.7592
MI	Alden	44.8792	-85.273
MI	Algonac	42.6209	-82.5339
MI	Allegan	42.5311	-85.8392
MI	Allen	41.958	-84.7684
MI	Allen Park	42.2595	-83.2104
MI	Allendale	42.982	-85.9441
MI	Alma	43.3803	-84.6544
MI	Almont	42.9208	-83.0435
MI	Alpena	45.0745	-83.4436
MI	Alpha	46.044	-88.3784
MI	Amasa	46.2288	-88.4582
MI	Ann Arbor	42.2761	-83.7309
MI	Applegate	43.3595	-82.6392
MI	Arcadia	44.4927	-86.2365
MI	Argentine	42.7903	-83.838
MI	Armada	42.8421	-82.8811
MI	Ashley	43.1869	-84.476
MI	Athens	42.0874	-85.2362
MI	Atlanta	45.0042	-84.1548
MI	Atlantic Mine	47.1037	-88.6281
MI	Attica	43.0244	-83.161
MI	Au Gres	44.0442	-83.6934
MI	Au Sable	44.4126	-83.339
MI	Auburn	43.602	-84.0751
MI	Auburn Hills	42.6747	-83.2436
MI	Augusta	42.3377	-85.3525
MI	Bad Axe	43.8049	-82.9983
MI	Baldwin	43.8976	-85.8572
MI	Bancroft	42.8766	-84.0658
MI	Bangor	42.3124	-86.1134
MI	Baraga	46.7753	-88.5012
MI	Barnes Lake	43.1828	-83.3033
MI	Baroda	41.954	-86.488
MI	Barryton	43.7514	-85.1446
MI	Barton Hills	42.3167	-83.7561
MI	Bath	42.819	-84.4544
MI	Battle Creek	42.2992	-85.2293
MI	Bay City	43.5901	-83.8884
MI	Bay Port	43.8371	-83.3689
MI	Bay Shore	45.3608	-85.1115
MI	Bay View	45.3858	-84.9292
MI	Beal City	43.6672	-84.908
MI	Bear Lake	44.7175	-84.9437
MI	Beaverton	43.8807	-84.4877
MI	Beecher	43.0905	-83.7045
MI	Beechwood	42.799	-86.1218
MI	Belding	43.0965	-85.233
MI	Bellaire	44.9699	-85.205
MI	Belleville	42.2019	-83.4828
MI	Bellevue	42.4443	-85.0187
MI	Bendon	44.6371	-85.8479
MI	Benton Harbor	42.1135	-86.4472
MI	Benton Heights	42.1222	-86.4151
MI	Benzonia	44.6161	-86.0989
MI	Bergland	46.5912	-89.5749
MI	Berkley	42.4986	-83.1853
MI	Berrien Springs	41.9473	-86.3402
MI	Bessemer	46.4776	-90.0498
MI	Beulah	44.6273	-86.0998
MI	Beverly Hills	42.5225	-83.2403
MI	Big Bay	46.8173	-87.708
MI	Big Rapids	43.6997	-85.4813
MI	Bingham Farms	42.5176	-83.278
MI	Birch Run	43.2507	-83.7917
MI	Birmingham	42.5448	-83.2166
MI	Blissfield	41.831	-83.8642
MI	Bloomfield Hills	42.5814	-83.2464
MI	Bloomingdale	42.3864	-85.9652
MI	Boon	44.2877	-85.6013
MI	Boyne City	45.213	-85.0124
MI	Boyne Falls	45.1681	-84.9135
MI	Breckenridge	43.4077	-84.4785
MI	Breedsville	42.3503	-86.0674
MI	Brethren	44.3048	-86.0167
MI	Bridgeport	43.3708	-83.882
MI	Bridgman	41.9352	-86.5671
MI	Brighton	42.5297	-83.7845
MI	Brimley	46.4073	-84.5833
MI	Britton	41.9877	-83.8305
MI	Bronson	41.8721	-85.1908
MI	Brooklyn	42.1055	-84.2488
MI	Brown City	43.2115	-82.9884
MI	Brownlee Park	42.3283	-85.1337
MI	Bruce Crossing	46.5394	-89.1779
MI	Brutus	45.4944	-84.7818
MI	Buchanan	41.8283	-86.366
MI	Buckley	44.5	-85.6744
MI	Buena Vista	43.4175	-83.9005
MI	Burlington	42.1038	-85.0775
MI	Burr Oak	41.8474	-85.3239
MI	Burt	43.2357	-83.9031
MI	Burton	43.0007	-83.6182
MI	Byron	42.8207	-83.9499
MI	Byron Center	42.8095	-85.7264
MI	Caberfae	44.2492	-85.7256
MI	Cadillac	44.2513	-85.414
MI	Caledonia	42.7947	-85.5171
MI	Calumet	47.2477	-88.4534
MI	Cambria	41.8151	-84.6606
MI	Camden	41.7549	-84.7562
MI	Canada Creek Ranch	45.1729	-84.2099
MI	Canadian Lakes	43.5806	-85.3034
MI	Cannonsburg	43.0541	-85.4743
MI	Capac	43.0039	-82.9223
MI	Carleton	42.0572	-83.3898
MI	Carney	45.5935	-87.5547
MI	Caro	43.4893	-83.4017
MI	Carp Lake	45.6969	-84.7503
MI	Carson City	43.1815	-84.8452
MI	Carsonville	43.4257	-82.673
MI	Caseville	43.9416	-83.2753
MI	Casnovia	43.232	-85.7875
MI	Caspian	46.0653	-88.6266
MI	Cass City	43.6003	-83.1765
MI	Cassopolis	41.9125	-86.0082
MI	Cedar	44.8467	-85.7941
MI	Cedar Springs	43.2204	-85.5544
MI	Cement City	42.0684	-84.3276
MI	Center Line	42.4806	-83.0274
MI	Central Lake	45.0698	-85.2632
MI	Centreville	41.9208	-85.5259
MI	Charlevoix	45.3138	-85.2556
MI	Charlotte	42.5662	-84.8318
MI	Chassell	47.0361	-88.5307
MI	Chatham	46.3441	-86.9313
MI	Cheboygan	45.6419	-84.4688
MI	Chelsea	42.3114	-84.0194
MI	Chesaning	43.1855	-84.1199
MI	Chums Corner	44.6765	-85.6582
MI	Clare	43.826	-84.7618
MI	Clarksville	42.8421	-85.2425
MI	Clawson	42.5367	-83.1504
MI	Clayton	41.8648	-84.2347
MI	Clifford	43.3151	-83.1796
MI	Climax	42.2383	-85.336
MI	Clinton	42.0683	-83.9657
MI	Clio	43.177	-83.7356
MI	Coldwater	41.946	-84.9993
MI	Coleman	43.7592	-84.5869
MI	Coloma	42.1866	-86.3093
MI	Colon	41.9627	-85.3194
MI	Columbiaville	43.1543	-83.4042
MI	Comstock Northwest	42.3213	-85.517
MI	Comstock Park	43.0441	-85.6763
MI	Concord	42.177	-84.6455
MI	Constantine	41.838	-85.6652
MI	Conway	45.4091	-84.8709
MI	Coopersville	43.0655	-85.9338
MI	Copemish	44.4817	-85.9252
MI	Copper City	47.2842	-88.3875
MI	Copper Harbor	47.4679	-87.8699
MI	Corunna	42.9834	-84.1159
MI	Covington	46.5386	-88.5456
MI	Cross Village	45.6439	-85.0312
MI	Croswell	43.2728	-82.6167
MI	Crystal	43.259	-84.9319
MI	Crystal Downs Country Club	44.7014	-86.2309
MI	Crystal Falls	46.0902	-88.3214
MI	Crystal Mountain	44.5243	-86.0022
MI	Custer	43.9511	-86.2196
MI	Cutlerville	42.8387	-85.6728
MI	Daggett	45.462	-87.6047
MI	Dansville	42.5555	-84.3025
MI	Davison	43.0318	-83.5187
MI	De Tour Village	45.983	-83.9132
MI	DeWitt	42.8388	-84.5838
MI	Dearborn	42.3131	-83.2115
MI	Dearborn Heights	42.3357	-83.2888
MI	Decatur	42.1077	-85.975
MI	Deckerville	43.5265	-82.742
MI	Deerfield	41.8902	-83.7789
MI	Delton	42.4946	-85.4132
MI	Detroit	42.383	-83.1022
MI	Detroit Beach	41.9311	-83.3283
MI	Dexter	42.3323	-83.881
MI	Dimondale	42.6507	-84.6455
MI	Dodgeville	47.0912	-88.5797
MI	Dollar Bay	47.1273	-88.507
MI	Dorr	42.7267	-85.7169
MI	Douglas	42.6389	-86.2076
MI	Dowagiac	41.9834	-86.1128
MI	Dowling	42.5298	-85.2342
MI	Dryden	42.9456	-83.124
MI	Dundee	41.9665	-83.6694
MI	Durand	42.9128	-83.9891
MI	Eagle	42.8098	-84.7909
MI	Eagle Harbor	47.4515	-88.1535
MI	Eagle River	47.4044	-88.2612
MI	East Grand Rapids	42.9466	-85.6068
MI	East Jordan	45.1522	-85.1304
MI	East Lansing	42.7489	-84.4824
MI	East Tawas	44.2908	-83.4838
MI	Eastlake	44.2455	-86.2929
MI	Eastpointe	42.4661	-82.9463
MI	Eastport	45.1118	-85.3511
MI	Eastwood	42.3023	-85.5446
MI	Eaton Rapids	42.5097	-84.6519
MI	Eau Claire	41.9839	-86.3075
MI	Ecorse	42.2496	-83.1404
MI	Edgemont Park	42.7467	-84.5926
MI	Edmore	43.4076	-85.0367
MI	Edwardsburg	41.7954	-86.0835
MI	Elberta	44.6207	-86.2342
MI	Elk Rapids	44.898	-85.4045
MI	Elkton	43.8183	-83.181
MI	Ellsworth	45.1672	-85.2429
MI	Elm Hall	43.3573	-84.8307
MI	Elsie	43.0893	-84.3885
MI	Emmett	42.9934	-82.7653
MI	Empire	44.8126	-86.0593
MI	Escanaba	45.7463	-87.0836
MI	Essexville	43.6123	-83.842
MI	Estral Beach	41.986	-83.2359
MI	Eureka	43.1036	-84.5136
MI	Evart	43.8988	-85.2705
MI	Ewen	46.5332	-89.2852
MI	Fair Plain	42.0819	-86.4535
MI	Fairgrove	43.5245	-83.5434
MI	Falmouth	44.2398	-85.0801
MI	Farmington	42.4614	-83.3784
MI	Farmington Hills	42.4856	-83.376
MI	Farwell	43.8368	-84.8673
MI	Fennville	42.5947	-86.1051
MI	Fenton	42.8006	-83.7177
MI	Ferndale	42.4592	-83.1314
MI	Ferrysburg	43.0875	-86.227
MI	Fife Lake	44.5758	-85.3478
MI	Filer City	44.2147	-86.2888
MI	Flat Rock	42.0979	-83.2698
MI	Flint	43.0244	-83.692
MI	Flushing	43.0628	-83.8426
MI	Forest Hills	42.9602	-85.4897
MI	Forestville	43.6599	-82.6126
MI	Fostoria	43.2531	-83.3618
MI	Fountain	44.0484	-86.181
MI	Fowler	43.004	-84.7417
MI	Fowlerville	42.6594	-84.0737
MI	Frankenmuth	43.3328	-83.7391
MI	Frankfort	44.6368	-86.232
MI	Franklin	42.5188	-83.303
MI	Fraser	42.5376	-82.9467
MI	Free Soil	44.1071	-86.211
MI	Freeland	43.5175	-84.1147
MI	Freeport	42.7636	-85.3158
MI	Fremont	43.4625	-85.9548
MI	Fruitport	43.1255	-86.1561
MI	Fulton	47.2992	-88.3608
MI	Gaastra	46.0557	-88.605
MI	Gagetown	43.6581	-83.2446
MI	Gaines	42.8725	-83.9108
MI	Galesburg	42.2909	-85.4176
MI	Galien	41.8015	-86.4996
MI	Garden	45.7693	-86.5573
MI	Garden City	42.3244	-83.3412
MI	Gaylord	45.0213	-84.6818
MI	Gibraltar	42.1054	-83.201
MI	Gladstone	45.8505	-87.0262
MI	Gladwin	43.984	-84.4872
MI	Glen Arbor	44.8943	-85.9891
MI	Gobles	42.3617	-85.8774
MI	Goodrich	42.9109	-83.5173
MI	Grand Beach	41.7746	-86.7884
MI	Grand Blanc	42.9325	-83.6205
MI	Grand Haven	43.055	-86.2193
MI	Grand Ledge	42.7529	-84.7449
MI	Grand Marais	46.6757	-85.9664
MI	Grand Rapids	42.9612	-85.6556
MI	Grandville	42.9005	-85.7521
MI	Grant	43.334	-85.8099
MI	Grass Lake	42.2508	-84.2062
MI	Grawn	44.661	-85.6883
MI	Grayling	44.658	-84.7111
MI	Greenland	46.7804	-89.0952
MI	Greenville	43.1796	-85.254
MI	Greilickville	44.8011	-85.6701
MI	Grosse Pointe	42.3839	-82.9039
MI	Grosse Pointe Farms	42.3975	-82.8892
MI	Grosse Pointe Park	42.3739	-82.9234
MI	Grosse Pointe Woods	42.4393	-82.899
MI	Gwinn	46.2854	-87.4419
MI	Hamtramck	42.3954	-83.0559
MI	Hancock	47.1367	-88.5978
MI	Hanover	42.1005	-84.5545
MI	Harbor Beach	43.8448	-82.6546
MI	Harbor Springs	45.4325	-84.9891
MI	Hardwood Acres	44.7196	-85.8221
MI	Haring	44.2818	-85.4008
MI	Harper Woods	42.439	-82.9293
MI	Harrietta	44.3091	-85.7006
MI	Harrison	44.013	-84.8106
MI	Harrisville	44.6575	-83.2946
MI	Hart	43.6966	-86.3673
MI	Hartford	42.205	-86.1661
MI	Hartland	42.6645	-83.7438
MI	Harvey	46.4836	-87.3567
MI	Haslett	42.7521	-84.3974
MI	Hastings	42.6501	-85.2884
MI	Hazel Park	42.4619	-83.0977
MI	Hemlock	43.4216	-84.2399
MI	Henderson	43.0876	-84.1921
MI	Hermansville	45.7081	-87.6072
MI	Hersey	43.8513	-85.4419
MI	Hesperia	43.5695	-86.0409
MI	Hickory Corners	42.4344	-85.3859
MI	Highland Park	42.4052	-83.0977
MI	Hillman	45.0668	-83.8937
MI	Hillsdale	41.9275	-84.6375
MI	Holland	42.7681	-86.0986
MI	Holly	42.7988	-83.623
MI	Holt	42.6421	-84.5308
MI	Homer	42.1464	-84.8097
MI	Honor	44.6664	-86.0194
MI	Hopkins	42.6251	-85.7633
MI	Horton Bay	45.2812	-85.0747
MI	Houghton	47.1118	-88.5672
MI	Houghton Lake	44.3011	-84.7499
MI	Howard City	43.3933	-85.4661
MI	Howell	42.6081	-83.9343
MI	Hubbard Lake	44.8209	-83.5548
MI	Hubbardston	43.0945	-84.8428
MI	Hubbell	47.1768	-88.4323
MI	Hudson	41.8565	-84.3457
MI	Hudsonville	42.8634	-85.8622
MI	Huntington Woods	42.4819	-83.1681
MI	Hurontown	47.1091	-88.5741
MI	Ida	41.9037	-83.5628
MI	Imlay City	43.0171	-83.0771
MI	Indian River	45.4298	-84.622
MI	Inkster	42.2939	-83.3203
MI	Interlochen	44.649	-85.7634
MI	Ionia	42.9768	-85.0746
MI	Iron Mountain	45.8269	-88.0594
MI	Iron River	46.0959	-88.6366
MI	Ironton	45.2569	-85.1929
MI	Ironwood	46.4522	-90.1504
MI	Ishpeming	46.4703	-87.6751
MI	Ithaca	43.2911	-84.5957
MI	Jackson	42.2422	-84.402
MI	Jasper	41.7859	-84.0403
MI	Jenison	42.9019	-85.8273
MI	Jennings	44.3325	-85.2972
MI	Jonesville	41.9794	-84.6658
MI	K. I. Sawyer	46.3293	-87.3653
MI	Kalamazoo	42.2752	-85.5885
MI	Kaleva	44.3723	-86.0136
MI	Kalkaska	44.7316	-85.1843
MI	Keego Harbor	42.6083	-83.3458
MI	Kent City	43.2264	-85.7555
MI	Kentwood	42.8848	-85.5925
MI	Kincheloe	46.2688	-84.4568
MI	Kinde	43.9414	-82.9967
MI	Kingsford	45.8064	-88.1004
MI	Kingsley	44.5885	-85.5241
MI	Kingston	43.4128	-83.1863
MI	L'Anse	46.7529	-88.4481
MI	Laingsburg	42.8906	-84.3504
MI	Lake Angelus	42.6917	-83.3255
MI	Lake Ann	44.727	-85.8469
MI	Lake City	44.3297	-85.2085
MI	Lake Fenton	42.8452	-83.7111
MI	Lake Gogebic	46.5804	-89.6048
MI	Lake Isabella	43.6441	-85.0048
MI	Lake LeAnn	42.057	-84.4304
MI	Lake Leelanau	44.9807	-85.7164
MI	Lake Linden	47.1955	-88.4057
MI	Lake Michigan Beach	42.2052	-86.3769
MI	Lake Odessa	42.7829	-85.1375
MI	Lake Orion	42.7837	-83.2443
MI	Lake Victoria	42.9179	-84.38
MI	Lakeport	43.1069	-82.4934
MI	Lakes of the North	44.93	-84.8851
MI	Lakeview	43.4431	-85.2669
MI	Lakewood Club	43.3762	-86.2526
MI	Lambertville	41.7451	-83.6218
MI	Lamont	43.017	-85.9105
MI	Lansing	42.7143	-84.5609
MI	Lapeer	43.0451	-83.3267
MI	Lathrup Village	42.4921	-83.2273
MI	Laurium	47.2351	-88.4382
MI	Lawrence	42.215	-86.0575
MI	Lawton	42.1673	-85.8465
MI	Le Roy	44.0381	-85.4538
MI	Leland	45.0214	-85.7571
MI	Lennon	42.9854	-83.9325
MI	Leonard	42.8652	-83.1429
MI	Leslie	42.4503	-84.4326
MI	Level Park-Oak Park	42.3713	-85.2688
MI	Levering	45.6348	-84.784
MI	Lewiston	44.8776	-84.3036
MI	Lexington	43.2672	-82.537
MI	Lincoln	44.6844	-83.4126
MI	Lincoln Park	42.2433	-83.1813
MI	Linden	42.8192	-83.7812
MI	Litchfield	42.0402	-84.7522
MI	Livonia	42.3972	-83.3723
MI	Loomis	43.784	-84.6584
MI	Lost Lake Woods	44.7985	-83.4211
MI	Lowell	42.9346	-85.3462
MI	Ludington	43.9572	-86.4429
MI	Luna Pier	41.8033	-83.4425
MI	Lupton	44.4292	-84.0239
MI	Luther	44.0388	-85.683
MI	Lyons	42.9865	-84.9442
MI	Mackinac Island	45.8602	-84.6258
MI	Mackinaw City	45.7839	-84.7566
MI	Madison Heights	42.5073	-83.1034
MI	Mancelona	44.9024	-85.0613
MI	Manchester	42.1483	-84.0346
MI	Manistee	44.2453	-86.3275
MI	Manistee Lake	44.7725	-85.0235
MI	Manistique	45.9597	-86.251
MI	Manitou Beach-Devils Lake	41.9823	-84.2803
MI	Manton	44.4113	-85.4005
MI	Maple City	44.8556	-85.8573
MI	Maple Grove	44.7091	-85.8537
MI	Maple Rapids	43.1086	-84.6859
MI	Marcellus	42.0249	-85.8139
MI	Marenisco	46.3737	-89.712
MI	Marine City	42.7143	-82.5028
MI	Marion	44.0998	-85.1409
MI	Marlette	43.3264	-83.0805
MI	Marquette	46.5507	-87.3958
MI	Marshall	42.2626	-84.9587
MI	Martin	42.537	-85.639
MI	Marysville	42.9085	-82.481
MI	Mason	42.5807	-84.4423
MI	Mass City	46.7616	-89.0849
MI	Mattawan	42.2156	-85.7958
MI	Maybee	42.0102	-83.5093
MI	Mayville	43.3359	-83.352
MI	McBain	44.1961	-85.2154
MI	McBride	43.3521	-85.0441
MI	Mears	43.6835	-86.4222
MI	Mecosta	43.6181	-85.23
MI	Melvin	43.1864	-82.8617
MI	Melvindale	42.2786	-83.1823
MI	Memphis	42.8952	-82.7683
MI	Mendon	42.0085	-85.454
MI	Menominee	45.1221	-87.6236
MI	Merrill	43.4091	-84.3345
MI	Mesick	44.4041	-85.7173
MI	Metamora	42.9455	-83.293
MI	Michiana	41.7637	-86.8111
MI	Michigamme	46.5307	-88.0262
MI	Michigan Center	42.2281	-84.3226
MI	Middletown	42.9867	-84.143
MI	Middleville	42.7153	-85.4686
MI	Midland	43.6248	-84.232
MI	Milan	42.0813	-83.6848
MI	Milford	42.5885	-83.6016
MI	Millburg	42.1268	-86.3447
MI	Millers Lake	43.1845	-83.3262
MI	Millersburg	45.3341	-84.0607
MI	Millington	43.2728	-83.5238
MI	Minden City	43.6747	-82.7728
MI	Mio	44.6623	-84.146
MI	Mohawk	47.3102	-88.3447
MI	Monroe	41.9166	-83.3843
MI	Montague	43.4126	-86.3631
MI	Montgomery	41.776	-84.809
MI	Montrose	43.1763	-83.8932
MI	Morenci	41.7227	-84.2168
MI	Morley	43.4904	-85.4455
MI	Morrice	42.836	-84.1845
MI	Mount Clemens	42.5981	-82.8815
MI	Mount Morris	43.1177	-83.6987
MI	Mount Pleasant	43.5967	-84.776
MI	Muir	42.9984	-84.9352
MI	Mulliken	42.763	-84.8964
MI	Munising	46.4309	-86.6194
MI	Muskegon	43.2265	-86.2572
MI	Muskegon Heights	43.2019	-86.241
MI	Napoleon	42.1645	-84.2438
MI	Nashville	42.603	-85.0939
MI	Naubinway	46.0898	-85.4551
MI	Negaunee	46.4966	-87.5919
MI	Nessen City	44.5206	-85.8718
MI	New Baltimore	42.6853	-82.7376
MI	New Buffalo	41.7914	-86.7425
MI	New Era	43.5596	-86.3472
MI	New Haven	42.7298	-82.797
MI	New Lothrop	43.1173	-83.969
MI	New Troy	41.8818	-86.5424
MI	Newaygo	43.4173	-85.7995
MI	Newberry	46.3538	-85.5098
MI	Niles	41.8345	-86.2479
MI	North Adams	41.9707	-84.5252
MI	North Branch	43.2286	-83.192
MI	North Muskegon	43.2522	-86.2708
MI	Northport	45.1303	-85.6177
MI	Northview	43.0399	-85.6034
MI	Northville	42.4362	-83.4883
MI	Norton Shores	43.1695	-86.2354
MI	Norway	45.7986	-87.914
MI	Norwood	45.2319	-85.381
MI	Novi	42.4785	-83.4868
MI	Nunica	43.0852	-86.0748
MI	Oak Hill	44.2197	-86.3031
MI	Oak Park	42.4649	-83.1824
MI	Oakley	43.1434	-84.1686
MI	Oden	45.4251	-84.8258
MI	Okemos	42.7091	-84.4143
MI	Olivet	42.4431	-84.9303
MI	Omena	45.0625	-85.5983
MI	Omer	44.0489	-83.8573
MI	Onaway	45.3585	-84.2272
MI	Onekama	44.3656	-86.2021
MI	Onsted	42.0061	-84.1893
MI	Ontonagon	46.8663	-89.3124
MI	Orchard Lake Village	42.5894	-83.3713
MI	Ortonville	42.8481	-83.438
MI	Oscoda	44.4241	-83.3322
MI	Ossineke	44.9083	-83.432
MI	Otisville	43.1653	-83.5253
MI	Otsego	42.458	-85.6986
MI	Otter Lake	43.2134	-83.4593
MI	Ovid	43.0031	-84.3759
MI	Owendale	43.7274	-83.2671
MI	Owosso	42.9953	-84.1758
MI	Oxford	42.8214	-83.2535
MI	Painesdale	47.0434	-88.6715
MI	Palmer	46.4436	-87.5817
MI	Palo	43.1106	-84.9861
MI	Parchment	42.3275	-85.5653
MI	Paris	43.7821	-85.5075
MI	Parkdale	44.272	-86.2805
MI	Parma	42.2654	-84.549
MI	Paw Paw	42.2142	-85.8922
MI	Paw Paw Lake	42.2114	-86.2756
MI	Pearl Beach	42.6316	-82.5864
MI	Peck	43.2589	-82.8168
MI	Pelkie	46.8156	-88.6415
MI	Pellston	45.5516	-84.7834
MI	Pentwater	43.7796	-86.4299
MI	Perrinton	43.1808	-84.6799
MI	Perry	42.8322	-84.2241
MI	Petersburg	41.8997	-83.714
MI	Petoskey	45.3648	-85.0107
MI	Pewamo	43.002	-84.8473
MI	Pierson	43.3196	-85.4975
MI	Pigeon	43.8294	-83.2702
MI	Pilgrim	44.6646	-86.2499
MI	Pinckney	42.4554	-83.9411
MI	Pinconning	43.8572	-83.9646
MI	Pittsford	41.8619	-84.4771
MI	Plainwell	42.4447	-85.6423
MI	Pleasant Ridge	42.4715	-83.1445
MI	Plymouth	42.3712	-83.4676
MI	Ponshewaing	45.4208	-84.8058
MI	Pontiac	42.6492	-83.2874
MI	Port Austin	44.0426	-82.9951
MI	Port Hope	43.9394	-82.715
MI	Port Huron	42.9938	-82.4337
MI	Port Sanilac	43.4277	-82.5447
MI	Portage	42.197	-85.5914
MI	Portland	42.8698	-84.8989
MI	Posen	45.2622	-83.6989
MI	Potterville	42.6291	-84.745
MI	Powers	45.688	-87.5265
MI	Prescott	44.1916	-83.9322
MI	Presque Isle Harbor	45.324	-83.4899
MI	Prudenville	44.3008	-84.6655
MI	Quincy	41.9428	-84.8826
MI	Quinnesec	45.8033	-87.9964
MI	Ramsay	46.47	-89.9979
MI	Rapid City	44.8384	-85.2898
MI	Rapid River	45.9264	-86.9743
MI	Ravenna	43.188	-85.9412
MI	Reading	41.8396	-84.7478
MI	Reed City	43.8728	-85.507
MI	Reese	43.4528	-83.6894
MI	Republic	46.4086	-87.988
MI	Richland	42.3717	-85.4581
MI	Richmond	42.8106	-82.7522
MI	River Rouge	42.2743	-83.1242
MI	Riverdale	43.3824	-84.8408
MI	Riverview	42.1735	-83.1984
MI	Robin Glen-Indiantown	43.4618	-83.8408
MI	Rochester	42.6866	-83.1197
MI	Rochester Hills	42.6635	-83.1592
MI	Rock	46.0686	-87.1617
MI	Rockford	43.137	-85.5545
MI	Rockland	46.7394	-89.1796
MI	Rockwood	42.0703	-83.2417
MI	Rogers City	45.4177	-83.8048
MI	Romeo	42.8046	-83.0026
MI	Romulus	42.2236	-83.366
MI	Roosevelt Park	43.1981	-86.2733
MI	Roscommon	44.4883	-84.5899
MI	Rose City	44.4211	-84.1154
MI	Rosebush	43.704	-84.7637
MI	Roseville	42.5076	-82.9366
MI	Rothbury	43.5184	-86.3614
MI	Royal Oak	42.5078	-83.1539
MI	Ruby	43.0329	-82.6118
MI	Saginaw	43.4199	-83.9502
MI	Saline	42.1747	-83.7771
MI	Sand Lake	44.329	-83.6657
MI	Sandusky	43.4202	-82.833
MI	Sanford	43.6782	-84.3855
MI	Saranac	42.9273	-85.2095
MI	Saugatuck	42.6614	-86.2046
MI	Sault Ste. Marie	46.4762	-84.3705
MI	Schoolcraft	42.1169	-85.6337
MI	Scotts	42.1941	-85.4137
MI	Scottville	43.9511	-86.2798
MI	Sebewaing	43.7317	-83.4509
MI	Shaftsburg	42.8081	-84.2996
MI	Shelby	43.6121	-86.3645
MI	Shepherd	43.5236	-84.6927
MI	Sheridan	43.2098	-85.0798
MI	Sherwood	41.9997	-85.2394
MI	Shields	43.4229	-84.0741
MI	Shoreham	42.0604	-86.5114
MI	Shorewood-Tower Hills-Harbert	41.8815	-86.6177
MI	Skanee	46.8732	-88.198
MI	Skidway Lake	44.1944	-84.0462
MI	Snover	43.4548	-82.9607
MI	South Boardman	44.6355	-85.2874
MI	South Gull Lake	42.3865	-85.4063
MI	South Haven	42.4013	-86.2684
MI	South Lyon	42.461	-83.6532
MI	South Monroe	41.8927	-83.4186
MI	South Range	47.0703	-88.644
MI	South Rockwood	42.0604	-83.2715
MI	Southfield	42.4746	-83.2595
MI	Southgate	42.2047	-83.2057
MI	Sparta	43.1567	-85.711
MI	Spring Arbor	42.2068	-84.5549
MI	Spring Lake	43.0735	-86.1941
MI	Springfield	42.3241	-85.2354
MI	Springport	42.3783	-84.6965
MI	St. Charles	43.2983	-84.1476
MI	St. Clair	42.8265	-82.4924
MI	St. Clair Shores	42.493	-82.8909
MI	St. Helen	44.3587	-84.4118
MI	St. Ignace	45.8872	-84.7317
MI	St. James	45.7427	-85.5301
MI	St. Johns	43.0005	-84.5555
MI	St. Joseph	42.0997	-86.4888
MI	St. Louis	43.4085	-84.6112
MI	Standish	43.9777	-83.964
MI	Stanton	43.2932	-85.0796
MI	Stanwood	43.5803	-85.4482
MI	Stephenson	45.4137	-87.6091
MI	Sterling	44.0328	-84.0186
MI	Sterling Heights	42.5812	-83.0303
MI	Stevensville	42.014	-86.5254
MI	Stockbridge	42.4487	-84.1758
MI	Stony Point	41.9467	-83.2706
MI	Stronach	44.2131	-86.2731
MI	Sturgis	41.7991	-85.4184
MI	Sunfield	42.7612	-84.9951
MI	Suttons Bay	44.9796	-85.6507
MI	Swartz Creek	42.9642	-83.8162
MI	Sylvan Lake	42.6168	-83.3335
MI	Tawas City	44.2672	-83.523
MI	Taylor	42.2253	-83.2677
MI	Tecumseh	42.0061	-83.9445
MI	Tekonsha	42.0974	-84.9919
MI	Temperance	41.7675	-83.5717
MI	Thompsonville	44.52	-85.938
MI	Three Lakes	46.5342	-88.1839
MI	Three Oaks	41.7985	-86.6139
MI	Three Rivers	41.9454	-85.6295
MI	Tower	45.3518	-84.2937
MI	Traverse City	44.7543	-85.603
MI	Trenton	42.1401	-83.1929
MI	Trimountain	47.0557	-88.6586
MI	Trowbridge Park	46.5561	-87.4412
MI	Troy	42.5839	-83.1455
MI	Trufant	43.3219	-85.3499
MI	Turner	44.1415	-83.7881
MI	Tustin	44.1009	-85.4589
MI	Twin Lake	43.3685	-86.1836
MI	Twining	44.1152	-83.8122
MI	Ubly	43.7082	-82.9356
MI	Union City	42.0667	-85.1432
MI	Unionville	43.6535	-83.4671
MI	Utica	42.6287	-83.0233
MI	Vandalia	41.9228	-85.9156
MI	Vanderbilt	45.1436	-84.6639
MI	Vandercook Lake	42.1914	-84.3855
MI	Vassar	43.3708	-83.5775
MI	Vermontville	42.6267	-85.0276
MI	Vernon	42.9394	-84.0336
MI	Vicksburg	42.123	-85.5383
MI	Village of Clarkston	42.7321	-83.4211
MI	Village of Grosse Pointe Shores	42.4513	-82.8704
MI	Vineyard Lake	42.0904	-84.2173
MI	Wacousta	42.8169	-84.691
MI	Wakefield	46.4769	-89.9334
MI	Waldron	41.7242	-84.4188
MI	Walker	42.9966	-85.7564
MI	Walkerville	43.7147	-86.1259
MI	Walled Lake	42.5372	-83.4737
MI	Walloon Lake	45.2719	-84.9412
MI	Warren	42.4929	-83.025
MI	Watersmeet	46.2953	-89.2061
MI	Watervliet	42.1876	-86.2586
MI	Waverly	42.7384	-84.634
MI	Wayland	42.6731	-85.6417
MI	Wayne	42.2769	-83.3881
MI	Webberville	42.6609	-84.189
MI	Wedgewood	44.1943	-85.4898
MI	Weidman	43.7041	-84.978
MI	Wellston	44.2227	-85.9681
MI	West Branch	44.2738	-84.2366
MI	West Ishpeming	46.4884	-87.7171
MI	West Monroe	41.914	-83.4316
MI	Westland	42.3192	-83.3808
MI	Westphalia	42.931	-84.7979
MI	Westwood	42.303	-85.6287
MI	White Cloud	43.5575	-85.7743
MI	White Pigeon	41.7952	-85.6504
MI	White Pine	46.7401	-89.5813
MI	Whitehall	43.4005	-86.3396
MI	Whitmore Lake	42.4203	-83.7521
MI	Whittemore	44.2337	-83.8033
MI	Williamston	42.6833	-84.2836
MI	Winn	43.5187	-84.9011
MI	Wixom	42.5228	-83.5302
MI	Wolf Lake	43.2444	-86.1123
MI	Wolverine	45.2736	-84.6055
MI	Wolverine Lake	42.5533	-83.4864
MI	Woodhaven	42.1345	-83.2351
MI	Woodland	42.7268	-85.1344
MI	Woodland Beach	41.9417	-83.314
MI	Wyandotte	42.2107	-83.1572
MI	Wyoming	42.8903	-85.7067
MI	Yale	43.1283	-82.7976
MI	Ypsilanti	42.2444	-83.6212
MI	Zeba	46.7877	-88.4118
MI	Zeeland	42.8142	-86.0143
MI	Zilwaukee	43.4836	-83.9245
MN	Ada	47.2989	-96.5165
MN	Adams	43.5654	-92.719
MN	Adrian	43.6336	-95.9328
MN	Afton	44.8988	-92.8191
MN	Aitkin	46.5266	-93.705
MN	Akeley	47.0004	-94.7282
MN	Albany	45.6267	-94.5632
MN	Albert Lea	43.6543	-93.3641
MN	Alberta	45.5749	-96.0504
MN	Albertville	45.236	-93.6627
MN	Alden	43.6675	-93.5698
MN	Aldrich	46.3747	-94.9394
MN	Alexandria	45.8772	-95.377
MN	Alpha	43.6376	-94.8711
MN	Altura	44.0642	-91.9436
MN	Alvarado	48.1929	-96.9985
MN	Amboy	43.8879	-94.1583
MN	Andover	45.2524	-93.3374
MN	Angle Inlet	49.3474	-95.0698
MN	Annandale	45.2599	-94.1213
MN	Anoka	45.2144	-93.3916
MN	Apple Valley	44.7453	-93.1994
MN	Appleton	45.1995	-96.0222
MN	Arco	44.3847	-96.1839
MN	Arden Hills	45.0712	-93.1655
MN	Argyle	48.3366	-96.8162
MN	Arlington	44.6083	-94.0768
MN	Ashby	46.0955	-95.8192
MN	Askov	46.1886	-92.7824
MN	Atwater	45.1355	-94.7769
MN	Audubon	46.8652	-95.9841
MN	Aurora	47.5316	-92.241
MN	Austin	43.6721	-92.9779
MN	Avoca	43.9488	-95.6467
MN	Avon	45.6055	-94.4477
MN	Babbitt	47.6431	-91.9283
MN	Backus	46.8209	-94.5145
MN	Badger	48.7768	-96.0213
MN	Bagley	47.5244	-95.4028
MN	Baker	46.7105	-96.5579
MN	Balaton	44.2329	-95.8711
MN	Ball Club	47.3311	-93.9461
MN	Barnesville	46.6503	-96.4165
MN	Barnum	46.5054	-92.6884
MN	Barrett	45.9132	-95.9047
MN	Barry	45.5582	-96.5604
MN	Battle Lake	46.2849	-95.7187
MN	Baudette	48.7123	-94.5918
MN	Baxter	46.3439	-94.276
MN	Bayport	45.0148	-92.7789
MN	Beardsley	45.5578	-96.7145
MN	Beaulieu	47.3352	-95.8165
MN	Beaver Bay	47.2562	-91.3062
MN	Beaver Creek	43.6124	-96.3624
MN	Becker	45.3865	-93.8873
MN	Bejou	47.4429	-95.9727
MN	Belgrade	45.4506	-94.9998
MN	Belle Plaine	44.6198	-93.7646
MN	Bellechester	44.371	-92.5113
MN	Bellingham	45.1364	-96.2841
MN	Beltrami	47.5425	-96.5271
MN	Belview	44.6065	-95.3287
MN	Bemidji	47.487	-94.8827
MN	Bena	47.341	-94.2064
MN	Benson	45.3152	-95.6054
MN	Bertha	46.2671	-95.0618
MN	Bethel	45.4044	-93.2749
MN	Big Falls	48.1796	-93.8092
MN	Big Lake	45.3424	-93.743
MN	Bigelow	43.5053	-95.6892
MN	Bigfork	47.7469	-93.6533
MN	Bingham Lake	43.9092	-95.0447
MN	Birchwood Village	45.06	-92.978
MN	Bird Island	44.765	-94.8942
MN	Biscay	44.8263	-94.2741
MN	Biwabik	47.5403	-92.3422
MN	Blackduck	47.7209	-94.5455
MN	Blaine	45.1705	-93.2061
MN	Blomkest	44.9428	-95.0235
MN	Blooming Prairie	43.8685	-93.0557
MN	Bloomington	44.8297	-93.3152
MN	Blue Earth	43.641	-94.1003
MN	Bluffton	46.4694	-95.2339
MN	Bock	45.7845	-93.5528
MN	Borup	47.1803	-96.5058
MN	Bovey	47.2981	-93.4052
MN	Bowlus	45.8191	-94.4072
MN	Boy River	47.1678	-94.1241
MN	Boyd	44.8512	-95.9009
MN	Braham	45.7223	-93.1722
MN	Brainerd	46.3553	-94.1984
MN	Brandon	45.9669	-95.594
MN	Breckenridge	46.2659	-96.5846
MN	Breezy Point	46.6091	-94.2073
MN	Brewster	43.6973	-95.4645
MN	Bricelyn	43.5607	-93.8131
MN	Brook Park	45.9484	-93.0728
MN	Brooklyn Center	45.068	-93.3178
MN	Brooklyn Park	45.1109	-93.3491
MN	Brooks	47.8165	-96.0035
MN	Brookston	46.8651	-92.6017
MN	Brooten	45.5001	-95.1157
MN	Browerville	46.0805	-94.8646
MN	Browns Valley	45.5947	-96.8327
MN	Brownsdale	43.7404	-92.8682
MN	Brownsville	43.7011	-91.288
MN	Brownton	44.7325	-94.3509
MN	Bruno	46.281	-92.6681
MN	Buckman	45.8973	-94.094
MN	Buffalo	45.1795	-93.864
MN	Buffalo Lake	44.7368	-94.617
MN	Buhl	47.4986	-92.7811
MN	Burnsville	44.7644	-93.2794
MN	Burtrum	45.8658	-94.6874
MN	Butterfield	43.9587	-94.7941
MN	Byron	44.0381	-92.641
MN	Caledonia	43.6341	-91.5004
MN	Callaway	46.9812	-95.9173
MN	Calumet	47.322	-93.2642
MN	Cambridge	45.5608	-93.2277
MN	Campbell	46.0975	-96.4055
MN	Canby	44.7161	-96.2698
MN	Cannon Falls	44.5173	-92.8893
MN	Canton	43.5298	-91.93
MN	Carlos	45.9735	-95.2923
MN	Carlton	46.6558	-92.4304
MN	Carver	44.7615	-93.6325
MN	Cass Lake	47.3797	-94.5994
MN	Cedar Mills	44.9429	-94.5201
MN	Center City	45.3938	-92.8142
MN	Centerville	45.1675	-93.0552
MN	Ceylon	43.5328	-94.6307
MN	Champlin	45.1729	-93.3868
MN	Chandler	43.9306	-95.9512
MN	Chanhassen	44.8543	-93.5624
MN	Chaska	44.8164	-93.61
MN	Chatfield	43.8445	-92.1829
MN	Chickamaw Beach	46.745	-94.3778
MN	Chisago City	45.3456	-92.91
MN	Chisholm	47.4875	-92.8794
MN	Chokio	45.5731	-96.1742
MN	Circle Pines	45.1437	-93.1475
MN	Clara City	44.9574	-95.3677
MN	Claremont	44.0449	-92.9972
MN	Clarissa	46.1285	-94.9491
MN	Clarkfield	44.7903	-95.8076
MN	Clarks Grove	43.7627	-93.328
MN	Clear Lake	45.4486	-94.0014
MN	Clearbrook	47.6962	-95.4293
MN	Clearwater	45.4099	-94.0446
MN	Clements	44.3801	-95.0548
MN	Cleveland	44.3236	-93.8353
MN	Climax	47.6095	-96.8122
MN	Clinton	45.4669	-96.4426
MN	Clitherall	46.2737	-95.6333
MN	Clontarf	45.3798	-95.6799
MN	Cloquet	46.7251	-92.5013
MN	Coates	44.7151	-93.0321
MN	Cobden	44.2825	-94.8466
MN	Cohasset	47.2424	-93.6642
MN	Cokato	45.0767	-94.1875
MN	Cold Spring	45.4583	-94.4282
MN	Coleraine	47.2587	-93.4539
MN	Cologne	44.7698	-93.7924
MN	Columbia Heights	45.0491	-93.2467
MN	Columbus	45.2549	-93.1077
MN	Comfrey	44.1111	-94.9028
MN	Comstock	46.6596	-96.7465
MN	Conger	43.6153	-93.5275
MN	Cook	47.8357	-92.6889
MN	Coon Rapids	45.1764	-93.3115
MN	Corcoran	45.1069	-93.578
MN	Correll	45.2319	-96.1626
MN	Cosmos	44.9359	-94.6954
MN	Cottage Grove	44.8133	-92.9143
MN	Cottonwood	44.611	-95.6719
MN	Courtland	44.2753	-94.3424
MN	Credit River	44.6708	-93.3611
MN	Cromwell	46.6793	-92.8709
MN	Crookston	47.7747	-96.6064
MN	Crosby	46.4933	-93.9457
MN	Crosslake	46.6782	-94.102
MN	Crown College	44.8847	-93.7435
MN	Crystal	45.0373	-93.3595
MN	Currie	44.0705	-95.6669
MN	Cuyuna	46.5067	-93.9197
MN	Cyrus	45.6148	-95.7382
MN	Dakota	43.9115	-91.3614
MN	Dalton	46.1739	-95.9155
MN	Danube	44.791	-95.1029
MN	Danvers	45.2814	-95.756
MN	Darfur	44.0535	-94.8377
MN	Darwin	45.0985	-94.4225
MN	Dassel	45.0849	-94.317
MN	Dawson	44.929	-96.0504
MN	Dayton	45.1891	-93.4716
MN	De Graff	45.2599	-95.4684
MN	Deephaven	44.932	-93.5291
MN	Deer Creek	46.3897	-95.3208
MN	Deer River	47.3391	-93.7928
MN	Deerwood	46.4673	-93.8985
MN	Delano	45.0384	-93.793
MN	Delavan	43.7677	-94.0174
MN	Delhi	44.598	-95.2134
MN	Dellwood	45.0988	-92.9676
MN	Denham	46.3617	-92.9415
MN	Dennison	44.4088	-93.0303
MN	Dent	46.5532	-95.7186
MN	Detroit Lakes	46.8076	-95.8466
MN	Dexter	43.7194	-92.7017
MN	Dilworth	46.8794	-96.6983
MN	Dodge Center	44.0285	-92.8522
MN	Donaldson	48.5728	-96.8941
MN	Donnelly	45.6893	-96.0143
MN	Doran	46.1851	-96.4856
MN	Dover	43.9698	-92.134
MN	Dovray	44.0545	-95.5477
MN	Dresbach	43.8869	-91.3468
MN	Duluth	46.7745	-92.1341
MN	Dumont	45.7174	-96.4231
MN	Dundas	44.4277	-93.2038
MN	Dundee	43.844	-95.4666
MN	Dunnell	43.5605	-94.7752
MN	Eagan	44.8152	-93.1628
MN	Eagle Bend	46.1643	-95.0341
MN	Eagle Lake	44.1635	-93.882
MN	East Bethel	45.3532	-93.2177
MN	East Grand Forks	47.9286	-97.0138
MN	East Gull Lake	46.397	-94.3638
MN	Easton	43.7661	-93.9
MN	Ebro	47.4942	-95.5411
MN	Echo	44.6176	-95.4138
MN	Eden Prairie	44.8496	-93.4587
MN	Eden Valley	45.3256	-94.5459
MN	Edgerton	43.8753	-96.1305
MN	Edina	44.8911	-93.3598
MN	Effie	47.8412	-93.6377
MN	Eitzen	43.5084	-91.465
MN	Elba	44.0867	-92.0169
MN	Elbow Lake	45.9896	-95.9788
MN	Elgin	44.1292	-92.2544
MN	Elizabeth	46.3801	-96.131
MN	Elk River	45.3322	-93.5665
MN	Elko New Market	44.5671	-93.3343
MN	Elkton	43.6602	-92.7064
MN	Ellendale	43.8727	-93.2993
MN	Ellsworth	43.5206	-96.0186
MN	Elmdale	45.834	-94.4942
MN	Elmore	43.5064	-94.0883
MN	Elrosa	45.5629	-94.9472
MN	Ely	47.9056	-91.8507
MN	Elysian	44.2064	-93.6813
MN	Emily	46.769	-93.9805
MN	Emmons	43.5082	-93.4842
MN	Erhard	46.4817	-96.0962
MN	Erskine	47.6632	-96.0167
MN	Esko	46.71	-92.3721
MN	Essig	44.3284	-94.6034
MN	Evan	44.3549	-94.8361
MN	Evansville	46.006	-95.688
MN	Eveleth	47.4749	-92.5496
MN	Excelsior	44.9027	-93.5664
MN	Eyota	43.9883	-92.2321
MN	Fairfax	44.5283	-94.723
MN	Fairhaven	45.324	-94.2055
MN	Fairmont	43.6448	-94.464
MN	Falcon Heights	44.9881	-93.1747
MN	Faribault	44.2997	-93.2789
MN	Farmington	44.6592	-93.1687
MN	Farwell	45.7523	-95.6189
MN	Federal Dam	47.2402	-94.212
MN	Felton	47.075	-96.5057
MN	Fergus Falls	46.285	-96.0761
MN	Fertile	47.5307	-96.2816
MN	Fifty Lakes	46.7655	-94.1178
MN	Finland	47.4321	-91.256
MN	Finlayson	46.2104	-92.9304
MN	Fish Lake	43.8386	-95.047
MN	Fisher	47.7992	-96.7995
MN	Flensburg	45.9476	-94.5305
MN	Floodwood	46.9106	-92.9059
MN	Florence	44.2372	-96.0519
MN	Foley	45.6636	-93.9095
MN	Forada	45.7887	-95.3568
MN	Forest Lake	45.2508	-92.9669
MN	Foreston	45.727	-93.7089
MN	Fort Ripley	46.1665	-94.365
MN	Fosston	47.5851	-95.7527
MN	Fountain	43.7425	-92.1342
MN	Foxhome	46.2769	-96.3122
MN	Franklin	44.5306	-94.8841
MN	Frazee	46.7288	-95.7039
MN	Freeborn	43.766	-93.5644
MN	Freeport	45.6603	-94.6828
MN	Fridley	45.0842	-93.2601
MN	Frontenac	44.5038	-92.3526
MN	Frost	43.5846	-93.9247
MN	Fulda	43.8674	-95.6055
MN	Funkley	47.7868	-94.4266
MN	Garden City	44.0478	-94.1707
MN	Garfield	45.9376	-95.4985
MN	Garrison	46.2987	-93.826
MN	Garvin	44.2125	-95.7602
MN	Gary	47.374	-96.2656
MN	Gaylord	44.5558	-94.2132
MN	Gem Lake	45.0611	-93.0381
MN	Geneva	43.8195	-93.2726
MN	Genola	45.9655	-94.1128
MN	Georgetown	47.0784	-96.7959
MN	Ghent	44.5116	-95.8926
MN	Gibbon	44.5332	-94.5242
MN	Gilbert	47.4908	-92.4583
MN	Gilman	45.7353	-93.9486
MN	Glencoe	44.7696	-94.151
MN	Glenville	43.5742	-93.2811
MN	Glenwood	45.6647	-95.3873
MN	Glyndon	46.871	-96.5784
MN	Golden Valley	44.9902	-93.3587
MN	Gonvick	47.7391	-95.5125
MN	Good Thunder	44.0067	-94.0703
MN	Goodhue	44.3994	-92.6255
MN	Goodland	47.1636	-93.1376
MN	Goodridge	48.1442	-95.804
MN	Goodview	44.0688	-91.7146
MN	Graceville	45.5687	-96.4372
MN	Granada	43.693	-94.3495
MN	Grand Marais	47.7586	-90.3443
MN	Grand Meadow	43.7062	-92.5702
MN	Grand Rapids	47.2385	-93.5326
MN	Granite Falls	44.8073	-95.5423
MN	Grant	45.0821	-92.9109
MN	Grasston	45.7974	-93.155
MN	Green Isle	44.6829	-94.0041
MN	Greenbush	48.7011	-96.1836
MN	Greenfield	45.0941	-93.6908
MN	Greenwald	45.6014	-94.8593
MN	Greenwood	44.913	-93.554
MN	Grey Eagle	45.8243	-94.7491
MN	Grove City	45.1492	-94.6825
MN	Grygla	48.2997	-95.624
MN	Gully	47.7684	-95.6229
MN	Hackensack	46.9265	-94.516
MN	Hadley	44.0018	-95.8556
MN	Hallock	48.7654	-96.9425
MN	Halma	48.6605	-96.5977
MN	Halstad	47.3511	-96.8257
MN	Ham Lake	45.2539	-93.1948
MN	Hamburg	44.7325	-93.9632
MN	Hammond	44.2227	-92.3737
MN	Hampton	44.6088	-93.0026
MN	Hancock	45.4976	-95.7948
MN	Hanley Falls	44.6918	-95.6194
MN	Hanover	45.1578	-93.6628
MN	Hanska	44.1487	-94.4945
MN	Harding	46.1191	-94.0368
MN	Hardwick	43.7742	-96.1975
MN	Harmony	43.554	-92.0075
MN	Harris	45.5978	-92.9886
MN	Hartland	43.8042	-93.4844
MN	Hastings	44.7318	-92.8545
MN	Hatfield	43.9537	-96.1889
MN	Hawley	46.8731	-96.3193
MN	Hayfield	43.8903	-92.847
MN	Hayward	43.6499	-93.246
MN	Hazel Run	44.7484	-95.7165
MN	Hector	44.7413	-94.7121
MN	Heidelberg	44.4931	-93.6264
MN	Henderson	44.5243	-93.9135
MN	Hendricks	44.5086	-96.4264
MN	Hendrum	47.2641	-96.8107
MN	Henning	46.3231	-95.442
MN	Henriette	45.8713	-93.1197
MN	Herman	45.8105	-96.1414
MN	Hermantown	46.8023	-92.2408
MN	Heron Lake	43.7981	-95.3198
MN	Hewitt	46.324	-95.0902
MN	Hibbing	47.3959	-92.9465
MN	High Forest	43.8462	-92.548
MN	Hill City	46.9852	-93.595
MN	Hillman	46.0063	-93.8886
MN	Hills	43.5276	-96.3593
MN	Hilltop	45.0536	-93.2501
MN	Hinckley	46.013	-92.9127
MN	Hitterdal	46.9786	-96.2585
MN	Hoffman	45.8344	-95.7874
MN	Hokah	43.7601	-91.3494
MN	Holdingford	45.7303	-94.4714
MN	Holland	44.0902	-96.1989
MN	Hollandale	43.7598	-93.2056
MN	Holloway	45.2431	-95.9068
MN	Holt	48.2929	-96.1945
MN	Homer	44.0072	-91.5609
MN	Hopkins	44.9251	-93.4045
MN	Houston	43.7566	-91.5727
MN	Howard Lake	45.054	-94.061
MN	Hoyt Lakes	47.5716	-92.1083
MN	Hubbard	46.8375	-95.009
MN	Hugo	45.1642	-92.9601
MN	Humboldt	48.9215	-97.0946
MN	Hutchinson	44.8854	-94.3769
MN	Ihlen	43.9156	-96.3728
MN	Independence	45.0186	-93.7198
MN	Inger	47.5633	-93.9773
MN	International Falls	48.5864	-93.4077
MN	Inver Grove Heights	44.829	-93.0601
MN	Iona	43.9156	-95.7831
MN	Iron Junction	47.419	-92.6086
MN	Ironton	46.4822	-94.0033
MN	Isanti	45.4915	-93.2428
MN	Isle	46.1381	-93.4558
MN	Ivanhoe	44.4643	-96.2517
MN	Jackson	43.6257	-94.9886
MN	Janesville	44.1198	-93.7097
MN	Jasper	43.8489	-96.3996
MN	Jeffers	44.0559	-95.1954
MN	Jenkins	46.6511	-94.3282
MN	Johnson	45.5723	-96.294
MN	Jordan	44.6646	-93.6402
MN	Kandiyohi	45.1315	-94.9328
MN	Karlstad	48.578	-96.5161
MN	Kasota	44.2919	-93.9683
MN	Kasson	44.0325	-92.7483
MN	Keewatin	47.3994	-93.0842
MN	Kelliher	47.9482	-94.4378
MN	Kellogg	44.307	-91.9987
MN	Kennedy	48.6437	-96.9105
MN	Kenneth	43.7543	-96.0725
MN	Kensington	45.7782	-95.6969
MN	Kent	46.4381	-96.6826
MN	Kenyon	44.2726	-92.9864
MN	Kerkhoven	45.1914	-95.3183
MN	Kerrick	46.3391	-92.5852
MN	Kettle River	46.4862	-92.8776
MN	Kiester	43.5365	-93.7112
MN	Kilkenny	44.3152	-93.574
MN	Kimball	45.3143	-94.3008
MN	Kinbrae	43.8228	-95.4759
MN	Kingston	45.1944	-94.3071
MN	Kinney	47.5165	-92.7195
MN	Knife River	46.9489	-91.7842
MN	La Crescent	43.8297	-91.305
MN	La Prairie	47.23	-93.4914
MN	La Salle	44.0711	-94.5713
MN	Lafayette	44.4471	-94.3927
MN	Lake Benton	44.2622	-96.2993
MN	Lake Bronson	48.7324	-96.6649
MN	Lake City	44.4457	-92.2809
MN	Lake Crystal	44.1054	-94.2191
MN	Lake Elmo	44.9878	-92.9097
MN	Lake George	47.1788	-94.9724
MN	Lake Henry	45.462	-94.7965
MN	Lake Lillian	44.9459	-94.88
MN	Lake Park	46.8836	-96.0976
MN	Lake Shore	46.5043	-94.3665
MN	Lake St. Croix Beach	44.9245	-92.7661
MN	Lake Wilson	43.9954	-95.9546
MN	Lakefield	43.678	-95.1695
MN	Lakeland	44.9532	-92.7666
MN	Lakeland Shores	44.9495	-92.7624
MN	Lakeville	44.6761	-93.2517
MN	Lamberton	44.2306	-95.2676
MN	Lancaster	48.8582	-96.8014
MN	Landfall	44.95	-92.9774
MN	Lanesboro	43.7151	-91.9702
MN	Lansing	43.7477	-92.9657
MN	Laporte	47.2147	-94.7574
MN	Lastrup	46.0398	-94.0618
MN	Lauderdale	44.9944	-93.2031
MN	Le Center	44.3866	-93.7311
MN	Le Roy	43.5133	-92.5078
MN	Le Sueur	44.4705	-93.9018
MN	Lengby	47.5153	-95.6346
MN	Leonard	47.6498	-95.2642
MN	Leonidas	47.4677	-92.5674
MN	Leota	43.8264	-96.0242
MN	Lester Prairie	44.8833	-94.037
MN	Lewiston	43.9824	-91.8695
MN	Lewisville	43.9241	-94.4341
MN	Lexington	45.1382	-93.1714
MN	Lilydale	44.9088	-93.1308
MN	Lindstrom	45.3858	-92.8437
MN	Lino Lakes	45.1555	-93.1069
MN	Lismore	43.7491	-95.9481
MN	Litchfield	45.122	-94.5259
MN	Little Canada	45.0233	-93.0837
MN	Little Falls	45.9856	-94.3597
MN	Little Rock	47.8646	-95.1002
MN	Littlefork	48.3964	-93.5578
MN	Long Beach	45.6521	-95.4308
MN	Long Lake	44.9832	-93.5701
MN	Long Prairie	45.9747	-94.8614
MN	Longville	46.9874	-94.212
MN	Lonsdale	44.4776	-93.4242
MN	Loretto	45.0548	-93.6353
MN	Louisburg	45.1645	-96.1711
MN	Lowry	45.7049	-95.5191
MN	Lucan	44.4102	-95.4129
MN	Lutsen	47.6744	-90.6928
MN	Luverne	43.6536	-96.2151
MN	Lyle	43.5059	-92.9412
MN	Lynd	44.4018	-95.8741
MN	Mabel	43.5198	-91.7681
MN	Madelia	44.0482	-94.4199
MN	Madison	45.0128	-96.1891
MN	Madison Lake	44.2081	-93.8179
MN	Magnolia	43.6441	-96.0753
MN	Mahnomen	46.7731	-92.5418
MN	Mahtomedi	45.0583	-92.9702
MN	Mahtowa	46.5517	-92.6361
MN	Manchester	43.7254	-93.4509
MN	Manhattan Beach	46.7356	-94.1436
MN	Mankato	44.1711	-93.9764
MN	Mantorville	44.0652	-92.7472
MN	Maple Grove	45.1128	-93.463
MN	Maple Lake	45.2326	-94.0095
MN	Maple Plain	45.0086	-93.6624
MN	Mapleton	43.9271	-93.9553
MN	Mapleview	43.6901	-92.974
MN	Maplewood	45.019	-93.0311
MN	Marble	47.3318	-93.29
MN	Marietta	45.0105	-96.4189
MN	Marine on St. Croix	45.1909	-92.7784
MN	Marion	43.9431	-92.3531
MN	Marshall	44.4491	-95.7892
MN	Martin Lake	45.3834	-93.0899
MN	Mayer	44.8889	-93.8945
MN	Maynard	44.9056	-95.4686
MN	Mazeppa	44.2737	-92.5402
MN	McGrath	46.2421	-93.2751
MN	McGregor	46.6104	-93.2995
MN	McIntosh	47.6374	-95.887
MN	McKinley	47.5099	-92.4065
MN	Meadowlands	47.0731	-92.7313
MN	Medford	44.1685	-93.2473
MN	Medicine Lake	44.9958	-93.4181
MN	Medina	45.0345	-93.5756
MN	Meire Grove	45.6264	-94.8694
MN	Melrose	45.677	-94.8148
MN	Menahga	46.7537	-95.1029
MN	Mendota	44.8875	-93.1617
MN	Mendota Heights	44.8789	-93.1339
MN	Mentor	47.6967	-96.144
MN	Merrifield	46.4674	-94.1746
MN	Middle River	48.4348	-96.1617
MN	Midway	47.3159	-95.7794
MN	Miesville	44.599	-92.8196
MN	Milaca	45.7567	-93.6513
MN	Milan	45.1126	-95.9118
MN	Millerville	46.0691	-95.557
MN	Millville	44.2443	-92.2967
MN	Milroy	44.4177	-95.5536
MN	Miltona	46.0463	-95.2932
MN	Minneapolis	44.9633	-93.2683
MN	Minneiska	44.1973	-91.8807
MN	Minneota	44.5625	-95.9827
MN	Minnesota City	44.0923	-91.75
MN	Minnesota Lake	43.8419	-93.829
MN	Minnetonka	44.9326	-93.4567
MN	Minnetonka Beach	44.9396	-93.5871
MN	Minnetrista	44.9386	-93.7124
MN	Mizpah	47.9209	-94.2132
MN	Montevideo	44.9502	-95.7154
MN	Montgomery	44.4451	-93.5798
MN	Monticello	45.2979	-93.7983
MN	Montrose	45.0665	-93.9203
MN	Moorhead	46.8647	-96.7446
MN	Moose Lake	46.4503	-92.761
MN	Mora	45.877	-93.2903
MN	Morgan	44.4159	-94.9249
MN	Morris	45.5859	-95.9054
MN	Morristown	44.2252	-93.4452
MN	Morton	44.5533	-94.9843
MN	Motley	46.3348	-94.6428
MN	Mound	44.932	-93.6583
MN	Mounds View	45.1067	-93.2068
MN	Mountain Iron	47.5367	-92.6166
MN	Mountain Lake	43.9401	-94.9277
MN	Murdock	45.2234	-95.3946
MN	Myrtle	43.5632	-93.163
MN	Nashua	46.0377	-96.306
MN	Nashwauk	47.38	-93.1667
MN	Nassau	45.0677	-96.4418
MN	Naytahwaush	47.2749	-95.6277
MN	Nelson	45.8865	-95.2649
MN	Nerstrand	44.3429	-93.064
MN	Nett Lake	48.1146	-93.0811
MN	Nevis	46.9648	-94.843
MN	New Auburn	44.6728	-94.232
MN	New Brighton	45.0672	-93.2058
MN	New Germany	44.8802	-93.9781
MN	New Hope	45.0359	-93.3869
MN	New London	45.2969	-94.9475
MN	New Munich	45.6308	-94.7525
MN	New Prague	44.5457	-93.5756
MN	New Richland	43.8939	-93.4939
MN	New Trier	44.6038	-92.9328
MN	New Ulm	44.3121	-94.4689
MN	New York Mills	46.5196	-95.3728
MN	Newfolden	48.3567	-96.3297
MN	Newport	44.8744	-92.9986
MN	Nicollet	44.2746	-94.1881
MN	Nielsville	47.5293	-96.8157
MN	Nimrod	46.6352	-94.8806
MN	Nisswa	46.5007	-94.2978
MN	Norcross	45.8687	-96.1964
MN	North Branch	45.5109	-92.9443
MN	North Mankato	44.1827	-94.0411
MN	North Oaks	45.1048	-93.1011
MN	North St. Paul	45.0135	-93.0018
MN	Northfield	44.4556	-93.1703
MN	Northome	47.8744	-94.2683
MN	Northrop	43.736	-94.4366
MN	Norwood Young America	44.7721	-93.9173
MN	Nowthen	45.3431	-93.4496
MN	Oak Grove	45.3484	-93.3273
MN	Oak Park Heights	45.0334	-92.8102
MN	Oakdale	44.9875	-92.9636
MN	Odessa	45.2622	-96.3335
MN	Odin	43.8673	-94.7428
MN	Ogema	47.1023	-95.9166
MN	Ogilvie	45.8298	-93.423
MN	Okabena	43.7393	-95.3188
MN	Oklee	47.8387	-95.8495
MN	Olivia	44.777	-94.9971
MN	Onamia	46.0703	-93.6671
MN	Ormsby	43.8504	-94.6986
MN	Orono	44.961	-93.5877
MN	Oronoco	44.1584	-92.5392
MN	Orr	48.0576	-92.8236
MN	Ortonville	45.3024	-96.4422
MN	Osage	46.9284	-95.2631
MN	Osakis	45.8654	-95.1531
MN	Oslo	48.1956	-97.1314
MN	Osseo	45.1179	-93.3992
MN	Ostrander	43.6137	-92.4263
MN	Otsego	45.2643	-93.6207
MN	Ottertail	46.4316	-95.5712
MN	Owatonna	44.0919	-93.2317
MN	Palisade	46.7127	-93.4893
MN	Park Rapids	46.9164	-95.0579
MN	Parkers Prairie	46.1528	-95.3283
MN	Paynesville	45.3785	-94.7216
MN	Pease	45.7008	-93.6487
MN	Pelican Rapids	46.5703	-96.0859
MN	Pemberton	44.0085	-93.7839
MN	Pennock	45.1459	-95.175
MN	Pequot Lakes	46.5881	-94.288
MN	Perham	46.5996	-95.5771
MN	Perley	47.1762	-96.8015
MN	Peterson	43.7885	-91.832
MN	Pickwick	43.9816	-91.4946
MN	Pierz	45.9772	-94.1008
MN	Pillager	46.3306	-94.4774
MN	Pine Bend	47.4183	-95.5968
MN	Pine City	45.841	-92.9665
MN	Pine Island	44.1981	-92.6281
MN	Pine Point	46.9853	-95.4
MN	Pine River	46.7233	-94.3966
MN	Pine Springs	45.038	-92.9559
MN	Pipestone	43.9959	-96.3111
MN	Plainview	44.1647	-92.1692
MN	Plato	44.7724	-94.0393
MN	Plummer	47.9152	-96.0415
MN	Plymouth	45.0223	-93.4629
MN	Ponemah	48.0348	-94.8983
MN	Porter	44.6414	-96.1699
MN	Preston	43.6726	-92.0828
MN	Princeton	45.5682	-93.5903
MN	Prinsburg	44.9349	-95.187
MN	Prior Lake	44.7256	-93.4409
MN	Proctor	46.7408	-92.2281
MN	Quamba	45.915	-93.1759
MN	Racine	43.7755	-92.481
MN	Ramsey	45.26	-93.4522
MN	Randall	46.0887	-94.5007
MN	Randolph	44.5266	-93.0206
MN	Ranier	48.6043	-93.3573
MN	Raymond	45.0184	-95.2367
MN	Red Lake	47.8699	-95.005
MN	Red Lake Falls	47.8837	-96.2727
MN	Red Wing	44.5813	-92.605
MN	Redby	47.87	-94.9037
MN	Redwood Falls	44.5471	-95.1026
MN	Regal	45.4054	-94.8397
MN	Remer	47.0569	-93.9126
MN	Renville	44.7908	-95.2048
MN	Revere	44.2216	-95.3611
MN	Rice	45.7586	-94.2429
MN	Rice Lake	46.9089	-92.1322
MN	Richfield	44.8744	-93.2824
MN	Richmond	45.4545	-94.5136
MN	Richville	46.5059	-95.6259
MN	Riverland	47.3229	-95.9511
MN	Riverton	46.457	-94.0545
MN	Robbinsdale	45.0245	-93.3306
MN	Rochester	44.0143	-92.4786
MN	Rock Creek	45.7647	-92.9035
MN	Rockford	45.0912	-93.7452
MN	Rockville	45.466	-94.3189
MN	Rogers	45.1838	-93.5717
MN	Rollingstone	44.0994	-91.8186
MN	Ronneby	45.6853	-93.8601
MN	Roosevelt	48.807	-95.101
MN	Roscoe	45.4323	-94.6365
MN	Rose Creek	43.6045	-92.8289
MN	Roseau	48.8444	-95.7625
MN	Rosemount	44.7458	-93.0689
MN	Roseville	45.0156	-93.1538
MN	Rothsay	46.4731	-96.2842
MN	Round Lake	43.5372	-95.4719
MN	Roy Lake	47.3168	-95.5387
MN	Royalton	45.8303	-94.2926
MN	Rush City	45.6874	-92.9653
MN	Rushford	43.8134	-91.7538
MN	Rushford Village	43.8046	-91.7856
MN	Rushmore	43.6197	-95.799
MN	Russell	44.3204	-95.944
MN	Ruthton	44.1775	-96.1034
MN	Rutledge	46.2559	-92.8782
MN	Sabin	46.7814	-96.6542
MN	Sacred Heart	44.7817	-95.3507
MN	Sanborn	44.21	-95.1295
MN	Sandstone	46.129	-92.8646
MN	Sargeant	43.8061	-92.8002
MN	Sartell	45.6181	-94.2122
MN	Sauk Centre	45.7365	-94.9527
MN	Sauk Rapids	45.5947	-94.1527
MN	Savage	44.7591	-93.3642
MN	Scandia	45.2515	-92.8334
MN	Scanlon	46.7059	-92.4287
MN	Seaforth	44.4759	-95.3359
MN	Searles	44.2308	-94.4361
MN	Sebeka	46.6292	-95.0879
MN	Sedan	45.5782	-95.2453
MN	Shafer	45.39	-92.7583
MN	Shakopee	44.7719	-93.4757
MN	Shelly	47.4582	-96.8197
MN	Sherburn	43.6549	-94.7275
MN	Shevlin	47.5301	-95.2595
MN	Shoreview	45.083	-93.1405
MN	Shorewood	44.9024	-93.5953
MN	Silver Bay	47.2933	-91.2768
MN	Silver Creek	45.3082	-93.9864
MN	Silver Lake	44.9042	-94.1986
MN	Skyline	44.1409	-94.0336
MN	Slayton	43.9902	-95.7584
MN	Sleepy Eye	44.2989	-94.7236
MN	Sobieski	45.923	-94.482
MN	Solway	47.521	-95.1303
MN	Soudan	47.813	-92.2356
MN	South End	47.3231	-95.4788
MN	South Haven	45.2927	-94.2174
MN	South St. Paul	44.888	-93.0405
MN	Spicer	45.2336	-94.94
MN	Spring Grove	43.5608	-91.637
MN	Spring Hill	45.5232	-94.8317
MN	Spring Lake Park	45.1159	-93.2452
MN	Spring Park	44.9359	-93.6301
MN	Spring Valley	43.6888	-92.3898
MN	Springfield	44.2372	-94.9819
MN	Squaw Lake	47.6207	-94.1374
MN	St. Anthony	45.0303	-93.2154
MN	St. Augusta	45.4502	-94.1938
MN	St. Bonifacius	44.9051	-93.7483
MN	St. Charles	43.9687	-92.0593
MN	St. Clair	44.0839	-93.8605
MN	St. Cloud	45.5267	-94.171
MN	St. Francis	45.394	-93.3941
MN	St. Hilaire	48.0132	-96.2136
MN	St. James	43.9834	-94.6254
MN	St. John's University	45.5797	-94.3919
MN	St. Joseph	45.5651	-94.3021
MN	St. Leo	44.7173	-96.0526
MN	St. Louis Park	44.9487	-93.365
MN	St. Martin	45.5028	-94.6677
MN	St. Marys Point	44.9105	-92.7702
MN	St. Michael	45.1992	-93.6895
MN	St. Paul	44.9489	-93.1041
MN	St. Paul Park	44.8357	-92.9941
MN	St. Peter	44.3293	-93.9677
MN	St. Rosa	45.7268	-94.7137
MN	St. Stephen	45.701	-94.2742
MN	St. Vincent	48.9691	-97.2263
MN	Stacy	45.3954	-92.986
MN	Stanchfield	45.6632	-93.1817
MN	Staples	46.3722	-94.815
MN	Starbuck	45.6116	-95.5322
MN	Steen	43.5143	-96.2631
MN	Stephen	48.4524	-96.8763
MN	Stewart	44.7238	-94.4866
MN	Stewartville	43.8607	-92.4898
MN	Stillwater	45.0586	-92.8304
MN	Stockton	44.0271	-91.7697
MN	Storden	44.0396	-95.3193
MN	Strandquist	48.4894	-96.4479
MN	Strathcona	48.5537	-96.167
MN	Sturgeon Lake	46.3903	-92.8221
MN	Sunburg	45.348	-95.2398
MN	Sunfish Lake	44.8727	-93.087
MN	Swanville	45.9162	-94.6388
MN	Taconite	47.318	-93.3829
MN	Tamarack	46.653	-93.125
MN	Taopi	43.5575	-92.6404
MN	Taunton	44.5942	-96.0629
MN	Taylors Falls	45.4056	-92.6736
MN	Tenstrike	47.6594	-94.6839
MN	The Lakes	44.1049	-95.6702
MN	The Ranch	47.3198	-95.6952
MN	Thief River Falls	48.1112	-96.1776
MN	Tintah	46.0108	-96.3201
MN	Tonka Bay	44.9144	-93.5855
MN	Tower	47.8158	-92.2747
MN	Tracy	44.2404	-95.6209
MN	Trail	47.7833	-95.698
MN	Trimont	43.761	-94.7162
MN	Trommald	46.5077	-94.0152
MN	Trosky	43.89	-96.2478
MN	Truman	43.8279	-94.4366
MN	Turtle River	47.5884	-94.7583
MN	Twin Lakes	47.219	-95.6488
MN	Twin Valley	47.2589	-96.2592
MN	Two Harbors	47.03	-91.6757
MN	Tyler	44.2779	-96.1361
MN	Ulen	47.0782	-96.2582
MN	Underwood	46.2911	-95.8728
MN	Upsala	45.8129	-94.5637
MN	Urbank	46.124	-95.5101
MN	Utica	43.9772	-91.9495
MN	Vadnais Heights	45.0579	-93.0665
MN	Vergas	46.6488	-95.8021
MN	Vermillion	44.6697	-92.9634
MN	Verndale	46.3969	-95.0122
MN	Vernon Center	43.9624	-94.1669
MN	Vesta	44.5066	-95.4141
MN	Victoria	44.8621	-93.6584
MN	Viking	48.2182	-96.4068
MN	Villard	45.7134	-95.2699
MN	Vineland	46.1793	-93.7812
MN	Vining	46.2574	-95.5359
MN	Virginia	47.528	-92.5176
MN	Wabasha	44.3711	-92.0457
MN	Wabasso	44.4025	-95.2554
MN	Waconia	44.8415	-93.7901
MN	Wadena	46.4472	-95.1267
MN	Wahkon	46.12	-93.5224
MN	Waite Park	45.5209	-94.243
MN	Waldorf	43.9331	-93.6976
MN	Walker	47.0908	-94.5869
MN	Walnut Grove	44.225	-95.4692
MN	Walters	43.6049	-93.6743
MN	Waltham	43.8193	-92.8746
MN	Wanamingo	44.3028	-92.7873
MN	Wanda	44.3132	-95.2135
MN	Warba	47.1356	-93.2701
MN	Warren	48.194	-96.7688
MN	Warroad	48.9171	-95.328
MN	Warsaw	44.2622	-93.3769
MN	Waseca	44.0815	-93.504
MN	Watertown	44.9602	-93.8439
MN	Waterville	44.2219	-93.5726
MN	Watkins	45.3158	-94.412
MN	Watson	45.0101	-95.7998
MN	Waubun	47.1839	-95.9401
MN	Waverly	45.0637	-93.9666
MN	Wayzata	44.97	-93.5182
MN	Welcome	43.6662	-94.6073
MN	Wells	43.7432	-93.7329
MN	Wendell	46.0359	-96.1008
MN	West Concord	44.1528	-92.9
MN	West Roy Lake	47.3115	-95.5954
MN	West St. Paul	44.9024	-93.0853
MN	West Union	45.8044	-95.0825
MN	Westbrook	44.0422	-95.4375
MN	Westport	45.7145	-95.1679
MN	Whalan	43.7332	-91.925
MN	Wheaton	45.8059	-96.498
MN	Whipholt	47.0405	-94.3854
MN	White Bear Lake	45.0652	-93.0129
MN	White Earth	47.1014	-95.8573
MN	Wilder	43.8289	-95.2078
MN	Willernie	45.0537	-92.958
MN	Williams	48.768	-94.9533
MN	Willmar	45.121	-95.0587
MN	Willow River	46.3238	-92.83
MN	Wilmont	43.7639	-95.8263
MN	Wilton	47.5075	-94.9998
MN	Windom	43.8736	-95.1191
MN	Winger	47.5363	-95.986
MN	Winnebago	43.7649	-94.1706
MN	Winona	44.0513	-91.6681
MN	Winsted	44.9582	-94.0503
MN	Winthrop	44.5423	-94.36
MN	Winton	47.9292	-91.8013
MN	Wolf Lake	46.8101	-95.3503
MN	Wolverton	46.563	-96.7362
MN	Wood Lake	44.6513	-95.5358
MN	Woodbury	44.9063	-92.9237
MN	Woodland	44.9498	-93.5214
MN	Woodstock	44.011	-96.0967
MN	Worthington	43.6287	-95.5997
MN	Wrenshall	46.6217	-92.3841
MN	Wright	46.6725	-93.0069
MN	Wykoff	43.7087	-92.2674
MN	Wyoming	45.3399	-92.9684
MN	Zemple	47.3207	-93.7859
MN	Zimmerman	45.4406	-93.5961
MN	Zumbro Falls	44.2878	-92.4271
MN	Zumbrota	44.2952	-92.6729
MO	Adrian	38.3963	-94.343
MO	Advance	37.1037	-89.9117
MO	Affton	38.5499	-90.3264
MO	Agency	39.6555	-94.7483
MO	Airport Drive	37.1405	-94.5162
MO	Alba	37.2372	-94.4176
MO	Albany	40.2479	-94.3335
MO	Aldrich	37.5487	-93.5511
MO	Alexandria	40.3599	-91.4594
MO	Allendale	40.4853	-94.2887
MO	Allenville	37.2218	-89.7555
MO	Alma	39.0964	-93.5478
MO	Altamont	39.888	-94.087
MO	Altenburg	37.6304	-89.5859
MO	Alton	36.6908	-91.3917
MO	Amazonia	39.8894	-94.8923
MO	Amity	39.8683	-94.4347
MO	Amoret	38.2548	-94.5873
MO	Amsterdam	38.3495	-94.5891
MO	Anderson	36.6531	-94.4441
MO	Annada	39.2623	-90.8287
MO	Annapolis	37.3611	-90.6958
MO	Anniston	36.8243	-89.3267
MO	Appleton City	38.1911	-94.0317
MO	Arbela	40.4631	-92.0156
MO	Arbyrd	36.0535	-90.2399
MO	Arcadia	37.5859	-90.6295
MO	Archie	38.4811	-94.3506
MO	Arcola	37.5493	-93.8753
MO	Argyle	38.2954	-92.0255
MO	Arkoe	40.2594	-94.8279
MO	Armstrong	39.2692	-92.7042
MO	Arnold	38.426	-90.3693
MO	Arrow Point	36.5441	-93.6224
MO	Arrow Rock	39.07	-92.9472
MO	Asbury	37.2729	-94.6052
MO	Ash Grove	37.3185	-93.58
MO	Ashburn	39.5458	-91.172
MO	Ashland	38.8125	-92.2395
MO	Ashley	39.2533	-91.2235
MO	Atlanta	39.8982	-92.4803
MO	Augusta	38.5694	-90.8812
MO	Aullville	39.0175	-93.6779
MO	Aurora	36.9674	-93.7186
MO	Aurora Springs	38.3244	-92.5824
MO	Auxvasse	39.0175	-91.8956
MO	Ava	36.9562	-92.666
MO	Avalon	39.6597	-93.4393
MO	Avilla	37.1938	-94.1298
MO	Avondale	39.1545	-94.5452
MO	Bagnell	38.2314	-92.6041
MO	Baker	36.7735	-89.7614
MO	Bakersfield	36.5267	-92.148
MO	Baldwin Park	38.7927	-94.2489
MO	Ballwin	38.5951	-90.55
MO	Baring	40.2448	-92.2059
MO	Barnard	40.1754	-94.8232
MO	Barnett	38.3774	-92.6746
MO	Barnhart	38.3366	-90.4031
MO	Bates City	39.0039	-94.0634
MO	Battlefield	37.1193	-93.3683
MO	Bel-Nor	38.6981	-90.3178
MO	Bel-Ridge	38.7128	-90.3285
MO	Bell City	37.024	-89.8193
MO	Bella Villa	38.5436	-90.2854
MO	Belle	38.2851	-91.7215
MO	Bellefontaine Neighbors	38.7528	-90.228
MO	Bellerive Acres	38.7122	-90.3121
MO	Bellflower	39.0039	-91.3517
MO	Belton	38.8187	-94.5296
MO	Bennett Springs	37.7337	-92.8563
MO	Bent Tree Harbor	38.2466	-93.4899
MO	Benton	37.0993	-89.5605
MO	Benton City	39.1345	-91.7649
MO	Berger	38.667	-91.3411
MO	Berkeley	38.7463	-90.3362
MO	Bernie	36.6717	-89.9707
MO	Bertrand	36.9077	-89.4526
MO	Bethany	40.2682	-94.0298
MO	Bethel	39.8778	-92.0227
MO	Beverly Hills	38.6979	-90.2901
MO	Bevier	39.7514	-92.5639
MO	Biehle	37.6065	-89.8377
MO	Big Lake	40.0727	-95.3504
MO	Big Spring	38.7949	-91.4829
MO	Bigelow	40.1098	-95.2894
MO	Billings	37.0641	-93.5556
MO	Birch Tree	36.9967	-91.4917
MO	Birmingham	39.1676	-94.4501
MO	Bismarck	37.7673	-90.6225
MO	Black Jack	38.799	-90.2634
MO	Blackburn	39.1048	-93.486
MO	Blackwater	38.9792	-92.992
MO	Blairstown	38.5579	-93.9578
MO	Blanchard	40.5749	-95.211
MO	Bland	38.3004	-91.6331
MO	Blodgett	37.004	-89.5281
MO	Bloomfield	36.8876	-89.9298
MO	Bloomsdale	38.0144	-90.2204
MO	Blue Eye	36.5193	-93.3771
MO	Blue Springs	39.012	-94.2676
MO	Blue Summit	39.0869	-94.4807
MO	Blythedale	40.4752	-93.9275
MO	Bogard	39.4579	-93.5239
MO	Bolckow	40.1152	-94.8212
MO	Bolivar	37.6067	-93.4167
MO	Bonne Terre	37.9211	-90.5427
MO	Boonville	38.9614	-92.7462
MO	Bosworth	39.4699	-93.3356
MO	Bourbon	38.1506	-91.2493
MO	Bowling Green	39.3448	-91.2025
MO	Bragg City	36.2681	-89.9113
MO	Brandsville	36.6507	-91.6965
MO	Branson	36.6123	-93.2918
MO	Branson West	36.6886	-93.3931
MO	Brashear	40.1483	-92.3788
MO	Braymer	39.5902	-93.7959
MO	Breckenridge	39.7615	-93.8052
MO	Breckenridge Hills	38.7158	-90.3684
MO	Brentwood	38.6194	-90.3475
MO	Brewer	37.7836	-89.918
MO	Briarwood Estates	38.1561	-90.5866
MO	Bridgeton	38.7733	-90.417
MO	Brimson	40.1449	-93.7384
MO	Bronaugh	37.6937	-94.4686
MO	Brookfield	39.7853	-93.078
MO	Brooklyn Heights	37.1694	-94.3855
MO	Broseley	36.6754	-90.2441
MO	Browning	40.0349	-93.1603
MO	Brownington	38.2444	-93.7227
MO	Brumley	38.088	-92.4845
MO	Brunswick	39.4272	-93.1272
MO	Bucklin	39.784	-92.8881
MO	Buckner	39.1325	-94.1968
MO	Buell	39.0324	-91.4407
MO	Buffalo	37.6452	-93.0966
MO	Bull Creek	36.7152	-93.2019
MO	Bunceton	38.7897	-92.7987
MO	Bunker	37.4576	-91.2116
MO	Burfordville	37.3677	-89.8098
MO	Burgess	37.5569	-94.6155
MO	Burlington Junction	40.4466	-95.0667
MO	Butler	38.2594	-94.3395
MO	Butterfield	36.746	-93.904
MO	Byrnes Mill	38.439	-90.5736
MO	Cabool	37.1265	-92.1032
MO	Cainsville	40.4398	-93.7747
MO	Cairo	39.5112	-92.441
MO	Caledonia	37.7648	-90.7724
MO	Calhoun	38.4681	-93.6239
MO	California	38.6303	-92.5671
MO	Callao	39.7624	-92.6233
MO	Calverton Park	38.7652	-90.3116
MO	Camden	39.1991	-94.0234
MO	Camden Point	39.4528	-94.7504
MO	Camdenton	38.0132	-92.7514
MO	Cameron	39.7445	-94.2323
MO	Campbell	36.493	-90.0761
MO	Canalou	36.754	-89.6865
MO	Canton	40.1299	-91.5258
MO	Cape Girardeau	37.3094	-89.5584
MO	Cardwell	36.0475	-90.2909
MO	Carl Junction	37.1642	-94.5427
MO	Carrollton	39.3636	-93.4951
MO	Carterville	37.1466	-94.4388
MO	Carthage	37.1506	-94.3279
MO	Caruthersville	36.1813	-89.6669
MO	Carytown	37.2615	-94.3345
MO	Cassville	36.6783	-93.8681
MO	Castle Point	38.7568	-90.2485
MO	Catron	36.611	-89.706
MO	Cave	39.0236	-91.0419
MO	Cedar Hill	38.3575	-90.641
MO	Cedar Hill Lakes	38.3303	-90.6575
MO	Center	39.5094	-91.5293
MO	Centertown	38.618	-92.409
MO	Centerview	38.746	-93.8443
MO	Centerville	37.4367	-90.9597
MO	Centralia	39.2108	-92.1343
MO	Chaffee	37.1812	-89.6612
MO	Chain of Rocks	38.915	-90.8023
MO	Chain-O-Lakes	36.5342	-93.7242
MO	Chamois	38.6738	-91.773
MO	Champ	38.745	-90.4535
MO	Charlack	38.7029	-90.3427
MO	Charleston	36.9169	-89.3339
MO	Charmwood	38.281	-91.0968
MO	Cherokee Pass	37.4875	-90.295
MO	Chesapeake	37.1148	-93.6788
MO	Chesterfield	38.6581	-90.576
MO	Chilhowee	38.5886	-93.8562
MO	Chillicothe	39.7961	-93.55
MO	Chula	39.9219	-93.4776
MO	Clarence	39.7432	-92.2601
MO	Clark	39.2797	-92.3595
MO	Clarksburg	38.6613	-92.6665
MO	Clarksdale	39.8138	-94.5508
MO	Clarkson Valley	38.6253	-90.593
MO	Clarksville	39.3695	-90.9049
MO	Clarkton	36.452	-89.9681
MO	Claycomo	39.1986	-94.4788
MO	Clayton	38.6444	-90.3302
MO	Clearmont	40.508	-95.0326
MO	Cleveland	38.6778	-94.6
MO	Clever	37.0315	-93.4709
MO	Cliff Village	37.0251	-94.5172
MO	Clifton Hill	39.4386	-92.6637
MO	Climax Springs	38.1004	-93.0528
MO	Clinton	38.3712	-93.7681
MO	Clyde	40.2662	-94.6696
MO	Cobalt	37.5451	-90.2869
MO	Coffey	40.1055	-94.0065
MO	Cole Camp	38.4596	-93.2021
MO	Collins	37.8896	-93.6218
MO	Columbia	38.9473	-92.3264
MO	Commerce	37.16	-89.447
MO	Conception	40.2388	-94.6809
MO	Conception Junction	40.2684	-94.6914
MO	Concord	38.5117	-90.3509
MO	Concordia	38.9875	-93.5692
MO	Coney Island	36.5932	-93.3971
MO	Connelsville	40.2778	-92.7018
MO	Conway	37.5068	-92.831
MO	Cool Valley	38.725	-90.3058
MO	Cooter	36.0467	-89.8092
MO	Corder	39.0992	-93.6389
MO	Corning	40.2486	-95.4545
MO	Cosby	39.8638	-94.6798
MO	Cottleville	38.7516	-90.6578
MO	Country Club	39.8467	-94.8239
MO	Country Club Hills	38.7209	-90.2751
MO	Country Life Acres	38.6222	-90.4554
MO	Cowgill	39.5608	-93.9262
MO	Craig	40.1924	-95.3743
MO	Crane	36.9013	-93.5681
MO	Creighton	38.4966	-94.0721
MO	Crestwood	38.5569	-90.3782
MO	Creve Coeur	38.662	-90.443
MO	Crocker	37.9469	-92.2679
MO	Cross Timbers	38.0243	-93.2294
MO	Crystal City	38.2228	-90.3815
MO	Crystal Lake Park	38.6212	-90.4321
MO	Crystal Lakes	39.3583	-94.1867
MO	Cuba	38.0671	-91.4057
MO	Curryville	39.3457	-91.3415
MO	Dadeville	37.4797	-93.6737
MO	Dalton	39.3976	-92.9921
MO	Danville	38.9122	-91.5298
MO	Dardenne Prairie	38.7411	-90.7154
MO	Darlington	40.198	-94.3997
MO	Dawn	39.6713	-93.6341
MO	De Kalb	39.5883	-94.9236
MO	De Soto	38.1411	-90.5608
MO	De Witt	39.3849	-93.2199
MO	Dearborn	39.5251	-94.772
MO	Deepwater	38.2592	-93.7751
MO	Deerfield	37.8387	-94.5077
MO	Deering	36.1916	-89.8842
MO	Defiance	38.6328	-90.7846
MO	Dellwood	38.7563	-90.2766
MO	Delta	37.1975	-89.7392
MO	Dennis Acres	37.0465	-94.5044
MO	Denton	36.0905	-89.8915
MO	Denver	40.3989	-94.3233
MO	Des Arc	37.2832	-90.6361
MO	Des Peres	38.5984	-90.4453
MO	Desloge	37.8751	-90.5191
MO	Dexter	36.7928	-89.963
MO	Diamond	36.9971	-94.3154
MO	Diehlstadt	36.9593	-89.4323
MO	Diggins	37.1737	-92.8515
MO	Dixon	37.9953	-92.0959
MO	Doe Run	37.7455	-90.4999
MO	Doniphan	36.6234	-90.8219
MO	Doolittle	37.9417	-91.891
MO	Dover	39.1941	-93.6895
MO	Downing	40.4868	-92.3686
MO	Drexel	38.5009	-94.6038
MO	Dudley	36.7897	-90.0916
MO	Duenweg	37.0892	-94.4093
MO	Duquesne	37.0709	-94.4568
MO	Dutchtown	37.2598	-89.6465
MO	Eagle Rock	36.5541	-93.7436
MO	Eagleville	40.4687	-93.986
MO	East Lynne	38.6682	-94.2307
MO	East Prairie	36.7789	-89.3841
MO	Easton	39.7229	-94.6406
MO	Edgar Springs	37.7026	-91.8661
MO	Edgerton	39.5023	-94.6296
MO	Edina	40.168	-92.173
MO	Edinburg	40.0811	-93.6898
MO	Edmundson	38.7351	-90.3657
MO	El Dorado Springs	37.8697	-94.02
MO	Eldon	38.3512	-92.5767
MO	Ellington	37.2369	-90.9737
MO	Ellisville	38.5896	-90.5884
MO	Ellsinore	36.9328	-90.7477
MO	Elmer	39.9579	-92.6488
MO	Elmira	39.5086	-94.1546
MO	Elmo	40.5187	-95.117
MO	Elsberry	39.1676	-90.7882
MO	Emerald Beach	36.5742	-93.6708
MO	Eminence	37.1509	-91.3587
MO	Emma	38.9752	-93.495
MO	Eolia	39.2379	-91.0132
MO	Essex	36.8118	-89.8626
MO	Ethel	39.8938	-92.7407
MO	Eugene	38.3571	-92.4019
MO	Eureka	38.4985	-90.6454
MO	Evergreen	37.55	-92.5958
MO	Everton	37.3432	-93.7027
MO	Ewing	40.0087	-91.7147
MO	Excello	39.6314	-92.4722
MO	Excelsior Estates	39.3899	-94.2082
MO	Excelsior Springs	39.3399	-94.241
MO	Exeter	36.6707	-93.9399
MO	Fair Grove	37.3833	-93.1522
MO	Fair Play	37.6336	-93.5772
MO	Fairdealing	36.6631	-90.6045
MO	Fairfax	40.3395	-95.392
MO	Fairview	36.8173	-94.0866
MO	Farber	39.2742	-91.5767
MO	Farley	39.2883	-94.8285
MO	Farmington	37.7825	-90.4273
MO	Faucett	39.6002	-94.7975
MO	Fayette	39.1473	-92.6857
MO	Fenton	38.5285	-90.4507
MO	Ferguson	38.7488	-90.2958
MO	Ferrelview	39.3143	-94.6653
MO	Festus	38.2194	-90.4097
MO	Fidelity	37.0817	-94.3096
MO	Fillmore	40.0253	-94.9731
MO	Fisk	36.7823	-90.2075
MO	Fleming	39.1955	-94.0521
MO	Flemington	37.8039	-93.5014
MO	Flint Hill	38.8633	-90.8695
MO	Flordell Hills	38.7174	-90.2648
MO	Florida	39.493	-91.7906
MO	Florissant	38.7997	-90.3271
MO	Foley	39.0454	-90.7408
MO	Fordland	37.1546	-92.9419
MO	Forest City	39.983	-95.1883
MO	Foristell	38.8144	-90.959
MO	Forsyth	36.6853	-93.1027
MO	Fort Leonard Wood	37.7562	-92.1278
MO	Fortescue	40.0519	-95.3176
MO	Fortuna	38.5677	-92.797
MO	Foster	38.1667	-94.5083
MO	Fountain N' Lakes	38.969	-90.8493
MO	Frankclay	37.863	-90.6144
MO	Frankford	39.4924	-91.3202
MO	Franklin	39.0113	-92.7549
MO	Fredericktown	37.563	-90.3035
MO	Freeburg	38.3161	-91.9223
MO	Freeman	38.6253	-94.5078
MO	Freistatt	37.0213	-93.8976
MO	Fremont	36.9523	-91.1623
MO	Fremont Hills	37.0647	-93.2531
MO	Friedenswald	38.0728	-92.76
MO	Frisbee	36.3516	-90.0298
MO	Frohna	37.6376	-89.6198
MO	Frontenac	38.6301	-90.419
MO	Fulton	38.8551	-91.9508
MO	Gainesville	36.6063	-92.4246
MO	Galena	36.8032	-93.4695
MO	Gallatin	39.9104	-93.964
MO	Galt	40.1273	-93.3879
MO	Garden City	38.5621	-94.1952
MO	Gasconade	38.6703	-91.5599
MO	Gentry	40.3326	-94.4233
MO	Gerald	38.3994	-91.3303
MO	Gerster	37.9551	-93.5768
MO	Gibbs	40.099	-92.4166
MO	Gideon	36.4444	-89.906
MO	Gilliam	39.2327	-93.0041
MO	Gilman City	40.1312	-93.8739
MO	Ginger Blue	36.5899	-94.4596
MO	Gladstone	39.213	-94.559
MO	Glasgow	39.2285	-92.8377
MO	Glasgow Village	38.7579	-90.1984
MO	Glen Allen	37.3171	-90.0281
MO	Glen Echo Park	38.7009	-90.2964
MO	Glenaire	39.2197	-94.4515
MO	Glendale	38.5935	-90.3826
MO	Glenwood	40.523	-92.5759
MO	Golden	36.5371	-93.6604
MO	Golden City	37.3936	-94.0951
MO	Goodman	36.7388	-94.4092
MO	Goose Creek Lake	37.9803	-90.3317
MO	Gordonville	37.3086	-89.6739
MO	Goss	39.5146	-91.9447
MO	Gower	39.6132	-94.5948
MO	Graham	40.2013	-95.0404
MO	Grain Valley	39.015	-94.2164
MO	Granby	36.9196	-94.2629
MO	Grand Falls Plaza	37.0362	-94.5393
MO	Grand Pass	39.2049	-93.4426
MO	Grandin	36.8309	-90.8213
MO	Grandview	38.8814	-94.5227
MO	Granger	40.467	-91.9735
MO	Grant City	40.4858	-94.4135
MO	Grantwood Village	38.5511	-90.354
MO	Gravois Mills	38.2995	-92.825
MO	Gray Summit	38.4949	-90.8154
MO	Grayhawk	37.9269	-90.242
MO	Grayridge	36.8247	-89.7819
MO	Grayson	39.5343	-94.5618
MO	Green Castle	40.2586	-92.8759
MO	Green City	40.2648	-92.9615
MO	Green Park	38.5232	-90.3378
MO	Green Ridge	38.6213	-93.4099
MO	Greendale	38.6938	-90.3125
MO	Greenfield	37.4161	-93.8429
MO	Greentop	40.3506	-92.5661
MO	Greenville	37.1279	-90.4479
MO	Greenwood	38.8421	-94.3335
MO	Grovespring	37.4039	-92.6068
MO	Guilford	40.1686	-94.736
MO	Gunn City	38.666	-94.164
MO	Hale	39.6051	-93.3433
MO	Halfway	37.6188	-93.2405
MO	Hallsville	39.1194	-92.2268
MO	Halltown	37.1945	-93.6291
MO	Hamilton	39.7435	-94.0024
MO	Hanley Hills	38.6855	-90.3248
MO	Hannibal	39.7102	-91.394
MO	Hardin	39.2676	-93.8313
MO	Harris	40.3061	-93.3504
MO	Harrisburg	39.1402	-92.4596
MO	Harrisonville	38.6525	-94.347
MO	Hartsburg	38.6972	-92.307
MO	Hartville	37.2503	-92.5133
MO	Hartwell	38.4315	-93.9339
MO	Harviell	36.6564	-90.4789
MO	Harwood	37.9567	-94.1539
MO	Hawk Point	38.9713	-91.1306
MO	Hayti	36.2325	-89.7474
MO	Hayti Heights	36.2312	-89.7682
MO	Hayward	36.396	-89.6668
MO	Haywood City	37.0117	-89.6003
MO	Hazelwood	38.7947	-90.396
MO	Henrietta	39.237	-93.9384
MO	Herculaneum	38.2576	-90.3931
MO	Hermann	38.6977	-91.4349
MO	Hermitage	37.9451	-93.329
MO	Higbee	39.3063	-92.5132
MO	Higginsville	39.0657	-93.7268
MO	High Hill	38.8763	-91.3807
MO	High Ridge	38.4608	-90.5338
MO	Highlandville	36.9395	-93.2826
MO	Hillsboro	38.233	-90.5672
MO	Hillsdale	38.6858	-90.2869
MO	Hoberg	37.0682	-93.8493
MO	Holcomb	36.4013	-90.0248
MO	Holden	38.7135	-93.9894
MO	Holland	36.057	-89.8705
MO	Holliday	39.4919	-92.1343
MO	Hollister	36.6072	-93.232
MO	Hollywood	36.0515	-90.186
MO	Holt	39.4542	-94.3385
MO	Holts Summit	38.6473	-92.113
MO	Homestead	39.3632	-94.2005
MO	Homestown	36.3318	-89.8242
MO	Hopkins	40.5512	-94.817
MO	Horine	38.2688	-90.4321
MO	Hornersville	36.0402	-90.1164
MO	Houston	37.3209	-91.9612
MO	Houston Lake	39.1901	-94.6202
MO	Houstonia	38.8994	-93.3594
MO	Howardville	36.5684	-89.5971
MO	Hughesville	38.8369	-93.2952
MO	Humansville	37.7951	-93.577
MO	Hume	38.0904	-94.5832
MO	Humphreys	40.1233	-93.3217
MO	Hunnewell	39.668	-91.8589
MO	Hunter	36.8819	-90.8479
MO	Huntleigh	38.6131	-90.4091
MO	Huntsdale	38.912	-92.4786
MO	Huntsville	39.4364	-92.5438
MO	Hurdland	40.1484	-92.3026
MO	Hurley	36.9306	-93.4992
MO	Iantha	37.5149	-94.3994
MO	Iatan	39.479	-94.9847
MO	Iberia	38.0887	-92.2962
MO	Imperial	38.3525	-90.3823
MO	Independence	39.0855	-94.3521
MO	Indian Lake	38.1026	-91.4534
MO	Indian Point	36.6466	-93.3461
MO	Innsbrook	38.7616	-91.0544
MO	Ionia	38.5037	-93.3235
MO	Irena	40.5403	-94.3899
MO	Iron Mountain Lake	37.6909	-90.6217
MO	Irondale	37.8374	-90.6701
MO	Ironton	37.5958	-90.6298
MO	Irwin	37.5887	-94.2866
MO	Jackson	37.3799	-89.6541
MO	Jacksonville	39.5878	-92.4729
MO	Jameson	40.0059	-93.9878
MO	Jamesport	39.9746	-93.8026
MO	Jamestown	38.7692	-92.4839
MO	Jane	36.5403	-94.3078
MO	Jasper	37.3357	-94.3028
MO	Jefferson City	38.5675	-92.1753
MO	Jennings	38.7231	-90.2644
MO	Jerico Springs	37.619	-94.0152
MO	Jonesburg	38.8562	-91.3038
MO	Joplin	37.0752	-94.5013
MO	Josephville	38.8305	-90.7883
MO	Junction City	37.574	-90.2932
MO	Kahoka	40.4236	-91.7187
MO	Kansas City	39.1224	-94.5551
MO	Kearney	39.3551	-94.3586
MO	Kelso	37.1922	-89.5504
MO	Kennett	36.2402	-90.0472
MO	Keytesville	39.4314	-92.9378
MO	Kidder	39.782	-94.1025
MO	Kimberling City	36.648	-93.4242
MO	Kimmswick	38.3658	-90.3643
MO	King City	40.0506	-94.5252
MO	Kingdom City	38.9473	-91.9354
MO	Kingston	39.6426	-94.0384
MO	Kingsville	38.7436	-94.0708
MO	Kinloch	38.7384	-90.325
MO	Kirbyville	36.6294	-93.1568
MO	Kirksville	40.1982	-92.5746
MO	Kirkwood	38.5794	-90.4209
MO	Kissee Mills	36.667	-93.0524
MO	Knob Lick	37.6785	-90.3679
MO	Knob Noster	38.7673	-93.5636
MO	Knox City	40.1442	-92.0102
MO	Koshkonong	36.5974	-91.646
MO	La Belle	40.1162	-91.9153
MO	La Due	38.3125	-93.8777
MO	La Grange	40.0469	-91.5023
MO	La Monte	38.7717	-93.4239
MO	La Plata	40.024	-92.4908
MO	La Russell	37.1402	-94.0609
MO	La Tour	38.6356	-94.1005
MO	LaBarque Creek	38.417	-90.6799
MO	Laclede	39.7874	-93.1697
MO	Laddonia	39.2428	-91.6426
MO	Ladue	38.6364	-90.3851
MO	Lake Annette	38.6537	-94.5058
MO	Lake Arrowhead	39.4841	-94.3172
MO	Lake Lafayette	38.9492	-93.9681
MO	Lake Lotawana	38.9038	-94.2584
MO	Lake Ozark	38.2009	-92.63
MO	Lake St. Clair	38.3229	-90.9992
MO	Lake St. Louis	38.7799	-90.7856
MO	Lake Tapawingo	39.0224	-94.3139
MO	Lake Tekakwitha	38.4412	-90.7181
MO	Lake Timberline	37.9974	-90.5499
MO	Lake Viking	39.9322	-94.0667
MO	Lake Waukomis	39.2327	-94.6378
MO	Lake Winnebago	38.8213	-94.3614
MO	Lakeshire	38.5399	-90.3384
MO	Lakeside	38.2041	-92.6214
MO	Lamar	37.4939	-94.2784
MO	Lamar Heights	37.4944	-94.2934
MO	Lambert	37.0938	-89.5548
MO	Lanagan	36.6061	-94.4517
MO	Lancaster	40.5263	-92.5317
MO	Laredo	40.0261	-93.448
MO	Latham	38.5594	-92.6789
MO	Lathrop	39.5618	-94.3199
MO	Laurie	38.208	-92.8254
MO	Lawson	39.433	-94.2203
MO	Leadington	37.8343	-90.4807
MO	Leadwood	37.8617	-90.5892
MO	Leasburg	38.0948	-91.2953
MO	Leawood	37.0311	-94.5019
MO	Lebanon	37.6721	-92.6597
MO	Lee's Summit	38.9216	-94.3848
MO	Leeton	38.5833	-93.6953
MO	Leisure Lake	40.1098	-93.7235
MO	Lemay	38.5335	-90.285
MO	Leonard	39.8944	-92.182
MO	Leslie	38.4179	-91.231
MO	Levasy	39.1352	-94.1281
MO	Lewis and Clark Village	39.5359	-95.0515
MO	Lewistown	40.0848	-91.8134
MO	Lexington	39.1803	-93.8691
MO	Liberal	37.559	-94.5172
MO	Liberty	39.2413	-94.4194
MO	Licking	37.5005	-91.8611
MO	Lilbourn	36.5908	-89.6131
MO	Lincoln	38.3941	-93.3307
MO	Linn	38.4788	-91.845
MO	Linn Creek	38.0429	-92.714
MO	Linneus	39.8775	-93.1866
MO	Lithium	37.8318	-89.8833
MO	Livonia	40.492	-92.7005
MO	Loch Lloyd	38.8282	-94.5973
MO	Lock Springs	39.8488	-93.7762
MO	Lockwood	37.387	-93.9599
MO	Lohman	38.5429	-92.3646
MO	Loma Linda	36.9879	-94.5902
MO	Lone Jack	38.8709	-94.1856
MO	Longtown	37.6703	-89.7741
MO	Louisburg	37.7564	-93.141
MO	Louisiana	39.4415	-91.062
MO	Lowry City	38.14	-93.7268
MO	Lucerne	40.4637	-93.2917
MO	Ludlow	39.6543	-93.7026
MO	Lupus	38.846	-92.454
MO	Luray	40.4523	-91.8841
MO	Macks Creek	37.9635	-92.9669
MO	Macon	39.7422	-92.4706
MO	Madison	39.4755	-92.2138
MO	Maitland	40.2021	-95.0779
MO	Malden	36.601	-89.9975
MO	Malta Bend	39.194	-93.3635
MO	Manchester	38.583	-90.5064
MO	Mansfield	37.1098	-92.581
MO	Maplewood	38.6121	-90.3239
MO	Marble Hill	37.3025	-89.9818
MO	Marceline	39.7175	-92.9474
MO	Marionville	37.0022	-93.6356
MO	Marlborough	38.5683	-90.3392
MO	Marquand	37.4288	-90.1674
MO	Marshall	39.1151	-93.2025
MO	Marshfield	37.3422	-92.911
MO	Marston	36.5172	-89.6058
MO	Marthasville	38.6309	-91.058
MO	Martinsburg	39.101	-91.6473
MO	Maryland Heights	38.7168	-90.4718
MO	Maryville	40.3425	-94.87
MO	Matthews	36.7568	-89.5675
MO	Maysville	39.8856	-94.369
MO	Mayview	39.0528	-93.8333
MO	McBaine	38.8828	-92.4565
MO	McCord Bend	36.7874	-93.5031
MO	McFall	40.1116	-94.2223
MO	McKittrick	38.7399	-91.4452
MO	Meadville	39.7872	-93.2981
MO	Medill	40.4304	-91.7704
MO	Mehlville	38.5023	-90.3144
MO	Memphis	40.4608	-92.1699
MO	Mendon	39.5906	-93.1339
MO	Mercer	40.5106	-93.5299
MO	Merriam Woods	36.7215	-93.1729
MO	Merwin	38.4041	-94.5908
MO	Meta	38.3123	-92.1656
MO	Metz	37.9968	-94.4425
MO	Mexico	39.1622	-91.8728
MO	Miami	39.3225	-93.2259
MO	Middle Grove	39.3973	-92.2757
MO	Middletown	39.1287	-91.4138
MO	Milan	40.2032	-93.124
MO	Milford	37.5863	-94.1582
MO	Mill Spring	37.0651	-90.6779
MO	Millard	40.1075	-92.546
MO	Miller	37.2151	-93.841
MO	Millersville	37.4294	-89.7907
MO	Milo	37.7554	-94.3051
MO	Mindenmines	37.4786	-94.579
MO	Mine La Motte	37.6142	-90.2965
MO	Miner	36.9069	-89.5359
MO	Mineral Point	37.9456	-90.7246
MO	Miramiguoa Park	38.239	-91.0687
MO	Missouri City	39.2383	-94.3027
MO	Moberly	39.4181	-92.4365
MO	Mokane	38.6744	-91.8724
MO	Moline Acres	38.7456	-90.243
MO	Monett	36.9215	-93.9271
MO	Monroe City	39.6544	-91.7325
MO	Montgomery City	38.9739	-91.5026
MO	Monticello	40.119	-91.7131
MO	Montier	36.9817	-91.575
MO	Montreal	37.9697	-92.5895
MO	Montrose	38.2586	-93.9824
MO	Mooresville	39.7467	-93.7209
MO	Morehouse	36.8464	-89.691
MO	Morley	37.0433	-89.6122
MO	Morrison	38.6701	-91.6325
MO	Morrisville	37.4786	-93.434
MO	Mosby	39.3156	-94.3071
MO	Moscow Mills	38.9435	-90.9247
MO	Mound City	40.1365	-95.2337
MO	Moundville	37.7647	-94.4509
MO	Mount Leonard	39.1254	-93.3945
MO	Mount Moriah	40.3293	-93.7971
MO	Mount Vernon	37.1048	-93.8187
MO	Mountain Grove	37.1342	-92.2663
MO	Mountain View	36.9937	-91.7019
MO	Murphy	38.4921	-90.4859
MO	Napoleon	39.1285	-94.0888
MO	Naylor	36.5745	-90.6056
MO	Neck City	37.2549	-94.4449
MO	Neelyville	36.5563	-90.5137
MO	Nelson	38.9945	-93.0308
MO	Neosho	36.8475	-94.3977
MO	Nevada	37.8449	-94.3503
MO	New Bloomfield	38.7172	-92.0917
MO	New Cambria	39.7767	-92.7513
MO	New Florence	38.9085	-91.4548
MO	New Franklin	39.0148	-92.7448
MO	New Hamburg	37.132	-89.5983
MO	New Hampton	40.2648	-94.1951
MO	New Haven	38.605	-91.2178
MO	New London	39.5842	-91.3989
MO	New Madrid	36.5864	-89.5512
MO	New Market	39.5018	-94.7994
MO	New Melle	38.7189	-90.8822
MO	New Wells	37.554	-89.6245
MO	Newark	39.9944	-91.9736
MO	Newburg	37.9156	-91.9004
MO	Newtonia	36.8793	-94.1837
MO	Newtown	40.3746	-93.3324
MO	Niangua	37.3889	-92.8301
MO	Nixa	37.0451	-93.2959
MO	Noel	36.5412	-94.4895
MO	Norborne	39.3024	-93.676
MO	Normandy	38.7071	-90.3009
MO	North Kansas City	39.1396	-94.5648
MO	North Lilbourn	36.6018	-89.622
MO	Northmoor	39.1845	-94.6055
MO	Northwoods	38.7035	-90.2824
MO	Norwood	37.1072	-92.4189
MO	Norwood Court	38.7141	-90.2895
MO	Novelty	40.0125	-92.2072
MO	Novinger	40.2344	-92.707
MO	O'Fallon	38.7847	-90.7207
MO	Oak Grove	39.007	-94.1284
MO	Oak Grove Village	38.2277	-91.1495
MO	Oak Ridge	37.4987	-89.7299
MO	Oakland	38.5768	-90.3849
MO	Oaks	39.197	-94.572
MO	Oakview	39.2085	-94.5704
MO	Oakville	38.4498	-90.3184
MO	Oakwood	39.2005	-94.5705
MO	Oakwood Park	39.2047	-94.5738
MO	Odessa	38.9994	-93.9664
MO	Old Appleton	37.5939	-89.7107
MO	Old Jamestown	38.8349	-90.2851
MO	Old Monroe	38.9342	-90.7491
MO	Olean	38.4104	-92.53
MO	Olivette	38.6724	-90.3786
MO	Olympian Village	38.1348	-90.4582
MO	Oran	37.0855	-89.6534
MO	Oregon	39.9861	-95.1433
MO	Oronogo	37.1917	-94.4639
MO	Orrick	39.2136	-94.1262
MO	Osage Beach	38.1362	-92.647
MO	Osborn	39.7499	-94.3569
MO	Osceola	38.046	-93.6941
MO	Osgood	40.1973	-93.3505
MO	Otterville	38.7029	-93.0028
MO	Overland	38.6959	-90.3683
MO	Owensville	38.3484	-91.4974
MO	Oxly	36.6025	-90.679
MO	Ozark	37.0336	-93.218
MO	Ozora	37.8627	-90.0505
MO	Pacific	38.4814	-90.7507
MO	Pagedale	38.6802	-90.3081
MO	Palmyra	39.7978	-91.5265
MO	Paradise	39.4289	-94.5128
MO	Paris	39.473	-92.0085
MO	Park Hills	37.817	-90.4999
MO	Parkdale	38.481	-90.5271
MO	Parkville	39.2144	-94.7043
MO	Parkway	38.3355	-90.9682
MO	Parma	36.6111	-89.8181
MO	Parnell	40.4384	-94.6223
MO	Pasadena Hills	38.7083	-90.2921
MO	Pasadena Park	38.711	-90.2974
MO	Pascola	36.2673	-89.8258
MO	Passaic	38.3216	-94.349
MO	Pattonsburg	40.0688	-94.1088
MO	Paynesville	39.2625	-90.9003
MO	Peaceful Village	38.467	-90.5428
MO	Peculiar	38.7308	-94.4686
MO	Pendleton	38.8349	-91.2295
MO	Penermon	36.791	-89.8301
MO	Perkins	37.0943	-89.7747
MO	Perry	39.4336	-91.6623
MO	Perryville	37.7263	-89.8765
MO	Pevely	38.2881	-90.4
MO	Phelps City	40.4006	-95.595
MO	Philadelphia	39.8351	-91.7412
MO	Phillipsburg	37.5526	-92.7895
MO	Pickering	40.4502	-94.8419
MO	Piedmont	37.1504	-90.6957
MO	Pierce City	36.9469	-94.0035
MO	Pierpont	38.8632	-92.313
MO	Pilot Grove	38.8736	-92.9126
MO	Pilot Knob	37.6229	-90.6448
MO	Pine Lawn	38.6953	-90.2756
MO	Pineville	36.5755	-94.3915
MO	Pinhook	36.738	-89.2695
MO	Plato	37.5016	-92.2184
MO	Platte City	39.3597	-94.7563
MO	Platte Woods	39.2289	-94.6521
MO	Plattsburg	39.5542	-94.4634
MO	Pleasant Hill	38.806	-94.2723
MO	Pleasant Hope	37.4653	-93.2744
MO	Pleasant Valley	39.2172	-94.4809
MO	Plevna	39.9809	-92.0836
MO	Pocahontas	37.5016	-89.6398
MO	Pollock	40.3584	-93.0837
MO	Polo	39.5517	-94.036
MO	Pomona	36.8683	-91.9133
MO	Pontiac	36.52	-92.6051
MO	Poplar Bluff	36.7633	-90.414
MO	Portage Des Sioux	38.93	-90.3407
MO	Portageville	36.4295	-89.6993
MO	Potosi	37.9337	-90.775
MO	Powersville	40.5498	-93.2997
MO	Prairie Hill	39.5208	-92.7362
MO	Prairie Home	38.8136	-92.5906
MO	Prathersville	39.3153	-94.2738
MO	Preston	37.941	-93.2127
MO	Princeton	40.3963	-93.5888
MO	Purcell	37.2433	-94.4394
MO	Purdin	39.9502	-93.1645
MO	Purdy	36.8188	-93.9206
MO	Puxico	36.9505	-90.1588
MO	Queen City	40.4118	-92.5667
MO	Quitman	40.3733	-95.077
MO	Qulin	36.5953	-90.2463
MO	Raintree Plantation	38.2548	-90.6026
MO	Randolph	39.1561	-94.4931
MO	Ravanna	40.4578	-93.4573
MO	Ravenwood	40.3524	-94.6721
MO	Raymondville	37.3398	-91.8365
MO	Raymore	38.8033	-94.4583
MO	Raytown	38.9943	-94.4615
MO	Rayville	39.3463	-94.0649
MO	Rea	40.061	-94.7644
MO	Redings Mill	37.02	-94.5165
MO	Reeds	37.1165	-94.1682
MO	Reeds Spring	36.7393	-93.3806
MO	Renick	39.3431	-92.4098
MO	Rensselaer	39.6698	-91.5404
MO	Republic	37.1686	-93.4131
MO	Revere	40.4944	-91.6763
MO	Rhineland	38.7227	-91.5174
MO	Rich Hill	38.0959	-94.3635
MO	Richards	37.91	-94.5575
MO	Richland	37.8611	-92.3997
MO	Richmond	39.2754	-93.9726
MO	Richmond Heights	38.6309	-90.3332
MO	Ridgely	39.4536	-94.6403
MO	Ridgeway	40.3778	-93.9378
MO	Risco	36.5517	-89.8187
MO	Ritchey	36.944	-94.1858
MO	River Bend	39.1791	-94.3881
MO	Riverside	39.1722	-94.6325
MO	Riverview	38.7442	-90.2111
MO	Riverview Estates	38.7489	-94.5246
MO	Rives	36.0945	-90.0115
MO	Rocheport	38.9782	-92.5635
MO	Rock Hill	38.6091	-90.3673
MO	Rock Port	40.4109	-95.5331
MO	Rockaway Beach	36.703	-93.1582
MO	Rockville	38.0725	-94.0804
MO	Rocky Comfort	36.7424	-94.0903
MO	Rogersville	37.1148	-93.0747
MO	Rolla	37.9459	-91.7612
MO	Roscoe	37.9766	-93.8175
MO	Rosebud	38.3848	-91.403
MO	Rosendale	40.0407	-94.8232
MO	Rothville	39.6547	-93.0611
MO	Rush Hill	39.21	-91.7252
MO	Rushville	39.5874	-95.0238
MO	Russellville	38.5123	-92.4392
MO	Rutledge	40.314	-92.0876
MO	Saddlebrooke	36.8256	-93.2034
MO	Saginaw	37.0244	-94.4752
MO	Salem	37.6396	-91.5349
MO	Salisbury	39.4233	-92.8024
MO	Sappington	38.526	-90.3731
MO	Sarcoxie	37.0685	-94.1254
MO	Savannah	39.9388	-94.828
MO	Saverton	39.6442	-91.2697
MO	Schell City	38.0191	-94.1168
MO	Scotsdale	38.3946	-90.5898
MO	Scott City	37.2245	-89.5376
MO	Sedalia	38.706	-93.2345
MO	Sedgewickville	37.5146	-89.906
MO	Seligman	36.5234	-93.939
MO	Senath	36.134	-90.1614
MO	Seneca	36.8445	-94.6092
MO	Seymour	37.1474	-92.7688
MO	Shakertowne	37.694	-89.8674
MO	Shawneetown	37.5511	-89.6555
MO	Shelbina	39.693	-92.0397
MO	Shelbyville	39.8073	-92.0399
MO	Sheldon	37.6584	-94.2957
MO	Shell Knob	36.5958	-93.5966
MO	Sheridan	40.5172	-94.6146
MO	Shoal Creek Drive	37.037	-94.5228
MO	Shoal Creek Estates	37.0173	-94.4934
MO	Shrewsbury	38.5866	-90.3282
MO	Sibley	39.1759	-94.2009
MO	Sikeston	36.885	-89.5874
MO	Silex	39.127	-91.0579
MO	Skidmore	40.2879	-95.0795
MO	Slater	39.2233	-93.0653
MO	Smithton	38.6807	-93.0924
MO	Smithville	39.3969	-94.571
MO	South Fork	36.638	-91.9548
MO	South Gifford	40.0275	-92.685
MO	South Gorin	40.3585	-92.0254
MO	South Greenfield	37.3761	-93.8409
MO	South Lineville	40.5786	-93.5241
MO	Southwest City	36.5173	-94.6075
MO	Spanish Lake	38.7885	-90.2078
MO	Sparta	37.0018	-93.0846
MO	Spickard	40.2432	-93.5922
MO	Spokane	36.8669	-93.2871
MO	Springfield	37.1942	-93.2926
MO	St. Ann	38.7266	-90.3872
MO	St. Catharine	39.7978	-92.9956
MO	St. Charles	38.7957	-90.5154
MO	St. Clair	38.3466	-90.9936
MO	St. Clement	39.2805	-91.2118
MO	St. Cloud	38.1732	-91.2128
MO	St. Elizabeth	38.2561	-92.2664
MO	St. Francisville	40.4423	-91.5761
MO	St. George	38.5375	-90.3121
MO	St. James	38.0024	-91.6134
MO	St. John	38.7148	-90.3463
MO	St. Joseph	39.7595	-94.8211
MO	St. Louis	38.6357	-90.2446
MO	St. Martins	38.5983	-92.3344
MO	St. Mary	37.8738	-89.9497
MO	St. Paul	38.8488	-90.7405
MO	St. Peters	38.7816	-90.6042
MO	St. Robert	37.8253	-92.152
MO	St. Thomas	38.367	-92.216
MO	Stanberry	40.2166	-94.5381
MO	Stanton	38.2702	-91.1059
MO	Stark City	36.8629	-94.1863
MO	Ste. Genevieve	37.975	-90.05
MO	Steele	36.0948	-89.8621
MO	Steelville	37.9696	-91.3546
MO	Stella	36.7626	-94.1911
MO	Stewartsville	39.7565	-94.499
MO	Stockton	37.6969	-93.7959
MO	Stotesbury	37.9751	-94.565
MO	Stotts City	37.1018	-93.9483
MO	Stoutland	37.8132	-92.517
MO	Stoutsville	39.5489	-91.8568
MO	Stover	38.4418	-92.9901
MO	Strafford	37.269	-93.118
MO	Strasburg	38.7599	-94.1648
MO	Sturgeon	39.2347	-92.282
MO	Sugar Creek	39.1395	-94.4085
MO	Sullivan	38.2129	-91.1636
MO	Summer Set	38.0875	-90.5761
MO	Summersville	37.1785	-91.6577
MO	Sumner	39.6561	-93.2434
MO	Sundown	36.5588	-92.6416
MO	Sunrise Beach	38.1628	-92.782
MO	Sunset Hills	38.5312	-90.4093
MO	Sweet Springs	38.9643	-93.4165
MO	Sycamore Hills	38.7012	-90.349
MO	Syracuse	38.6696	-92.8763
MO	Tallapoosa	36.5061	-89.817
MO	Taneyville	36.7377	-93.0354
MO	Taos	38.5001	-92.0921
MO	Tarkio	40.443	-95.3835
MO	Tarrants	39.3576	-91.1837
MO	Tarsney Lakes	38.9508	-94.2053
MO	Tebbetts	38.6177	-91.956
MO	Terre du Lac	37.9043	-90.6184
MO	Thayer	36.5224	-91.5408
MO	Theodosia	36.5799	-92.6646
MO	Thomasville	36.7907	-91.5339
MO	Three Creeks	38.573	-90.9927
MO	Tightwad	38.3058	-93.5423
MO	Tina	39.5379	-93.4413
MO	Tindall	40.1609	-93.6097
MO	Tipton	38.6551	-92.7813
MO	Town and Country	38.6306	-90.4772
MO	Tracy	39.3775	-94.7912
MO	Trenton	40.0813	-93.6024
MO	Trimble	39.4761	-94.5619
MO	Triplett	39.4984	-93.1939
MO	Troy	38.97	-90.9675
MO	Truesdale	38.8131	-91.1221
MO	Truxton	39.0046	-91.239
MO	Turney	39.6376	-94.321
MO	Tuscumbia	38.2371	-92.46
MO	Twin Oaks	38.5658	-90.501
MO	Umber View Heights	37.6234	-93.8036
MO	Union	38.4379	-90.9958
MO	Union Star	39.9794	-94.5982
MO	Unionville	40.4757	-93.0044
MO	Unity Village	38.959	-94.4009
MO	University City	38.6657	-90.3315
MO	Uplands Park	38.6927	-90.2828
MO	Urbana	37.8435	-93.1676
MO	Urich	38.4604	-93.999
MO	Utica	39.7456	-93.6286
MO	Valley Park	38.55	-90.4959
MO	Van Buren	37.0144	-91.0069
MO	Vandalia	39.3081	-91.4895
MO	Vandiver	39.1611	-91.8476
MO	Vanduser	36.991	-89.6865
MO	Velda City	38.6941	-90.2934
MO	Velda Village Hills	38.6922	-90.2877
MO	Verona	36.9622	-93.7904
MO	Versailles	38.4334	-92.846
MO	Vibbard	39.3875	-94.1441
MO	Viburnum	37.7151	-91.1308
MO	Vienna	38.1878	-91.9506
MO	Villa Ridge	38.4657	-90.8823
MO	Village of Four Seasons	38.1962	-92.7136
MO	Vinita Park	38.6888	-90.3392
MO	Vista	37.9888	-93.6642
MO	Waco	37.247	-94.6003
MO	Walker	37.8989	-94.2311
MO	Walnut Grove	37.4112	-93.548
MO	Wardell	36.3538	-89.8153
MO	Wardsville	38.4918	-92.1825
MO	Warrensburg	38.7624	-93.7253
MO	Warrenton	38.8191	-91.1379
MO	Warsaw	38.2493	-93.367
MO	Warson Woods	38.6068	-90.3912
MO	Washburn	36.5888	-93.9657
MO	Washington	38.5519	-91.0155
MO	Wasola	36.7782	-92.5675
MO	Watson	40.4799	-95.6235
MO	Waverly	39.207	-93.5181
MO	Wayland	40.3963	-91.5754
MO	Waynesville	37.8194	-92.2193
MO	Weatherby	39.9093	-94.2422
MO	Weatherby Lake	39.2344	-94.6961
MO	Weaubleau	37.8912	-93.5395
MO	Webb City	37.1411	-94.4676
MO	Webster Groves	38.5866	-90.3544
MO	Weingarten	37.8894	-90.2173
MO	Weldon Spring	38.7094	-90.6525
MO	Weldon Spring Heights	38.7043	-90.6853
MO	Wellington	39.1424	-93.9863
MO	Wellston	38.675	-90.294
MO	Wellsville	39.0732	-91.5689
MO	Wentworth	36.9932	-94.0755
MO	Wentzville	38.8165	-90.8708
MO	West Alton	38.8629	-90.2039
MO	West Line	38.6357	-94.587
MO	West Plains	36.7374	-91.868
MO	West Sullivan	38.192	-91.1917
MO	Westboro	40.535	-95.3211
MO	Weston	39.4041	-94.8913
MO	Westphalia	38.4415	-91.9987
MO	Westwood	38.6435	-90.4335
MO	Wheatland	37.941	-93.3975
MO	Wheaton	36.7616	-94.057
MO	Wheeling	39.7861	-93.386
MO	White Branch	38.2306	-93.3535
MO	White Oak	36.33	-90.0276
MO	Whiteman AFB	38.7331	-93.5532
MO	Whiteside	39.184	-91.0155
MO	Whitewater	37.2368	-89.7978
MO	Whiting	36.7921	-89.3716
MO	Wilbur Park	38.5532	-90.3087
MO	Wildwood	38.5771	-90.6678
MO	Willard	37.293	-93.4171
MO	Williamstown	40.2408	-91.7976
MO	Williamsville	36.9737	-90.5478
MO	Willow Springs	36.9867	-91.9615
MO	Wilson City	36.9236	-89.223
MO	Winchester	38.5897	-90.5261
MO	Windsor	38.5323	-93.5229
MO	Windsor Place	38.9343	-92.7031
MO	Winfield	38.9923	-90.7451
MO	Winigan	40.0469	-92.8983
MO	Winona	37.0042	-91.327
MO	Winston	39.8699	-94.1417
MO	Wood Heights	39.3417	-94.163
MO	Woodson Terrace	38.7286	-90.36
MO	Wooldridge	38.9066	-92.5214
MO	Worth	40.4045	-94.4465
MO	Wortham	37.8397	-90.6035
MO	Worthington	40.4085	-92.6893
MO	Wright City	38.8322	-91.0356
MO	Wyaconda	40.3922	-91.9261
MO	Wyatt	36.9603	-89.1695
MO	Zalma	37.1428	-90.0817
MS	Abbeville	34.5034	-89.5025
MS	Aberdeen	33.8283	-88.5547
MS	Ackerman	33.3106	-89.1702
MS	Agricola	30.8138	-88.5249
MS	Alcorn State University	31.8792	-91.1406
MS	Algoma	34.1795	-89.0381
MS	Alligator	34.0898	-90.7226
MS	Amory	33.9818	-88.4826
MS	Anguilla	32.9719	-90.8283
MS	Arcola	33.2705	-90.88
MS	Arkabutla	34.7002	-90.1216
MS	Arnold Line	31.3372	-89.3772
MS	Artesia	33.4167	-88.6423
MS	Ashland	34.8341	-89.1777
MS	Austin	34.6422	-90.4479
MS	Baldwyn	34.5055	-88.6428
MS	Bassfield	31.496	-89.7449
MS	Batesville	34.321	-89.9249
MS	Baxterville	31.0915	-89.5867
MS	Bay Springs	31.978	-89.2796
MS	Bay St. Louis	30.3234	-89.3588
MS	Beaumont	31.1675	-88.9284
MS	Beauregard	31.7178	-90.3887
MS	Beechwood	32.3367	-90.8087
MS	Belmont	34.505	-88.2083
MS	Belzoni	33.1805	-90.4863
MS	Benndale	30.8687	-88.8054
MS	Benoit	33.6516	-91.0087
MS	Benton	32.8216	-90.2617
MS	Bentonia	32.6436	-90.3692
MS	Bethlehem	34.5773	-89.3289
MS	Beulah	33.7905	-90.9801
MS	Big Creek	33.8464	-89.4159
MS	Big Point	30.5906	-88.4846
MS	Biggersville	34.8367	-88.5639
MS	Biloxi	30.4267	-88.9358
MS	Blue Mountain	34.6739	-89.0262
MS	Blue Springs	34.3928	-88.8833
MS	Bobo	34.1336	-90.6776
MS	Bogue Chitto	32.8323	-88.9184
MS	Bolivar	33.6607	-91.0518
MS	Bolton	32.3546	-90.4586
MS	Bond	30.902	-89.1657
MS	Booneville	34.6644	-88.568
MS	Bovina	32.35	-90.7379
MS	Boyle	33.7065	-90.7249
MS	Brandon	32.2781	-89.9907
MS	Braxton	32.0264	-89.9715
MS	Bridgetown	34.8897	-89.9048
MS	Brookhaven	31.5806	-90.4434
MS	Brooksville	33.2367	-88.5781
MS	Bruce	33.9909	-89.3455
MS	Buckatunna	31.5532	-88.5343
MS	Bude	31.4624	-90.8523
MS	Burnsville	34.832	-88.3187
MS	Byhalia	34.8692	-89.69
MS	Byram	32.1921	-90.287
MS	Caledonia	33.6836	-88.326
MS	Calhoun City	33.8593	-89.3146
MS	Canton	32.5984	-90.0322
MS	Carrollton	33.5056	-89.9218
MS	Carthage	32.7442	-89.5335
MS	Cary	32.8056	-90.9246
MS	Centreville	31.087	-91.0654
MS	Chalybeate	34.9327	-88.8705
MS	Charleston	34.0077	-90.0552
MS	Chunky	32.3275	-88.9302
MS	Clara	31.5831	-88.6916
MS	Clarksdale	34.1938	-90.5686
MS	Cleary	32.1577	-90.1965
MS	Cleveland	33.744	-90.7285
MS	Clinton	32.3544	-90.3419
MS	Cloverdale	31.4959	-91.4152
MS	Coahoma	34.3663	-90.522
MS	Coffeeville	33.9765	-89.6845
MS	Coldwater	34.6904	-89.9755
MS	Collins	31.6483	-89.5676
MS	Collinsville	32.4873	-88.8443
MS	Columbia	31.2569	-89.8254
MS	Columbus	33.5082	-88.4071
MS	Columbus AFB	33.6276	-88.4454
MS	Como	34.5136	-89.9399
MS	Conehatta	32.4666	-89.2669
MS	Corinth	34.9484	-88.5136
MS	Courtland	34.2411	-89.9433
MS	Crawford	33.3023	-88.6253
MS	Crenshaw	34.5047	-90.1946
MS	Crosby	31.2744	-91.0615
MS	Crowder	34.1729	-90.1377
MS	Cruger	33.323	-90.2355
MS	Crystal Springs	31.99	-90.3553
MS	D'Iberville	30.4435	-88.8954
MS	D'Lo	31.987	-89.9011
MS	Darling	34.3591	-90.2754
MS	De Kalb	32.7731	-88.6561
MS	De Soto	31.9668	-88.7239
MS	DeLisle	30.3824	-89.2757
MS	Decatur	32.434	-89.1112
MS	Delta City	33.0739	-90.7925
MS	Dennis	34.5589	-88.2303
MS	Derma	33.8589	-89.2878
MS	Diamondhead	30.3821	-89.3502
MS	Doddsville	33.6599	-90.5214
MS	Drew	33.8101	-90.5304
MS	Dublin	34.0726	-90.4892
MS	Duck Hill	33.6316	-89.7154
MS	Dumas	34.638	-88.8431
MS	Duncan	34.0418	-90.7459
MS	Dundee	34.5321	-90.4484
MS	Durant	33.0819	-89.8573
MS	Eagle Bend	32.5275	-91.0247
MS	Eastabuchie	31.4294	-89.2898
MS	Ecru	34.348	-89.0256
MS	Eden	32.9837	-90.324
MS	Edwards	32.3326	-90.6056
MS	Elizabeth	33.4271	-90.8807
MS	Elliott	33.6913	-89.7525
MS	Ellisville	31.5973	-89.2103
MS	Enterprise	32.1725	-88.8158
MS	Escatawpa	30.4906	-88.5441
MS	Ethel	33.1221	-89.465
MS	Eudora	34.831	-90.1488
MS	Eupora	33.5426	-89.2793
MS	Falcon	34.3911	-90.2556
MS	Falkner	34.8393	-88.9484
MS	Farmington	34.9226	-88.4461
MS	Farrell	34.2617	-90.675
MS	Fayette	31.7122	-91.0621
MS	Fernwood	31.1861	-90.4571
MS	Flora	32.5427	-90.3137
MS	Florence	32.1556	-90.1225
MS	Flowood	32.3361	-90.0729
MS	Forest	32.3598	-89.4759
MS	Foxworth	31.2386	-89.8828
MS	French Camp	33.2923	-89.3993
MS	Friars Point	34.3666	-90.637
MS	Fulton	34.2629	-88.4019
MS	Gattman	33.8848	-88.2366
MS	Gautier	30.4062	-88.6593
MS	Georgetown	31.8701	-90.1648
MS	Glen	34.8582	-88.4176
MS	Glen Allan	33.0221	-91.0138
MS	Glendale	31.368	-89.3086
MS	Glendora	33.8276	-90.2927
MS	Gloster	31.1951	-91.0177
MS	Gluckstadt	32.5284	-90.103
MS	Golden	34.4866	-88.1863
MS	Goodman	32.9682	-89.9127
MS	Grace	32.9914	-90.9569
MS	Greenville	33.3835	-91.0523
MS	Greenwood	33.5125	-90.199
MS	Grenada	33.7814	-89.8115
MS	Gulf Hills	30.4289	-88.8121
MS	Gulf Park Estates	30.3793	-88.7579
MS	Gulfport	30.4195	-89.069
MS	Gunnison	33.9431	-90.9466
MS	Guntown	34.4451	-88.6638
MS	Hamilton	33.7466	-88.4076
MS	Harperville	32.4928	-89.4879
MS	Hatley	33.9773	-88.4184
MS	Hattiesburg	31.3073	-89.3174
MS	Hazlehurst	31.8639	-90.3928
MS	Heidelberg	31.8905	-88.9902
MS	Helena	30.4881	-88.5056
MS	Henderson Point	30.314	-89.2862
MS	Hermanville	31.9578	-90.8404
MS	Hernando	34.8496	-89.9924
MS	Hickory	32.3167	-89.0217
MS	Hickory Flat	34.6159	-89.1914
MS	Hide-A-Way Lake	30.5786	-89.6386
MS	Hillsboro	32.4507	-89.4865
MS	Holcomb	33.7642	-89.9732
MS	Hollandale	33.1761	-90.8529
MS	Holly Springs	34.778	-89.4458
MS	Horn Lake	34.9521	-90.0492
MS	Houston	33.8962	-89.0035
MS	Hurley	30.6627	-88.4987
MS	Independence	34.7078	-89.8075
MS	Indianola	33.4489	-90.6438
MS	Inverness	33.3542	-90.5912
MS	Isola	33.2634	-90.5923
MS	Itta Bena	33.5009	-90.3243
MS	Iuka	34.8074	-88.1969
MS	Jacinto	34.7622	-88.4276
MS	Jackson	32.3158	-90.2129
MS	Jonestown	34.3222	-90.4543
MS	Jumpertown	34.7061	-88.6676
MS	Kearney Park	32.59	-90.3164
MS	Kilmichael	33.4405	-89.5603
MS	Kiln	30.4184	-89.4298
MS	Kirkville	34.442	-88.4855
MS	Kokomo	31.203	-89.9971
MS	Kosciusko	33.0582	-89.5894
MS	Kossuth	34.8694	-88.6433
MS	Lake	32.33	-89.3144
MS	Lakeview	34.988	-90.1365
MS	Lamar	34.9122	-89.3151
MS	Lambert	34.2006	-90.2845
MS	Latimer	30.4873	-88.8485
MS	Lauderdale	32.5104	-88.5264
MS	Laurel	31.6951	-89.145
MS	Leaf	31.0275	-88.798
MS	Leakesville	31.1492	-88.5559
MS	Learned	32.1971	-90.548
MS	Leland	33.4048	-90.8909
MS	Lena	32.594	-89.5948
MS	Lexington	33.1171	-90.0496
MS	Liberty	31.1619	-90.7983
MS	Long Beach	30.3545	-89.1627
MS	Longview	33.4011	-88.934
MS	Louin	32.0752	-89.2732
MS	Louise	32.9814	-90.5904
MS	Louisville	33.1229	-89.0549
MS	Lucedale	30.9312	-88.5959
MS	Lula	34.4545	-90.4779
MS	Lumberton	31.0059	-89.459
MS	Lyman	30.5079	-89.1305
MS	Lynchburg	34.962	-90.1071
MS	Lyon	34.2169	-90.5432
MS	Maben	33.5542	-89.081
MS	Macon	33.1221	-88.5567
MS	Madison	32.4739	-90.1309
MS	Magee	31.873	-89.734
MS	Magnolia	31.1612	-90.4695
MS	Mantachie	34.3213	-88.5026
MS	Mantee	33.7209	-89.0587
MS	Marietta	34.5	-88.4726
MS	Marion	32.4302	-88.6518
MS	Marks	34.2535	-90.2722
MS	Mathiston	33.5389	-89.1259
MS	Mayersville	32.8964	-91.0467
MS	McComb	31.2445	-90.4716
MS	McCool	33.1989	-89.3407
MS	McLain	31.0956	-88.8224
MS	Meadville	31.472	-90.8931
MS	Mendenhall	31.9607	-89.8695
MS	Meridian	32.3842	-88.6894
MS	Meridian Station	32.5486	-88.6074
MS	Merigold	33.8391	-90.7264
MS	Metcalfe	33.4506	-91.0018
MS	Mississippi State	33.451	-88.7918
MS	Mississippi Valley State University	33.5173	-90.3444
MS	Mize	31.8664	-89.5542
MS	Monticello	31.5532	-90.1187
MS	Montrose	32.1257	-89.2344
MS	Mooreville	34.2649	-88.5769
MS	Moorhead	33.4494	-90.5063
MS	Morgan City	33.3787	-90.3462
MS	Morgantown	31.575	-91.3521
MS	Morton	32.3455	-89.6591
MS	Moselle	31.5087	-89.2824
MS	Moss Point	30.4259	-88.5327
MS	Mound Bayou	33.8807	-90.7279
MS	Mount Olive	31.7538	-89.6559
MS	Mount Pleasant	34.954	-89.5256
MS	Myrtle	34.5605	-89.1179
MS	Natchez	31.5424	-91.3856
MS	Nellieburg	32.397	-88.78
MS	Nettleton	34.0831	-88.6263
MS	New Albany	34.4923	-89.0217
MS	New Augusta	31.2034	-89.0293
MS	New Hamilton	33.7471	-88.4428
MS	New Hebron	31.7332	-89.9833
MS	New Hope	33.4573	-88.3432
MS	New Houlka	34.0363	-89.0211
MS	New Site	34.5553	-88.4153
MS	Newton	32.3301	-89.1475
MS	Nicholson	30.4874	-89.6981
MS	Nitta Yuma	33.0236	-90.8487
MS	North Carrollton	33.5186	-89.9194
MS	North Tunica	34.7031	-90.3797
MS	Noxapater	32.9936	-89.0635
MS	Oak Grove	31.2867	-89.4145
MS	Oakland	34.0576	-89.9132
MS	Ocean Springs	30.4027	-88.7886
MS	Okolona	34.0051	-88.7477
MS	Olive Branch	34.9558	-89.8412
MS	Osyka	31.0073	-90.4711
MS	Ovett	31.4886	-89.0253
MS	Oxford	34.3513	-89.537
MS	Pace	33.7922	-90.8591
MS	Pachuta	32.0441	-88.8844
MS	Paden	34.6603	-88.2605
MS	Panther Burn	33.0658	-90.8726
MS	Paris	34.1748	-89.4518
MS	Pascagoula	30.3601	-88.5563
MS	Pass Christian	30.318	-89.2391
MS	Pattison	31.8908	-90.8839
MS	Pearl	32.2725	-90.0918
MS	Pearl River	32.7969	-89.2409
MS	Pearlington	30.2508	-89.6048
MS	Pelahatchie	32.3209	-89.808
MS	Petal	31.3482	-89.2351
MS	Pheba	33.5837	-88.9494
MS	Philadelphia	32.7751	-89.122
MS	Picayune	30.5308	-89.6706
MS	Pickens	32.8913	-89.9688
MS	Pittsboro	33.94	-89.3373
MS	Plantersville	34.2082	-88.6654
MS	Polkville	32.1909	-89.696
MS	Pontotoc	34.2509	-89.0083
MS	Pope	34.2158	-89.9448
MS	Poplarville	30.8397	-89.5301
MS	Port Gibson	31.9558	-90.9834
MS	Porterville	32.6854	-88.4713
MS	Potts Camp	34.6492	-89.3064
MS	Prentiss	31.5995	-89.8747
MS	Puckett	32.0868	-89.7817
MS	Purvis	31.1464	-89.4063
MS	Quitman	32.0415	-88.7205
MS	Raleigh	32.0347	-89.5257
MS	Randolph	34.1813	-89.1616
MS	Rawls Springs	31.3834	-89.3865
MS	Raymond	32.261	-90.409
MS	Red Banks	34.8347	-89.5634
MS	Redwater	32.7928	-89.5534
MS	Redwood	32.4735	-90.7969
MS	Rena Lara	34.1588	-90.7749
MS	Renova	33.7805	-90.7232
MS	Richland	32.2304	-90.1596
MS	Richton	31.3495	-88.9407
MS	Ridgeland	32.4237	-90.1618
MS	Rienzi	34.7633	-88.534
MS	Ripley	34.7324	-88.9435
MS	Robinhood	32.2004	-89.9673
MS	Rolling Fork	32.9073	-90.8769
MS	Rosedale	33.8602	-91.0435
MS	Roxie	31.5077	-91.071
MS	Ruleville	33.7249	-90.5503
MS	Runnelstown	31.3778	-89.1143
MS	Sallis	33.0216	-89.7647
MS	Saltillo	34.3803	-88.6962
MS	Sandersville	31.784	-89.0398
MS	Sardis	34.4355	-89.9114
MS	Satartia	32.672	-90.5445
MS	Saucier	30.6209	-89.1423
MS	Schlater	33.6397	-90.3494
MS	Scooba	32.8302	-88.4771
MS	Scott	33.5945	-91.076
MS	Sebastopol	32.5679	-89.334
MS	Seminary	31.5577	-89.4993
MS	Senatobia	34.6086	-89.981
MS	Shannon	34.1144	-88.6931
MS	Sharon	31.7955	-89.0929
MS	Shaw	33.6015	-90.772
MS	Shelby	33.9505	-90.7651
MS	Sherman	34.3612	-88.8387
MS	Shubuta	31.862	-88.7021
MS	Shuqualak	32.9793	-88.5693
MS	Sidon	33.4079	-90.2081
MS	Silver City	33.0937	-90.499
MS	Silver Creek	31.6048	-90.0023
MS	Skene	33.704	-90.7974
MS	Slate Springs	33.7417	-89.3752
MS	Sledge	34.4326	-90.2212
MS	Smithville	34.068	-88.3982
MS	Snow Lake Shores	34.8213	-89.2381
MS	Soso	31.7503	-89.2769
MS	Southaven	34.951	-89.9777
MS	St. Martin	30.4381	-88.8617
MS	Standing Pine	32.671	-89.4521
MS	Starkville	33.4633	-88.8278
MS	State Line	31.4361	-88.4735
MS	Stewart	33.4519	-89.4375
MS	Stoneville	33.4238	-90.9216
MS	Stonewall	32.135	-88.7974
MS	Strayhorn	34.6159	-90.1526
MS	Sturgis	33.3452	-89.0458
MS	Summit	31.2808	-90.467
MS	Sumner	33.9693	-90.3693
MS	Sumrall	31.417	-89.5418
MS	Sunflower	33.5443	-90.5373
MS	Sylvarena	32.0144	-89.3818
MS	Symonds	33.8339	-90.8895
MS	Taylor	34.2697	-89.5837
MS	Taylorsville	31.8322	-89.434
MS	Tchula	33.1832	-90.2228
MS	Terry	32.1061	-90.2926
MS	Thaxton	34.3029	-89.1717
MS	Tillatoba	33.9851	-89.8961
MS	Tishomingo	34.6383	-88.2291
MS	Toccopola	34.2553	-89.2213
MS	Toomsuba	32.4303	-88.5071
MS	Tremont	34.2337	-88.2489
MS	Tucker	32.7078	-89.0491
MS	Tula	34.2372	-89.3684
MS	Tunica	34.6881	-90.3809
MS	Tunica Resorts	34.8242	-90.3212
MS	Tupelo	34.2706	-88.7325
MS	Tutwiler	34.0172	-90.4333
MS	Tylertown	31.1172	-90.1449
MS	Union	32.5711	-89.1152
MS	University	34.3655	-89.5379
MS	Utica	32.1073	-90.6222
MS	Vaiden	33.3325	-89.7526
MS	Valley Park	32.6314	-90.8507
MS	Van Vleet	33.9832	-88.8972
MS	Vancleave	30.5459	-88.6734
MS	Vardaman	33.8822	-89.1778
MS	Verona	34.1897	-88.7205
MS	Vicksburg	32.322	-90.8816
MS	Victoria	34.839	-89.6154
MS	Wade	30.6297	-88.5558
MS	Walls	34.9259	-90.1677
MS	Walnut	34.9497	-88.9245
MS	Walnut Grove	32.5932	-89.4578
MS	Walthall	33.6067	-89.2791
MS	Water Valley	34.162	-89.6301
MS	Waterford	34.6494	-89.4575
MS	Waveland	30.2954	-89.3937
MS	Waynesboro	31.6776	-88.6338
MS	Webb	33.9477	-90.3463
MS	Weir	33.2613	-89.2953
MS	Wesson	31.6999	-90.395
MS	West	33.1978	-89.7821
MS	West Hattiesburg	31.31	-89.3772
MS	West Point	33.6062	-88.6576
MS	Wheeler	34.5837	-88.6025
MS	White Oak	34.6439	-90.3494
MS	Wiggins	30.856	-89.139
MS	Winona	33.4903	-89.7293
MS	Winstonville	33.9123	-90.7529
MS	Winterville	33.5024	-91.0603
MS	Woodland	33.7797	-89.0507
MS	Woodville	31.1029	-91.2993
MS	Yazoo City	32.8622	-90.408
MT	Absarokee	45.5276	-109.4558
MT	Acton	45.9289	-108.6787
MT	Alberton	47.0044	-114.4853
MT	Alder	45.3216	-112.1092
MT	Alzada	45.0205	-104.4128
MT	Amsterdam	45.7383	-111.3391
MT	Anaconda-Deer Lodge County	46.0947	-113.1416
MT	Antelope	48.6897	-104.454
MT	Argenta	45.2787	-112.8606
MT	Arlee	47.1681	-114.0836
MT	Ashland	45.5977	-106.2975
MT	Augusta	47.4893	-112.3922
MT	Avon	46.6287	-112.5756
MT	Ayers Ranch Colony	47.051	-108.9452
MT	Azure	48.305	-109.8073
MT	Babb	48.8879	-113.4511
MT	Bainville	48.144	-104.2211
MT	Baker	46.3643	-104.2743
MT	Ballantine	45.9511	-108.1428
MT	Basin	46.2835	-112.2871
MT	Batavia	48.1774	-114.4072
MT	Bear Dance	47.9019	-114.0273
MT	Bearcreek	45.1606	-109.1574
MT	Beaver Creek	48.5437	-109.8069
MT	Belfry	45.1372	-108.9981
MT	Belgrade	45.7787	-111.1771
MT	Belknap	47.6473	-115.4221
MT	Belt	47.3872	-110.9277
MT	Biddle	45.1051	-105.3115
MT	Big Arm	47.7936	-114.27
MT	Big Sandy	48.1786	-110.1133
MT	Big Sky	45.2564	-111.332
MT	Big Sky Colony	48.8392	-112.7685
MT	Big Stone Colony	47.4001	-111.2092
MT	Big Timber	45.8348	-109.9483
MT	Bigfork	48.0841	-114.0546
MT	Billings	45.7885	-108.5525
MT	Birch Creek Colony	48.2465	-112.4696
MT	Birney	45.4155	-106.4934
MT	Black Eagle	47.5277	-111.26
MT	Blackfoot	48.5771	-112.8733
MT	Bloomfield	47.4122	-104.9188
MT	Boneau	48.2951	-109.8738
MT	Bonner-West Riverside	46.8773	-113.888
MT	Boulder	46.2358	-112.1197
MT	Box Elder	48.3231	-110.0177
MT	Boyd	45.4541	-109.0697
MT	Bozeman	45.6832	-111.0538
MT	Brady	48.0279	-111.8441
MT	Brandon	45.466	-112.1339
MT	Bridger	45.8042	-110.8964
MT	Broadus	45.4431	-105.4083
MT	Broadview	46.0988	-108.8789
MT	Brockton	48.1559	-104.903
MT	Brockway	47.2992	-105.7644
MT	Brooks	47.2053	-109.4211
MT	Browning	48.5563	-113.0151
MT	Bull Lake	48.2295	-115.8526
MT	Busby	45.5256	-106.9775
MT	Butte-Silver Bow	45.8962	-112.6601
MT	Bynum	47.9681	-112.3165
MT	Camas	47.6179	-114.656
MT	Camp Three	46.4533	-108.5741
MT	Camrose Colony	48.3116	-111.6118
MT	Canyon Creek	46.8054	-112.2545
MT	Cardwell	45.8651	-111.9642
MT	Carlton	46.6912	-114.0624
MT	Carter	47.7778	-110.9328
MT	Cascade	47.2771	-111.703
MT	Cascade Colony	47.441	-111.8178
MT	Centerville	47.3845	-111.1432
MT	Charlo	47.4428	-114.1722
MT	Charlos Heights	46.1345	-114.1885
MT	Chester	48.5113	-110.9661
MT	Chinook	48.5901	-109.2318
MT	Choteau	47.8137	-112.1794
MT	Churchill	45.75	-111.3103
MT	Circle	47.4177	-105.587
MT	Clancy	46.4493	-112.003
MT	Clinton	46.7718	-113.7205
MT	Clyde Park	45.8839	-110.6058
MT	Coffee Creek	47.349	-110.0826
MT	Colstrip	45.8945	-106.6284
MT	Columbia Falls	48.3715	-114.1918
MT	Columbus	45.636	-109.2488
MT	Condon	47.5344	-113.6911
MT	Conner	45.9258	-114.1335
MT	Conrad	48.1741	-111.9466
MT	Cooke City	45.0187	-109.9119
MT	Coram	48.4306	-114.0468
MT	Corvallis	46.314	-114.1117
MT	Corwin Springs	45.1323	-110.7992
MT	Craig	47.0706	-111.968
MT	Crane	47.5794	-104.2386
MT	Crow Agency	45.6027	-107.4592
MT	Culbertson	48.1448	-104.5181
MT	Custer	46.1292	-107.5555
MT	Cut Bank	48.6341	-112.3301
MT	Cyr	47.0003	-114.5877
MT	Danvers	47.2283	-109.7131
MT	Darby	46.0245	-114.1797
MT	Dayton	47.8649	-114.2768
MT	De Borgia	47.3701	-115.321
MT	Deer Lodge	46.3983	-112.7332
MT	Deerfield Colony	47.2571	-109.6769
MT	Dell	44.7268	-112.6969
MT	Denton	47.3222	-109.9482
MT	Dewey	45.7754	-112.8529
MT	Dillon	45.2179	-112.6346
MT	Dixon	47.3178	-114.3601
MT	Dodson	48.3953	-108.2472
MT	Drummond	46.6666	-113.147
MT	Duncan Ranch Colony	46.4418	-110.0263
MT	Dupuyer	48.1824	-112.4745
MT	Dutton	47.8475	-111.7143
MT	Eagle Creek Colony	48.7021	-111.2031
MT	East End Colony	48.7519	-109.5466
MT	East Glacier Park Village	48.4459	-113.2235
MT	East Helena	46.5845	-111.9208
MT	East Malta Colony	48.3506	-107.6108
MT	East Missoula	46.8797	-113.9472
MT	Edgar	45.4593	-108.8588
MT	Ekalaka	45.8892	-104.5517
MT	Elkhorn	46.2843	-111.9488
MT	Elliston	46.5587	-112.4638
MT	Elmo	47.829	-114.3483
MT	Emigrant	45.3842	-110.7569
MT	Ennis	45.3461	-111.7313
MT	Essex	48.2849	-113.6107
MT	Eureka	48.8789	-115.0492
MT	Evaro	47.0739	-114.026
MT	Evergreen	48.2289	-114.2723
MT	Fair Haven Colony	47.4041	-111.6294
MT	Fairfield	47.6154	-111.9814
MT	Fairview	47.852	-104.0509
MT	Fallon	46.837	-105.1275
MT	Finley Point	47.7495	-114.075
MT	Fishtail	45.4481	-109.5084
MT	Flat Willow Colony	46.7252	-108.4882
MT	Flaxville	48.8045	-105.1736
MT	Florence	46.6345	-114.0813
MT	Floweree	47.7248	-111.0253
MT	Fords Creek Colony	47.131	-108.9167
MT	Forest Hill Village	48.1159	-114.2625
MT	Forsyth	46.2679	-106.6726
MT	Fort Belknap Agency	48.4301	-108.68
MT	Fort Benton	47.829	-110.6558
MT	Fort Peck	48.007	-106.4552
MT	Fort Shaw	47.4969	-111.8193
MT	Fort Smith	45.3171	-107.9351
MT	Fortine	48.7701	-114.886
MT	Forty Mile Colony	45.2828	-107.3568
MT	Four Corners	45.6698	-111.1784
MT	Fox	45.2884	-109.2125
MT	Fox Lake	47.6857	-104.6307
MT	Frazer	48.0489	-106.0485
MT	Frenchtown	47.028	-114.2462
MT	Froid	48.338	-104.4908
MT	Fromberg	45.3935	-108.9014
MT	Gallatin Gateway	45.5878	-111.1946
MT	Gallatin River Ranch	45.9021	-111.3294
MT	Gardiner	45.0525	-110.7378
MT	Garrison	46.5402	-112.8168
MT	Geraldine	47.602	-110.2667
MT	Geyser	47.2633	-110.4927
MT	Gibson Flats	47.464	-111.2404
MT	Gildford	48.5737	-110.3071
MT	Gildford Colony	48.8025	-110.2843
MT	Gilman	47.5093	-112.3578
MT	Glacier Colony	48.8304	-112.215
MT	Glasgow	48.199	-106.6321
MT	Glen	45.4789	-112.692
MT	Glendale Colony	48.8409	-112.5442
MT	Glendive	47.1065	-104.7109
MT	Goldcreek	46.5838	-112.9284
MT	Golden Valley Colony	46.2592	-109.2734
MT	Grant	45.0096	-113.0675
MT	Grass Range	47.0261	-108.8031
MT	Great Falls	47.5025	-111.3
MT	Greycliff	45.7587	-109.7798
MT	Hall	46.5867	-113.1971
MT	Hamilton	46.2516	-114.16
MT	Happys Inn	48.0583	-115.1269
MT	Hardin	45.7422	-107.6082
MT	Hardy	47.1825	-111.8155
MT	Harlem	48.5319	-108.7847
MT	Harlowton	46.4368	-109.8351
MT	Harrison	45.7044	-111.7844
MT	Hartland Colony	48.952	-109.4483
MT	Haugan	47.3886	-115.4078
MT	Havre	48.5419	-109.678
MT	Havre North	48.5632	-109.6712
MT	Hays	48.0104	-108.6606
MT	Heart Butte	48.2896	-112.8338
MT	Hebgen Lake Estates	44.7692	-111.1905
MT	Helena	46.5955	-112.0187
MT	Helena Flats	48.2786	-114.2363
MT	Helena Valley Northeast	46.7066	-111.9388
MT	Helena Valley Northwest	46.7295	-112.0581
MT	Helena Valley Southeast	46.6226	-111.9008
MT	Helena Valley West Central	46.6603	-112.0586
MT	Helena West Side	46.5959	-112.1278
MT	Helmville	46.8565	-112.9668
MT	Heron	48.0638	-115.9802
MT	Herron	48.5341	-109.7718
MT	Hidden Lake Colony	48.5987	-112.6031
MT	Highwood	47.5992	-110.7696
MT	Hilger	47.2557	-109.3572
MT	Hilldale Colony	48.8035	-109.7832
MT	Hillside Colony	48.9789	-112.0704
MT	Hingham	48.5554	-110.4213
MT	Hinsdale	48.4048	-107.0869
MT	Hobson	46.9994	-109.8733
MT	Hogeland	48.8547	-108.6624
MT	Homestead	48.4202	-104.5369
MT	Horizon Colony	48.7167	-112.2276
MT	Hot Springs	47.6092	-114.6704
MT	Hungry Horse	48.3838	-114.0649
MT	Huntley	45.9001	-108.3044
MT	Huson	47.0332	-114.3408
MT	Hysham	46.2909	-107.2305
MT	Indian Springs	48.9578	-115.0437
MT	Inverness	48.5599	-110.7101
MT	Ismay	46.5002	-104.7929
MT	Jackson	45.3679	-113.4097
MT	Jardine	45.0565	-110.6186
MT	Jeffers	45.3481	-111.7037
MT	Jefferson City	46.3779	-112.0305
MT	Jette	47.7169	-114.1906
MT	Joliet	45.4844	-108.9721
MT	Joplin	48.5594	-110.7729
MT	Jordan	47.3211	-106.9099
MT	Judith Gap	46.6791	-109.7533
MT	Kalispell	48.2162	-114.3276
MT	Kerr	47.6764	-114.183
MT	Kevin	48.7456	-111.9658
MT	Kicking Horse	47.4612	-114.0603
MT	Kila	48.1215	-114.4767
MT	Kilby Butte Colony	46.4762	-108.3604
MT	King Arthur Park	45.6665	-111.1284
MT	King Ranch Colony	47.0572	-109.6362
MT	Kings Point	47.7658	-114.1533
MT	Kingsbury Colony	48.3044	-112.4846
MT	Klein	46.3983	-108.5526
MT	Kremlin	48.5706	-110.0861
MT	Lake Mary Ronan	47.9172	-114.3791
MT	Lakeside	48.0183	-114.2319
MT	Lakeview	44.6021	-111.8124
MT	Lame Deer	45.6177	-106.6134
MT	Landusky	47.8983	-108.6197
MT	Laredo	48.4303	-109.886
MT	Laurel	45.674	-108.7768
MT	Lavina	46.295	-108.9388
MT	Lewistown	47.0514	-109.4524
MT	Lewistown Heights	47.0784	-109.4735
MT	Libby	48.3864	-115.5567
MT	Lima	44.6383	-112.5918
MT	Lincoln	46.9534	-112.6715
MT	Lindisfarne	47.8042	-114.2082
MT	Lindsay	47.2249	-105.1528
MT	Little Bitterroot Lake	48.1339	-114.7259
MT	Little Browning	48.6256	-112.3513
MT	Livingston	45.6655	-110.5559
MT	Lockwood	45.8305	-108.3971
MT	Lodge Grass	45.3143	-107.3678
MT	Lodge Pole	48.0272	-108.5517
MT	Logan	45.8829	-111.4238
MT	Lolo	46.7719	-114.1085
MT	Loma	47.9511	-110.4886
MT	Lonepine	47.6921	-114.6396
MT	Loring Colony	48.7891	-107.9687
MT	Luther	45.285	-109.4161
MT	Malmstrom AFB	47.5058	-111.1825
MT	Malta	48.3555	-107.8702
MT	Mammoth	45.6692	-112.0177
MT	Manhattan	45.8586	-111.3303
MT	Marion	48.0865	-114.6796
MT	Martin City	48.3931	-114.031
MT	Martinsdale	46.4547	-110.312
MT	Martinsdale Colony	46.4896	-110.2605
MT	Marysville	46.7502	-112.3027
MT	Maverick Mountain	45.4181	-113.111
MT	Maxville	46.4761	-113.2354
MT	McAllister	45.4364	-111.7252
MT	Medicine Lake	48.5022	-104.5017
MT	Melstone	46.5987	-107.8683
MT	Midway Colony	48.067	-111.9935
MT	Miles City	46.4058	-105.8389
MT	Milford Colony	47.3298	-112.2116
MT	Miller Colony	47.9257	-112.2917
MT	Missoula	46.8744	-114.0261
MT	Moccasin	47.0527	-109.9086
MT	Monarch	47.1003	-110.8448
MT	Montana City	46.524	-111.9335
MT	Montaqua	45.5073	-108.9087
MT	Moore	46.975	-109.6951
MT	Mountain View Colony	46.068	-108.7213
MT	Muddy	45.5798	-106.7754
MT	Musselshell	46.4942	-108.0963
MT	Nashua	48.1336	-106.3571
MT	Neihart	46.9352	-110.7361
MT	New Miami Colony	48.1912	-112.2804
MT	New Rockport Colony	47.8598	-112.0348
MT	Niarada	47.8309	-114.5578
MT	Nibbe	45.9819	-108.0271
MT	Norris	45.5731	-111.6913
MT	North Browning	48.5712	-113.0314
MT	North Harlem Colony	48.5843	-108.7556
MT	Noxon	47.985	-115.7709
MT	Nye	45.434	-109.8069
MT	Old Agency	47.3252	-114.2975
MT	Olney	48.547	-114.5726
MT	Opheim	48.8571	-106.4084
MT	Orchard Homes	46.8542	-114.0768
MT	Outlook	48.8888	-104.7849
MT	Ovando	47.0229	-113.1817
MT	Pablo	47.6043	-114.1057
MT	Paradise	47.3849	-114.7953
MT	Park City	45.6309	-108.9253
MT	Parker School	48.2468	-109.7342
MT	Peerless	48.7823	-105.8304
MT	Pendroy	48.073	-112.2992
MT	Philipsburg	46.3324	-113.296
MT	Piltzville	46.8547	-113.8526
MT	Pine Creek	45.5078	-110.5724
MT	Pinesdale	46.3342	-114.223
MT	Pinnacle	48.3579	-113.649
MT	Pioneer Junction	48.3158	-115.5183
MT	Plains	47.4602	-114.8842
MT	Pleasant Valley Colony	47.3379	-111.0449
MT	Plentywood	48.776	-104.5573
MT	Plevna	46.422	-104.5211
MT	Polebridge	48.7615	-114.2816
MT	Polson	47.6882	-114.1408
MT	Pompeys Pillar	45.9906	-107.9504
MT	Pondera Colony	48.2399	-112.4181
MT	Ponderosa Pines	46.0321	-111.3671
MT	Pony	45.6628	-111.8826
MT	Poplar	48.1105	-105.1969
MT	Potomac	46.8813	-113.5751
MT	Power	47.7213	-111.7003
MT	Prairie Elk Colony	48.0147	-105.7982
MT	Pray	45.4169	-110.6481
MT	Pryor	45.4114	-108.53
MT	Racetrack	46.277	-112.7436
MT	Rader Creek	45.8455	-112.316
MT	Radersburg	46.1964	-111.6314
MT	Rapelje	45.972	-109.258
MT	Ravalli	47.2813	-114.1644
MT	Raynesford	47.2701	-110.7319
MT	Red Lodge	45.1933	-109.2501
MT	Redstone	48.8217	-104.9433
MT	Reed Point	45.7071	-109.5473
MT	Reserve	48.6024	-104.4676
MT	Rexford	48.8998	-115.1714
MT	Rhodes	48.2807	-114.471
MT	Riceville	47.2202	-110.9263
MT	Richey	47.6439	-105.0696
MT	Rimini	46.4922	-112.2498
MT	Rimrock Colony	48.8954	-112.0952
MT	Riverbend	47.1453	-114.8324
MT	Riverview Colony	48.1827	-111.0319
MT	Roberts	45.3436	-109.1818
MT	Rockport Colony	48.0673	-112.4761
MT	Rockvale	45.5187	-108.8713
MT	Rocky Boy West	48.2972	-109.9918
MT	Rocky Boy's Agency	48.261	-109.7746
MT	Rocky Point	47.7323	-114.1855
MT	Rollins	47.9105	-114.1949
MT	Ronan	47.529	-114.1009
MT	Roscoe	45.3518	-109.4933
MT	Rosebud	46.2698	-106.4541
MT	Roundup	46.4483	-108.5397
MT	Roy	47.3343	-108.96
MT	Rudyard	48.5599	-110.5501
MT	Ryegate	46.2984	-109.2537
MT	Saco	48.4571	-107.3413
MT	Saddle Butte	48.5234	-109.6449
MT	Sage Creek Colony	48.9288	-110.9722
MT	Saltese	47.4114	-115.5121
MT	Sand Coulee	47.4024	-111.1726
MT	Sangrey	48.2816	-109.8166
MT	Santa Rita	48.6985	-112.3188
MT	Sapphire Ridge	46.8866	-110.2522
MT	Savage	47.4536	-104.3414
MT	Scobey	48.7904	-105.4206
MT	Sedan	45.9633	-110.8793
MT	Seeley Lake	47.1705	-113.4586
MT	Seville Colony	48.7058	-112.5929
MT	Shawmut	46.3447	-109.5122
MT	Shelby	48.5021	-111.862
MT	Shepherd	45.9468	-108.3463
MT	Sheridan	45.4588	-112.1946
MT	Sidney	47.7155	-104.1672
MT	Silesia	45.549	-108.8376
MT	Silver Gate	45.0198	-109.9829
MT	Silver Star	45.6874	-112.2851
MT	Simms	47.4925	-111.9536
MT	Sleeping Buffalo	48.4822	-107.5349
MT	Snowslip	48.2648	-113.4459
MT	Somers	48.0824	-114.2319
MT	South Browning	48.5458	-113.0116
MT	South Glastonbury	45.3121	-110.808
MT	South Hills	46.5564	-111.9975
MT	Spokane Creek	46.5343	-111.7391
MT	Spring Creek Colony	47.154	-109.6207
MT	Springdale	45.7381	-110.2235
MT	Springdale Colony	46.4618	-111.0191
MT	Springhill	45.8842	-111.0817
MT	Springwater Colony	46.4569	-109.7532
MT	Square Butte	47.5142	-110.1991
MT	St. Ignatius	47.3183	-114.0954
MT	St. Marie	48.4053	-106.4985
MT	St. Mary	48.7429	-113.4275
MT	St. Pierre	48.2439	-109.8161
MT	St. Regis	47.3049	-115.1039
MT	St. Xavier	45.457	-107.725
MT	Stanford	47.1521	-110.219
MT	Starr School	48.6048	-113.1422
MT	Stevensville	46.5071	-114.0887
MT	Stockett	47.3543	-111.1696
MT	Stryker	48.6729	-114.7678
MT	Sula	45.8462	-113.9575
MT	Sun Prairie	47.5346	-111.4884
MT	Sun River	47.5305	-111.724
MT	Sunburst	48.874	-111.9012
MT	Sunnybrook Colony	48.1573	-110.727
MT	Superior	47.1951	-114.9014
MT	Surprise Creek Colony	47.1705	-110.3396
MT	Swan Lake	47.9361	-113.7997
MT	Sweet Grass	48.9928	-111.9668
MT	Sylvanite	48.7063	-115.874
MT	Terry	46.7922	-105.3125
MT	The Silos	46.3985	-111.5866
MT	Thompson Falls	47.5994	-115.3426
MT	Three Forks	45.8896	-111.5527
MT	Toston	46.1608	-111.4479
MT	Townsend	46.3192	-111.5196
MT	Tracy	47.4132	-111.1511
MT	Trego	48.6527	-114.928
MT	Trout Creek	47.8342	-115.5837
MT	Troy	48.4601	-115.8908
MT	Turah	46.8397	-113.8251
MT	Turner	48.8469	-108.4005
MT	Turner Colony	48.7631	-108.4301
MT	Turtle Lake	47.6701	-114.0857
MT	Twin Bridges	45.5429	-112.3341
MT	Twin Creeks	46.9106	-113.7266
MT	Twin Hills Colony	48.0168	-111.0698
MT	Twodot	46.4223	-110.0727
MT	Ulm	47.4214	-111.5233
MT	Unionville	46.5464	-112.0852
MT	Utica	46.9678	-110.0935
MT	Valier	48.3055	-112.2522
MT	Vaughn	47.5523	-111.5609
MT	Victor	46.4161	-114.1492
MT	Vida	47.8339	-105.4925
MT	Virginia City	45.2962	-111.9369
MT	Walkerville	46.0366	-112.5395
MT	Warm Spring Creek	47.1847	-109.2826
MT	Weeksville	47.5309	-115.0082
MT	West Glacier	48.4944	-113.9919
MT	West Glendive	47.1061	-104.7533
MT	West Havre	48.547	-109.731
MT	West Kootenai	48.9632	-115.2193
MT	West Yellowstone	44.6622	-111.107
MT	Westby	48.8705	-104.0571
MT	Wheatland	45.9624	-111.577
MT	White Haven	48.3478	-115.516
MT	White Sulphur Springs	46.5453	-110.9039
MT	Whitefish	48.438	-114.348
MT	Whitehall	45.871	-112.0976
MT	Whitetail	48.8965	-105.1614
MT	Whitewater	48.7635	-107.6302
MT	Whitlash	48.9089	-111.2519
MT	Wibaux	46.9866	-104.19
MT	Willow Creek	45.8097	-111.6489
MT	Wilsall	45.9843	-110.6604
MT	Windham	47.0781	-110.1387
MT	Wineglass	45.628	-110.6233
MT	Winifred	47.5621	-109.3773
MT	Winnett	47.0043	-108.3466
MT	Winston	46.4684	-111.6652
MT	Wisdom	45.61	-113.4457
MT	Wise River	45.7944	-112.9438
MT	Wolf Creek	47.0059	-112.0701
MT	Wolf Point	48.0931	-105.6414
MT	Woods Bay	48.0142	-114.0669
MT	Worden	45.9623	-108.1623
MT	Wye	46.9523	-114.1331
MT	Wyola	45.1153	-107.3738
MT	Yaak	48.8299	-115.6864
MT	York	46.718	-111.7529
MT	Zenith Colony	48.8688	-112.3423
MT	Zortman	47.9167	-108.509
MT	Zurich	48.586	-109.0302
NC	Aberdeen	35.1346	-79.4355
NC	Advance	35.9458	-80.3922
NC	Ahoskie	36.2841	-76.9901
NC	Alamance	36.0278	-79.489
NC	Albemarle	35.3581	-80.1912
NC	Alexis	35.3943	-81.1231
NC	Alliance	35.1435	-76.8085
NC	Altamahaw	36.1939	-79.5066
NC	Anderson Creek	35.2771	-78.9602
NC	Andrews	35.199	-83.8258
NC	Angier	35.5146	-78.7401
NC	Ansonville	35.1042	-80.1097
NC	Apex	35.7246	-78.8787
NC	Aquadale	35.2244	-80.2235
NC	Arapahoe	35.0215	-76.826
NC	Archdale	35.9047	-79.9598
NC	Archer Lodge	35.6823	-78.3704
NC	Arrowhead Beach	36.2271	-76.7029
NC	Asheboro	35.7184	-79.8144
NC	Asheville	35.571	-82.5527
NC	Ashley Heights	35.09	-79.3739
NC	Askewville	36.1116	-76.9412
NC	Atkinson	34.5275	-78.1697
NC	Atlantic	34.8813	-76.3433
NC	Atlantic Beach	34.7019	-76.7423
NC	Aulander	36.228	-77.1136
NC	Aurora	35.3029	-76.7893
NC	Autryville	34.9965	-78.6412
NC	Avery Creek	35.4651	-82.5718
NC	Avon	35.3367	-75.5121
NC	Ayden	35.4694	-77.4166
NC	Badin	35.4072	-80.1183
NC	Bailey	35.7806	-78.1129
NC	Bakersville	36.0153	-82.1582
NC	Bald Head Island	33.8663	-77.9809
NC	Balfour	35.3526	-82.4887
NC	Banner Elk	36.1587	-81.8676
NC	Barbecue	35.3252	-79.0379
NC	Barker Heights	35.3084	-82.4412
NC	Barker Ten Mile	34.6825	-78.9888
NC	Barnardsville	35.7819	-82.4555
NC	Bath	35.4712	-76.8111
NC	Bayboro	35.1493	-76.7694
NC	Bayshore	34.2887	-77.8038
NC	Bayview	35.4418	-76.7934
NC	Bear Grass	35.7664	-77.1289
NC	Beaufort	34.7227	-76.6512
NC	Beech Mountain	36.2104	-81.887
NC	Belhaven	35.543	-76.6231
NC	Bell Arthur	35.5912	-77.5127
NC	Belmont	35.2213	-81.0411
NC	Belville	34.2167	-77.9988
NC	Belvoir	35.7111	-77.4699
NC	Belwood	35.4843	-81.5274
NC	Bennett	35.5753	-79.5346
NC	Benson	35.3871	-78.5409
NC	Bent Creek	35.5111	-82.617
NC	Bermuda Run	36.0043	-80.4291
NC	Bessemer City	35.2843	-81.2829
NC	Bethania	36.1798	-80.3349
NC	Bethel	35.8072	-77.3762
NC	Bethlehem	35.8175	-81.3008
NC	Beulaville	34.9228	-77.7713
NC	Biltmore Forest	35.5349	-82.5379
NC	Biscoe	35.3589	-79.7797
NC	Black Creek	35.6368	-77.9326
NC	Black Mountain	35.615	-82.3279
NC	Bladenboro	34.5409	-78.7947
NC	Blowing Rock	36.1292	-81.6663
NC	Blue Clay Farms	34.2987	-77.8913
NC	Boardman	34.4301	-78.9426
NC	Bogue	34.6917	-77.0285
NC	Boiling Spring Lakes	34.0439	-78.0749
NC	Boiling Springs	35.2521	-81.6636
NC	Bolivia	34.0699	-78.1474
NC	Bolton	34.3174	-78.4014
NC	Bonnetsville	35.0057	-78.4019
NC	Boone	36.2138	-81.6652
NC	Boonville	36.234	-80.7093
NC	Bostic	35.3625	-81.836
NC	Bowdens	35.0619	-78.1084
NC	Bowmore	34.9358	-79.3
NC	Brandywine Bay	34.7404	-76.83
NC	Brevard	35.2478	-82.7285
NC	Briar Chapel	35.8242	-79.1168
NC	Brices Creek	35.037	-77.0819
NC	Bridgeton	35.1278	-77.0126
NC	Broad Creek	34.7341	-76.919
NC	Broadway	35.4573	-79.0572
NC	Brogden	35.2956	-78.0294
NC	Brookford	35.7031	-81.3445
NC	Brunswick	34.2788	-78.7177
NC	Bryson City	35.4266	-83.4473
NC	Buies Creek	35.4079	-78.7432
NC	Bunn	35.9591	-78.2519
NC	Bunnlevel	35.3065	-78.7591
NC	Burgaw	34.5515	-77.923
NC	Burlington	36.0761	-79.4683
NC	Burnsville	35.9163	-82.2977
NC	Butner	36.1343	-78.7407
NC	Butters	34.5665	-78.8511
NC	Buxton	35.2533	-75.5383
NC	Cajah's Mountain	35.8507	-81.5362
NC	Calabash	33.8926	-78.5573
NC	Calypso	35.1546	-78.1044
NC	Camden	36.3252	-76.1692
NC	Cameron	35.3259	-79.2542
NC	Candor	35.2964	-79.7325
NC	Canton	35.5389	-82.8486
NC	Cape Carteret	34.6943	-77.0602
NC	Cape Colony	36.0196	-76.5828
NC	Caroleen	35.2811	-81.7914
NC	Carolina Beach	34.0419	-77.8998
NC	Carolina Meadows	35.8597	-79.0179
NC	Carolina Shores	33.9079	-78.5731
NC	Carrboro	35.9262	-79.087
NC	Carthage	35.3223	-79.4109
NC	Cary	35.7813	-78.8234
NC	Casar	35.5127	-81.6168
NC	Cashiers	35.1079	-83.098
NC	Castalia	36.0823	-78.0576
NC	Castle Hayne	34.3555	-77.9099
NC	Caswell Beach	33.9059	-78.0487
NC	Catawba	35.7076	-81.0695
NC	Cedar Point	34.6858	-77.0815
NC	Cedar Rock	35.9435	-81.4584
NC	Centerville	36.188	-78.1144
NC	Cerro Gordo	34.3226	-78.9287
NC	Chadbourn	34.3252	-78.825
NC	Chapel Hill	35.9283	-79.0414
NC	Charlotte	35.209	-80.831
NC	Cherokee	35.486	-83.3011
NC	Cherry Branch	34.9343	-76.8112
NC	Cherryville	35.3846	-81.3789
NC	Chimney Rock Village	35.4503	-82.255
NC	China Grove	35.5725	-80.5748
NC	Chinquapin	34.8292	-77.8246
NC	Chocowinity	35.5146	-77.1015
NC	Chowan Beach	36.2139	-76.7124
NC	Claremont	35.7094	-81.1547
NC	Clarkton	34.4886	-78.6558
NC	Clayton	35.6581	-78.446
NC	Clemmons	36.0332	-80.3867
NC	Cleveland	35.7331	-80.6817
NC	Cliffside	35.248	-81.7653
NC	Clinton	35.0004	-78.3315
NC	Clyde	35.5331	-82.9108
NC	Coats	35.4064	-78.6695
NC	Cofield	36.3567	-76.9105
NC	Coinjock	36.351	-75.952
NC	Colerain	36.2016	-76.7664
NC	Columbia	35.9234	-76.2405
NC	Columbus	35.2512	-82.2098
NC	Como	36.4983	-76.9996
NC	Concord	35.3921	-80.6355
NC	Conetoe	35.8179	-77.4571
NC	Connelly Springs	35.755	-81.497
NC	Conover	35.7152	-81.2168
NC	Conway	36.4389	-77.2287
NC	Cooleemee	35.8112	-80.5569
NC	Cordova	34.9147	-79.8158
NC	Cornelius	35.4732	-80.8813
NC	Cove City	35.189	-77.3205
NC	Cove Creek	36.2874	-81.7864
NC	Cramerton	35.23	-81.0733
NC	Creedmoor	36.125	-78.678
NC	Creswell	35.8714	-76.3991
NC	Cricket	36.1688	-81.1934
NC	Crossnore	36.0222	-81.9308
NC	Crouse	35.4241	-81.3012
NC	Cullowhee	35.3097	-83.1815
NC	Cypress Landing	35.4976	-77.0547
NC	Dallas	35.3179	-81.1832
NC	Dana	35.3206	-82.3611
NC	Danbury	36.411	-80.2117
NC	Davidson	35.4807	-80.8209
NC	Davis	34.7909	-76.4686
NC	Deep Run	35.1414	-77.7162
NC	Deercroft	34.9571	-79.4331
NC	Delco	34.3188	-78.2267
NC	Dellview	35.3866	-81.4127
NC	Delway	34.819	-78.2153
NC	Denton	35.638	-80.1102
NC	Denver	35.5456	-81.0447
NC	Dillsboro	35.3706	-83.2526
NC	Dobbins Heights	34.9069	-79.6933
NC	Dobson	36.3926	-80.7237
NC	Dortches	36.0114	-77.8572
NC	Dover	35.2155	-77.4338
NC	Drexel	35.7568	-81.6088
NC	Dublin	34.6562	-78.7231
NC	Duck	36.1857	-75.755
NC	Dudley	35.2652	-78.0405
NC	Dundarrach	34.9247	-79.1575
NC	Dunn	35.3116	-78.613
NC	Durham	35.9781	-78.8995
NC	Earl	35.1954	-81.534
NC	East Arcadia	34.3816	-78.3232
NC	East Bend	36.2175	-80.5089
NC	East Flat Rock	35.281	-82.4166
NC	East Laurinburg	34.7691	-79.4451
NC	East Rockingham	34.9119	-79.7648
NC	East Spencer	35.6799	-80.4236
NC	Eastover	35.0953	-78.7862
NC	Eden	36.503	-79.74
NC	Edenton	36.0586	-76.599
NC	Edneyville	35.4026	-82.3343
NC	Efland	36.0804	-79.1713
NC	Elizabeth City	36.2942	-76.2378
NC	Elizabethtown	34.622	-78.6068
NC	Elk Park	36.1582	-81.9808
NC	Elkin	36.2634	-80.8471
NC	Ellenboro	35.3309	-81.7613
NC	Ellerbe	35.0695	-79.757
NC	Elm City	35.804	-77.8567
NC	Elon	36.1023	-79.5088
NC	Elrod	34.6072	-79.2308
NC	Elroy	35.3308	-77.9226
NC	Emerald Isle	34.6644	-77.0314
NC	Emma	35.602	-82.5958
NC	Enfield	36.1799	-77.669
NC	Engelhard	35.5092	-76.0095
NC	Enochville	35.5202	-80.6658
NC	Erwin	35.3222	-78.6735
NC	Etowah	35.3044	-82.5887
NC	Eureka	35.5414	-77.8763
NC	Everetts	35.8346	-77.1721
NC	Evergreen	34.4149	-78.9114
NC	Fair Bluff	34.3126	-79.0331
NC	Fairfield	35.5504	-76.2265
NC	Fairfield Harbour	35.0695	-76.9584
NC	Fairmont	34.4948	-79.1132
NC	Fairplains	36.1929	-81.1515
NC	Fairview	35.156	-80.5244
NC	Faison	35.1165	-78.1363
NC	Faith	35.59	-80.4583
NC	Falcon	35.1948	-78.6539
NC	Falkland	35.6985	-77.5129
NC	Fallston	35.4294	-81.5022
NC	Farmington	36.0085	-80.5357
NC	Farmville	35.595	-77.5906
NC	Fayetteville	35.0828	-78.9735
NC	Fearrington Village	35.7983	-79.079
NC	Five Points	35.0154	-79.3513
NC	Flat Rock	35.2668	-82.4516
NC	Fletcher	35.4329	-82.5074
NC	Fontana Dam	35.4328	-83.8248
NC	Forest City	35.3347	-81.8708
NC	Forest Hills	35.2958	-83.1954
NC	Forest Oaks	35.9885	-79.708
NC	Foscoe	36.1523	-81.7765
NC	Fountain	35.6721	-77.6317
NC	Four Oaks	35.4456	-78.4176
NC	Foxfire	35.1785	-79.563
NC	Franklin	35.1794	-83.3807
NC	Franklinton	36.1011	-78.4551
NC	Franklinville	35.7413	-79.6912
NC	Fremont	35.5437	-77.9751
NC	Frisco	35.2479	-75.5987
NC	Fruitland	35.3978	-82.4213
NC	Fuquay-Varina	35.5951	-78.7766
NC	Gamewell	35.864	-81.5978
NC	Garland	34.7859	-78.3949
NC	Garner	35.6936	-78.6149
NC	Garysburg	36.4479	-77.5604
NC	Gaston	36.4952	-77.6464
NC	Gastonia	35.249	-81.1848
NC	Gatesville	36.4074	-76.7566
NC	Germanton	36.2501	-80.239
NC	Gerton	35.4758	-82.3504
NC	Gibson	34.7595	-79.6069
NC	Gibsonville	36.1022	-79.543
NC	Glen Alpine	35.7307	-81.7826
NC	Glen Raven	36.1241	-79.4673
NC	Glenville	35.1692	-83.1204
NC	Glenwood	35.6158	-81.9828
NC	Gloucester	34.7321	-76.5386
NC	Godwin	35.2171	-78.6843
NC	Gold Hill	35.5186	-80.3475
NC	Goldsboro	35.3782	-77.9719
NC	Goldston	35.5934	-79.326
NC	Gorman	36.0418	-78.8069
NC	Governors Club	35.8422	-79.0475
NC	Governors Village	35.853	-79.0255
NC	Graham	36.0564	-79.3894
NC	Graingers	35.3163	-77.5066
NC	Grandfather Village	36.093	-81.8538
NC	Grandy	36.2352	-75.8798
NC	Granite Falls	35.7972	-81.4244
NC	Granite Quarry	35.6131	-80.4487
NC	Grantsboro	35.1449	-76.8447
NC	Green Level	36.1228	-79.345
NC	Greenevers	34.8271	-77.9251
NC	Greensboro	36.0949	-79.8236
NC	Greenville	35.5964	-77.3753
NC	Grifton	35.38	-77.4425
NC	Grimesland	35.5671	-77.1982
NC	Grover	35.1717	-81.4581
NC	Gulf	35.5576	-79.2808
NC	Half Moon	34.8298	-77.4591
NC	Halifax	36.3255	-77.5901
NC	Hallsboro	34.3189	-78.5934
NC	Hamilton	35.9444	-77.2067
NC	Hamlet	34.8892	-79.7106
NC	Hampstead	34.3625	-77.7543
NC	Harkers Island	34.698	-76.5555
NC	Harmony	35.958	-80.7744
NC	Harrells	34.7278	-78.2015
NC	Harrellsville	36.3017	-76.7918
NC	Harrisburg	35.3075	-80.6456
NC	Hassell	35.9086	-77.2764
NC	Hatteras	35.2199	-75.6879
NC	Havelock	34.9089	-76.8995
NC	Haw River	36.0919	-79.3589
NC	Hayesville	35.045	-83.8179
NC	Hays	36.2469	-81.1142
NC	Hemby Bridge	35.1087	-80.6249
NC	Henderson	36.326	-78.4149
NC	Hendersonville	35.3243	-82.4563
NC	Henrietta	35.2578	-81.8044
NC	Hertford	36.1768	-76.4666
NC	Hickory	35.7401	-81.3218
NC	Hiddenite	35.9077	-81.0811
NC	High Point	35.9908	-79.9927
NC	High Shoals	35.39	-81.2021
NC	Highlands	35.0538	-83.1976
NC	Hightsville	34.2694	-77.9375
NC	Hildebran	35.7182	-81.421
NC	Hillsborough	36.0779	-79.098
NC	Hobgood	36.0267	-77.394
NC	Hobucken	35.2518	-76.5731
NC	Hoffman	35.0313	-79.5491
NC	Holden Beach	33.912	-78.3208
NC	Hollister	36.2583	-77.9357
NC	Holly Ridge	34.4935	-77.5631
NC	Holly Springs	35.6533	-78.8408
NC	Hookerton	35.423	-77.5894
NC	Hoopers Creek	35.4449	-82.4356
NC	Hope Mills	34.97	-78.9606
NC	Horse Shoe	35.3324	-82.5627
NC	Hot Springs	35.8936	-82.8294
NC	Hudson	35.8477	-81.4867
NC	Huntersville	35.4068	-80.8687
NC	Icard	35.7255	-81.4585
NC	Indian Beach	34.6856	-76.8982
NC	Indian Trail	35.0686	-80.6512
NC	Ingold	34.8277	-78.3518
NC	Iron Station	35.4539	-81.1547
NC	Ivanhoe	34.5836	-78.2517
NC	JAARS	34.8645	-80.7503
NC	Jackson	36.3901	-77.4193
NC	Jackson Heights	35.2236	-77.6333
NC	Jackson Springs	35.2127	-79.6298
NC	Jacksonville	34.7297	-77.3937
NC	James City	35.0454	-76.9981
NC	Jamestown	35.9984	-79.9346
NC	Jamesville	35.8122	-76.9002
NC	Jefferson	36.4206	-81.4683
NC	Jonesville	36.2353	-80.8337
NC	Kannapolis	35.4799	-80.6475
NC	Keener	35.1211	-78.2984
NC	Kelford	36.1812	-77.2243
NC	Kelly	34.464	-78.311
NC	Kenansville	34.9598	-77.966
NC	Kenly	35.6008	-78.1279
NC	Kernersville	36.1062	-80.0819
NC	Kill Devil Hills	36.0171	-75.6714
NC	King	36.2747	-80.3569
NC	Kings Grant	34.2659	-77.861
NC	Kings Mountain	35.2358	-81.3504
NC	Kingstown	35.3621	-81.6201
NC	Kinston	35.2751	-77.5934
NC	Kittrell	36.2218	-78.4413
NC	Kitty Hawk	36.0701	-75.7172
NC	Knightdale	35.7917	-78.4965
NC	Kure Beach	33.9993	-77.9076
NC	La Grange	35.3065	-77.7899
NC	Lake Junaluska	35.5302	-82.9728
NC	Lake Lure	35.4484	-82.2022
NC	Lake Norman of Catawba	35.5984	-80.9875
NC	Lake Norman of Iredell	35.5443	-80.9299
NC	Lake Park	35.0845	-80.6344
NC	Lake Royale	35.9649	-78.1922
NC	Lake Santeetlah	35.364	-83.8664
NC	Lake Waccamaw	34.3182	-78.5112
NC	Landis	35.5496	-80.6105
NC	Lansing	36.4995	-81.5096
NC	Lasker	36.3502	-77.3057
NC	Lattimore	35.3154	-81.6602
NC	Laurel Hill	34.8095	-79.5455
NC	Laurel Park	35.3115	-82.5036
NC	Laurinburg	34.7621	-79.4774
NC	Lawndale	35.4144	-81.5621
NC	Leggett	35.9895	-77.5801
NC	Leland	34.223	-78.0447
NC	Lenoir	35.9077	-81.5248
NC	Lewiston Woodville	36.1149	-77.1796
NC	Lewisville	36.1052	-80.4246
NC	Lexington	35.7972	-80.2743
NC	Liberty	35.855	-79.5693
NC	Light Oak	35.2867	-81.4774
NC	Lilesville	34.9675	-79.9845
NC	Lillington	35.4131	-78.8117
NC	Lincolnton	35.4757	-81.2392
NC	Linden	35.2546	-78.7476
NC	Linville	36.0675	-81.8714
NC	Littleton	36.4343	-77.911
NC	Locust	35.2686	-80.4367
NC	Long Creek	34.434	-78.0172
NC	Long View	35.7231	-81.3855
NC	Louisburg	36.0987	-78.3008
NC	Love Valley	35.9897	-80.9726
NC	Lowell	35.2758	-81.1049
NC	Lowesville	35.4245	-81.0052
NC	Lowgap	36.525	-80.8712
NC	Lucama	35.6448	-78.0074
NC	Lumber Bridge	34.8899	-79.0723
NC	Lumberton	34.6306	-79.0186
NC	Macclesfield	35.7523	-77.6697
NC	Macon	36.4402	-78.0833
NC	Madison	36.394	-79.976
NC	Maggie Valley	35.5248	-83.0628
NC	Magnolia	34.8962	-78.0533
NC	Maiden	35.5915	-81.2315
NC	Mamers	35.4113	-78.9366
NC	Manns Harbor	35.8985	-75.7807
NC	Manteo	35.8986	-75.6513
NC	Mar-Mac	35.3308	-78.057
NC	Marble	35.177	-83.9265
NC	Marietta	34.3682	-79.1249
NC	Marion	35.6776	-82.0013
NC	Mars Hill	35.8282	-82.5486
NC	Marshall	35.7986	-82.68
NC	Marshallberg	34.726	-76.5136
NC	Marshville	34.9862	-80.369
NC	Marvin	34.9996	-80.8167
NC	Matthews	35.1198	-80.7097
NC	Maury	35.4792	-77.5902
NC	Maxton	34.7365	-79.3527
NC	Mayodan	36.4226	-79.9689
NC	Maysville	34.9071	-77.232
NC	McAdenville	35.2654	-81.0799
NC	McDonald	34.5537	-79.1763
NC	McFarlan	34.8148	-79.9766
NC	McLeansville	36.0976	-79.6547
NC	Mebane	36.0817	-79.2767
NC	Mesic	35.2042	-76.6458
NC	Micro	35.5624	-78.2035
NC	Middleburg	36.3989	-78.3234
NC	Middlesex	35.7894	-78.2048
NC	Midland	35.2492	-80.5301
NC	Midway	35.9751	-80.2204
NC	Millers Creek	36.1909	-81.2356
NC	Millingport	35.3764	-80.3113
NC	Mills River	35.3813	-82.5889
NC	Milton	36.5377	-79.2079
NC	Milwaukee	36.4025	-77.2312
NC	Mineral Springs	34.9442	-80.6864
NC	Minnesott Beach	34.9865	-76.8241
NC	Mint Hill	35.1785	-80.6557
NC	Misenheimer	35.477	-80.286
NC	Mocksville	35.8997	-80.5611
NC	Momeyer	35.96	-78.0481
NC	Moncure	35.6258	-79.0747
NC	Monroe	35.0016	-80.5613
NC	Montreat	35.648	-82.2992
NC	Mooresboro	35.2992	-81.6986
NC	Mooresville	35.5837	-80.8278
NC	Moravian Falls	36.1088	-81.1864
NC	Morehead City	34.7279	-76.7391
NC	Morganton	35.7408	-81.7003
NC	Morrisville	35.8364	-78.839
NC	Morven	34.8643	-80.0
NC	Mount Airy	36.5085	-80.6145
NC	Mount Gilead	35.2164	-80.005
NC	Mount Holly	35.3144	-81.0066
NC	Mount Olive	35.1998	-78.0661
NC	Mount Pleasant	35.3943	-80.4318
NC	Mountain Home	35.3703	-82.502
NC	Mountain View	35.6831	-81.369
NC	Moyock	36.5012	-76.1733
NC	Mulberry	36.2257	-81.1652
NC	Murfreesboro	36.442	-77.0977
NC	Murphy	35.0943	-84.0249
NC	Murraysville	34.2916	-77.8423
NC	Myrtle Grove	34.1269	-77.8889
NC	Nags Head	35.9475	-75.6257
NC	Nashville	35.9692	-77.9567
NC	Navassa	34.2834	-78.0387
NC	Nebo	35.7158	-81.9139
NC	Neuse Forest	34.9651	-76.9443
NC	New Bern	35.0959	-77.0705
NC	New Hope	35.3782	-77.8922
NC	New London	35.4349	-80.2198
NC	Newland	36.088	-81.9274
NC	Newport	34.7707	-76.8791
NC	Newton	35.6622	-81.2323
NC	Newton Grove	35.2512	-78.3537
NC	Norlina	36.445	-78.195
NC	Norman	35.1698	-79.7232
NC	North Topsail Beach	34.4885	-77.4375
NC	North Wilkesboro	36.1728	-81.1389
NC	Northchase	34.3078	-77.8775
NC	Northlakes	35.7805	-81.3678
NC	Northwest	34.316	-78.1448
NC	Norwood	35.2328	-80.1108
NC	Oak City	35.9625	-77.3051
NC	Oak Island	33.9133	-78.1198
NC	Oak Ridge	36.1741	-79.9922
NC	Oakboro	35.2285	-80.3342
NC	Ocean Isle Beach	33.8876	-78.4621
NC	Ocracoke	35.0732	-75.9985
NC	Ogden	34.2634	-77.789
NC	Old Fort	35.6303	-82.178
NC	Old Hundred	34.8245	-79.5921
NC	Oriental	35.0309	-76.6808
NC	Orrum	34.4667	-79.0089
NC	Ossipee	36.1663	-79.5169
NC	Oxford	36.3217	-78.5865
NC	Pantego	35.5874	-76.6594
NC	Parkton	34.9028	-79.0113
NC	Parmele	35.8181	-77.3143
NC	Patterson Springs	35.2328	-81.5161
NC	Peachland	34.9931	-80.266
NC	Peletier	34.7284	-77.0713
NC	Pembroke	34.6766	-79.1934
NC	Pikeville	35.4972	-77.9878
NC	Pilot Mountain	36.3839	-80.4742
NC	Pine Knoll Shores	34.6972	-76.8319
NC	Pine Level	35.5033	-78.2486
NC	Pinebluff	35.1089	-79.4715
NC	Pinehurst	35.1911	-79.4698
NC	Pinetops	35.7911	-77.6378
NC	Pinetown	35.6111	-76.8558
NC	Pineville	35.0937	-80.8935
NC	Piney Green	34.7655	-77.301
NC	Pink Hill	35.0562	-77.7436
NC	Pinnacle	36.3228	-80.4232
NC	Pittsboro	35.7278	-79.1689
NC	Plain View	35.244	-78.5602
NC	Pleasant Garden	35.952	-79.7547
NC	Pleasant Hill	36.254	-80.8946
NC	Plymouth	35.8585	-76.7482
NC	Polkton	35.003	-80.1963
NC	Polkville	35.4163	-81.644
NC	Pollocksville	35.006	-77.2222
NC	Porters Neck	34.2932	-77.7706
NC	Potters Hill	34.9645	-77.7032
NC	Powellsville	36.2253	-76.9316
NC	Princeton	35.4667	-78.1616
NC	Princeville	35.8876	-77.529
NC	Proctorville	34.4752	-79.037
NC	Prospect	34.7358	-79.2252
NC	Pumpkin Center	34.786	-77.3642
NC	Raeford	34.9813	-79.2296
NC	Raemon	34.6171	-79.3463
NC	Raleigh	35.8319	-78.641
NC	Ramseur	35.7371	-79.6548
NC	Randleman	35.8159	-79.8077
NC	Ranlo	35.2899	-81.1292
NC	Raynham	34.5761	-79.1909
NC	Red Cross	35.2652	-80.3623
NC	Red Oak	36.0613	-77.9038
NC	Red Springs	34.8061	-79.1811
NC	Reidsville	36.3413	-79.6738
NC	Rennert	34.8141	-79.0791
NC	Rex	34.8508	-79.0469
NC	Rhodhiss	35.7655	-81.4322
NC	Rich Square	36.2739	-77.2839
NC	Richfield	35.4725	-80.2595
NC	Richlands	34.9002	-77.5428
NC	Riegelwood	34.3401	-78.2204
NC	River Bend	35.0689	-77.1499
NC	River Road	35.5084	-76.9871
NC	Roanoke Rapids	36.446	-77.6486
NC	Robbins	35.4277	-79.5829
NC	Robbinsville	35.3215	-83.8095
NC	Roberdel	34.9791	-79.7479
NC	Robersonville	35.8247	-77.2533
NC	Rockfish	34.9906	-79.0701
NC	Rockingham	34.9386	-79.7603
NC	Rockwell	35.553	-80.4092
NC	Rocky Mount	35.9693	-77.8038
NC	Rocky Point	34.444	-77.8909
NC	Rodanthe	35.5925	-75.4664
NC	Rolesville	35.9246	-78.4615
NC	Ronda	36.2217	-80.9432
NC	Roper	35.8786	-76.6171
NC	Rose Hill	34.826	-78.0259
NC	Roseboro	34.9557	-78.5141
NC	Rosman	35.1458	-82.8202
NC	Rougemont	36.2134	-78.9109
NC	Rowland	34.5361	-79.2929
NC	Roxboro	36.3946	-78.9773
NC	Roxobel	36.2015	-77.2398
NC	Royal Pines	35.4788	-82.5023
NC	Ruffin	36.4382	-79.5334
NC	Rural Hall	36.2245	-80.2969
NC	Ruth	35.3824	-81.9448
NC	Rutherford College	35.7516	-81.527
NC	Rutherfordton	35.3641	-81.9613
NC	Salem	35.6997	-81.7003
NC	Salemburg	35.0152	-78.5028
NC	Salisbury	35.6655	-80.4889
NC	Saluda	35.2375	-82.3469
NC	Salvo	35.5485	-75.4682
NC	Sandy Creek	34.2819	-78.1587
NC	Sandyfield	34.3676	-78.3038
NC	Sanford	35.4967	-79.1719
NC	Saratoga	35.6537	-77.7756
NC	Sawmills	35.8176	-81.4763
NC	Saxapahaw	35.9608	-79.3162
NC	Scotch Meadows	34.6889	-79.5177
NC	Scotland Neck	36.1308	-77.4214
NC	Sea Breeze	34.0675	-77.8923
NC	Seaboard	36.4907	-77.442
NC	Seagrove	35.5395	-79.7814
NC	Sedalia	36.0758	-79.6177
NC	Selma	35.5397	-78.2917
NC	Seven Devils	36.1495	-81.8132
NC	Seven Lakes	35.2642	-79.586
NC	Seven Springs	35.2248	-77.8451
NC	Severn	36.5142	-77.1893
NC	Shallotte	33.9782	-78.3808
NC	Shannon	34.8477	-79.1396
NC	Sharpsburg	35.8664	-77.8303
NC	Shelby	35.2904	-81.5456
NC	Siler City	35.7261	-79.4557
NC	Silver City	34.9972	-79.2292
NC	Silver Lake	34.1423	-77.9089
NC	Simpson	35.5753	-77.279
NC	Sims	35.7593	-78.0603
NC	Skippers Corner	34.3267	-77.9146
NC	Smithfield	35.5238	-78.3522
NC	Smithtown	36.2331	-80.5712
NC	Sneads Ferry	34.5552	-77.3776
NC	Snow Hill	35.4505	-77.6768
NC	South Henderson	36.3033	-78.4059
NC	South Mills	36.4379	-76.3307
NC	South Rosemary	36.4534	-77.7134
NC	South Weldon	36.4136	-77.6024
NC	Southern Pines	35.1904	-79.3959
NC	Southern Shores	36.1167	-75.733
NC	Southmont	35.6504	-80.276
NC	Southport	33.9333	-78.0085
NC	Sparta	36.503	-81.1226
NC	Speed	35.9685	-77.4445
NC	Spencer	35.699	-80.4264
NC	Spencer Mountain	35.3086	-81.1134
NC	Spindale	35.3597	-81.9232
NC	Spivey's Corner	35.1982	-78.4826
NC	Spout Springs	35.2736	-79.0456
NC	Spring Hope	35.9441	-78.109
NC	Spring Lake	35.1846	-78.9947
NC	Springdale	35.2903	-81.1453
NC	Spruce Pine	35.914	-82.0697
NC	St. Helena	34.5166	-77.9174
NC	St. James	33.9444	-78.1003
NC	St. Pauls	34.8092	-78.9766
NC	St. Stephens	35.7646	-81.2729
NC	Staley	35.7979	-79.5517
NC	Stallings	35.1103	-80.6601
NC	Stanfield	35.2337	-80.4302
NC	Stanley	35.3547	-81.0918
NC	Stantonsburg	35.6052	-77.8191
NC	Star	35.3991	-79.7833
NC	Statesville	35.7855	-80.873
NC	Stedman	35.0135	-78.7001
NC	Stem	36.1957	-78.7222
NC	Stokes	35.7105	-77.2676
NC	Stokesdale	36.2281	-79.9774
NC	Stoneville	36.4653	-79.9064
NC	Stonewall	35.1388	-76.7415
NC	Stony Point	35.8678	-81.0441
NC	Stovall	36.442	-78.5733
NC	Sugar Mountain	36.1264	-81.8647
NC	Summerfield	36.1969	-79.8972
NC	Sunbury	36.4469	-76.6127
NC	Sunset Beach	33.8948	-78.505
NC	Surf City	34.4373	-77.5349
NC	Swan Quarter	35.413	-76.3197
NC	Swannanoa	35.6008	-82.3872
NC	Swansboro	34.6936	-77.1343
NC	Swepsonville	36.0288	-79.3561
NC	Sylva	35.3754	-83.2185
NC	Tabor City	34.1545	-78.8732
NC	Tar Heel	34.7339	-78.7909
NC	Tarboro	35.9052	-77.5572
NC	Taylorsville	35.9168	-81.176
NC	Taylortown	35.2146	-79.4917
NC	Teachey	34.7708	-78.006
NC	Thomasville	35.8813	-80.0815
NC	Toast	36.4967	-80.6355
NC	Tobaccoville	36.2256	-80.3588
NC	Topsail Beach	34.3664	-77.6476
NC	Trent Woods	35.082	-77.092
NC	Trenton	35.0633	-77.3546
NC	Trinity	35.8768	-80.0104
NC	Troutman	35.7005	-80.8877
NC	Troy	35.3646	-79.8919
NC	Tryon	35.2088	-82.2379
NC	Turkey	34.995	-78.1842
NC	Tyro	35.7997	-80.3764
NC	Unionville	35.0785	-80.5171
NC	Valdese	35.7555	-81.5727
NC	Valle Crucis	36.2156	-81.7966
NC	Valley Hill	35.2939	-82.4927
NC	Vanceboro	35.3031	-77.1567
NC	Vandemere	35.1927	-76.6617
NC	Vander	35.0383	-78.7854
NC	Vann Crossroads	35.1701	-78.4041
NC	Varnamtown	33.9458	-78.2327
NC	Vass	35.2539	-79.2846
NC	Waco	35.3626	-81.4293
NC	Wade	35.1634	-78.7397
NC	Wadesboro	34.9638	-80.0747
NC	Wagram	34.8891	-79.3652
NC	Wake Forest	35.9644	-78.5133
NC	Wakulla	34.797	-79.256
NC	Walkertown	36.1497	-80.1689
NC	Wallace	34.7379	-77.9906
NC	Wallburg	36.0131	-80.1669
NC	Walnut Cove	36.2935	-80.1409
NC	Walnut Creek	35.3094	-77.8747
NC	Walstonburg	35.5961	-77.698
NC	Wanchese	35.8402	-75.6417
NC	Warrenton	36.399	-78.157
NC	Warsaw	34.9996	-78.0927
NC	Washington	35.558	-77.0542
NC	Washington Park	35.5329	-77.0316
NC	Watha	34.6512	-77.9576
NC	Waves	35.5659	-75.4655
NC	Waxhaw	34.9375	-80.74
NC	Waynesville	35.4856	-82.9993
NC	Weaverville	35.6993	-82.5557
NC	Webster	35.35	-83.219
NC	Weddington	35.0221	-80.7354
NC	Welcome	35.9066	-80.2548
NC	Weldon	36.424	-77.613
NC	Wendell	35.7682	-78.3641
NC	Wentworth	36.4012	-79.7569
NC	Wesley Chapel	35.0058	-80.6934
NC	West Canton	35.5384	-82.8671
NC	West Jefferson	36.3831	-81.4896
NC	West Marion	35.6524	-82.019
NC	Westport	35.4973	-80.9769
NC	Whispering Pines	35.2482	-79.3719
NC	Whitakers	36.1057	-77.713
NC	White Lake	34.6502	-78.4911
NC	White Oak	34.7397	-78.7186
NC	White Plains	36.4438	-80.649
NC	Whiteville	34.3305	-78.7014
NC	Whitsett	36.0792	-79.5723
NC	Whittier	35.4347	-83.3548
NC	Wilkesboro	36.1424	-81.1769
NC	Williamston	35.8465	-77.0661
NC	Wilmington	34.2092	-77.8858
NC	Wilson	35.7315	-77.9308
NC	Wilson's Mills	35.5862	-78.363
NC	Windsor	35.993	-76.9399
NC	Winfall	36.2116	-76.4567
NC	Wingate	34.986	-80.4474
NC	Winston-Salem	36.1029	-80.2608
NC	Winterville	35.5287	-77.4001
NC	Winton	36.3894	-76.9347
NC	Woodfin	35.6461	-82.5944
NC	Woodland	36.3306	-77.2149
NC	Woodlawn	36.118	-79.2959
NC	Wrightsboro	34.2876	-77.9301
NC	Wrightsville Beach	34.213	-77.7979
NC	Yadkin College	35.8721	-80.3861
NC	Yadkinville	36.1316	-80.6593
NC	Yanceyville	36.4102	-79.3294
NC	Youngsville	36.0196	-78.4859
NC	Zebulon	35.8295	-78.3142
ND	Abercrombie	46.447	-96.7296
ND	Adams	48.4205	-98.074
ND	Alamo	48.582	-103.4674
ND	Alexander	47.8381	-103.6432
ND	Alice	46.76	-97.5562
ND	Almont	46.7283	-101.5027
ND	Alsen	48.6305	-98.7043
ND	Ambrose	48.9559	-103.4813
ND	Amenia	47.0065	-97.2241
ND	Amidon	46.4822	-103.3196
ND	Anamoose	47.8831	-100.2423
ND	Aneta	47.6797	-97.989
ND	Antler	48.9713	-101.2832
ND	Apple Valley	46.821	-100.5995
ND	Ardoch	48.2054	-97.338
ND	Argusville	47.0501	-96.9431
ND	Arnegard	47.8065	-103.4426
ND	Arthur	47.1043	-97.2184
ND	Ashley	46.0347	-99.3737
ND	Auburn	48.5066	-97.4368
ND	Ayr	47.0411	-97.4909
ND	Balfour	47.9509	-100.5343
ND	Balta	48.1662	-100.0366
ND	Bantry	48.4943	-100.6147
ND	Barney	46.2658	-96.9988
ND	Barton	48.5088	-100.1738
ND	Bathgate	48.8804	-97.4739
ND	Beach	46.9187	-104.0054
ND	Belcourt	48.8425	-99.7442
ND	Belfield	46.8868	-103.1955
ND	Benedict	47.8301	-101.0843
ND	Bergen	48.0037	-100.7199
ND	Berlin	46.3784	-98.4884
ND	Berthold	48.3141	-101.759
ND	Beulah	47.2668	-101.7707
ND	Binford	47.5604	-98.3456
ND	Bisbee	48.6272	-99.3788
ND	Bismarck	46.8146	-100.7701
ND	Blacktail	48.4321	-103.7397
ND	Blanchard	47.3431	-97.2231
ND	Bottineau	48.8248	-100.4425
ND	Bowbells	48.8022	-102.2458
ND	Bowdon	47.4685	-99.7089
ND	Bowman	46.1843	-103.4029
ND	Braddock	46.564	-100.0896
ND	Briarwood	46.787	-96.7948
ND	Brinsmade	48.184	-99.3236
ND	Brocket	48.2108	-98.3554
ND	Brooktree Park	47.0039	-96.8957
ND	Buchanan	47.0626	-98.829
ND	Bucyrus	46.0646	-102.7883
ND	Buffalo	46.9193	-97.5506
ND	Burlington	48.2572	-101.4146
ND	Butte	47.837	-100.6658
ND	Buxton	47.6021	-97.0975
ND	Caledonia	47.4577	-96.8891
ND	Calio	48.6238	-98.9384
ND	Calvin	48.8518	-98.938
ND	Cando	48.4872	-99.2025
ND	Cannon Ball	46.3237	-100.6294
ND	Canton City	48.688	-97.6661
ND	Carpio	48.4434	-101.7163
ND	Carrington	47.4529	-99.131
ND	Carson	46.4223	-101.5706
ND	Casselton	46.8964	-97.2126
ND	Cathay	47.5539	-99.4113
ND	Cavalier	48.794	-97.6226
ND	Cayuga	46.0761	-97.3845
ND	Center	47.1149	-101.2977
ND	Christine	46.5751	-96.8066
ND	Churchs Ferry	48.2686	-99.1944
ND	Cleveland	46.891	-99.1196
ND	Clifford	47.3482	-97.4101
ND	Cogswell	46.107	-97.7842
ND	Coleharbor	47.5425	-101.2214
ND	Colfax	46.4709	-96.8725
ND	Columbus	48.905	-102.7812
ND	Conway	48.2343	-97.6751
ND	Cooperstown	47.4449	-98.1256
ND	Courtenay	47.2241	-98.5685
ND	Crary	48.075	-98.6332
ND	Crosby	48.9162	-103.2966
ND	Crystal	48.5981	-97.6686
ND	Dahlen	48.1588	-97.9324
ND	Davenport	46.7149	-97.0655
ND	Dawson	46.8679	-99.7536
ND	Dazey	47.1884	-98.2007
ND	De Lamere	46.2668	-97.3333
ND	Deering	48.3958	-101.0498
ND	Denhoff	47.4833	-100.2623
ND	Des Lacs	48.2569	-101.5637
ND	Devils Lake	48.1126	-98.8748
ND	Dickey	46.5368	-98.4681
ND	Dickinson	46.8928	-102.796
ND	Dodge	47.3053	-102.2024
ND	Donnybrook	48.5077	-101.8871
ND	Douglas	47.8577	-101.5019
ND	Drake	47.9227	-100.3744
ND	Drayton	48.5621	-97.1795
ND	Driscoll	46.8427	-100.1439
ND	Dunn Center	47.3531	-102.6228
ND	Dunseith	48.813	-100.0622
ND	Dwight	46.304	-96.7401
ND	East Dunseith	48.8632	-100.0219
ND	East Fairview	47.8534	-104.0359
ND	Edgeley	46.3624	-98.7126
ND	Edinburg	48.4955	-97.863
ND	Edmore	48.4124	-98.4536
ND	Egeland	48.6281	-99.098
ND	Elgin	46.4015	-101.8474
ND	Ellendale	46.0044	-98.5254
ND	Elliott	46.4023	-97.8149
ND	Embden	46.805	-97.4395
ND	Emerado	47.9286	-97.3616
ND	Enderlin	46.6215	-97.5956
ND	Englevale	46.3912	-97.9038
ND	Epping	48.2817	-103.3578
ND	Erie	47.1153	-97.3879
ND	Esmond	48.0331	-99.7648
ND	Fairdale	48.49	-98.2312
ND	Fairmount	46.0547	-96.6029
ND	Fargo	46.8647	-96.8291
ND	Fessenden	47.6493	-99.627
ND	Fingal	46.7625	-97.7932
ND	Finley	47.5125	-97.8373
ND	Flasher	46.4521	-101.2329
ND	Flaxton	48.8963	-102.3911
ND	Forbes	45.9425	-98.782
ND	Fordville	48.2166	-97.7954
ND	Forest River	48.2166	-97.4703
ND	Forman	46.1038	-97.6371
ND	Fort Ransom	46.5245	-97.9311
ND	Fort Totten	47.9705	-99.0166
ND	Fort Yates	46.0866	-100.6301
ND	Fortuna	48.9097	-103.7791
ND	Four Bears Village	47.9871	-102.5937
ND	Foxholm	48.3654	-101.5721
ND	Fredonia	46.3292	-99.0956
ND	Frontier	46.8003	-96.8333
ND	Fullerton	46.1632	-98.4273
ND	Gackle	46.6264	-99.1414
ND	Galesburg	47.2701	-97.4088
ND	Gardena	48.7012	-100.4981
ND	Gardner	47.1445	-96.9686
ND	Garrison	47.6532	-101.4219
ND	Gascoyne	46.119	-103.0788
ND	Gilby	48.0835	-97.4677
ND	Gladstone	46.8587	-102.5766
ND	Glen Ullin	46.8117	-101.8335
ND	Glenburn	48.5135	-101.2209
ND	Glenfield	47.4551	-98.5662
ND	Golden Valley	47.2903	-102.0653
ND	Golva	46.7346	-103.9823
ND	Goodrich	47.4762	-100.1248
ND	Grace City	47.5513	-98.8039
ND	Grafton	48.4139	-97.4062
ND	Grand Forks	47.9196	-97.0873
ND	Grand Forks AFB	47.9557	-97.3913
ND	Grandin	47.2367	-97.0032
ND	Grano	48.6153	-101.5892
ND	Granville	48.2666	-100.8447
ND	Great Bend	46.1546	-96.801
ND	Green Acres	48.8381	-99.6901
ND	Grenora	48.6199	-103.9367
ND	Gwinner	46.231	-97.6561
ND	Hague	46.0289	-99.9991
ND	Halliday	47.352	-102.3388
ND	Hamberg	47.7633	-99.516
ND	Hamilton	48.808	-97.4517
ND	Hampden	48.5396	-98.6543
ND	Hankinson	46.074	-96.891
ND	Hannaford	47.3142	-98.1889
ND	Hannah	48.9729	-98.6903
ND	Hansboro	48.9524	-99.3802
ND	Harmon	46.9544	-100.957
ND	Harvey	47.7782	-99.9307
ND	Harwood	46.977	-96.881
ND	Hatton	47.637	-97.4583
ND	Havana	45.9542	-97.6185
ND	Haynes	45.9739	-102.471
ND	Hazelton	46.4857	-100.2811
ND	Hazen	47.2984	-101.6248
ND	Hebron	46.9024	-102.0447
ND	Heil	46.3892	-101.7012
ND	Heimdal	47.7927	-99.6527
ND	Hettinger	46.0035	-102.6346
ND	Hillsboro	47.403	-97.0635
ND	Hoople	48.5358	-97.6389
ND	Hope	47.3244	-97.7192
ND	Horace	46.757	-96.9113
ND	Hunter	47.1901	-97.2138
ND	Hurdsfield	47.4472	-99.9304
ND	Inkster	48.1513	-97.6441
ND	Jamestown	46.9059	-98.6936
ND	Jessie	47.5402	-98.2291
ND	Jud	46.5258	-98.8976
ND	Karlsruhe	48.091	-100.6162
ND	Kathryn	46.6812	-97.9704
ND	Kenmare	48.6728	-102.072
ND	Kensal	47.3	-98.7321
ND	Kief	47.859	-100.5142
ND	Killdeer	47.3688	-102.7462
ND	Kindred	46.6494	-97.0169
ND	Knox	48.3439	-99.6911
ND	Kramer	48.691	-100.7077
ND	Kulm	46.3019	-98.9466
ND	LaMoure	46.3574	-98.2965
ND	Lakota	48.0429	-98.3468
ND	Landa	48.8959	-100.912
ND	Langdon	48.7622	-98.3753
ND	Lankin	48.3147	-97.9203
ND	Lansford	48.627	-101.3759
ND	Larimore	47.9091	-97.627
ND	Larson	48.8916	-102.8626
ND	Lawton	48.3033	-98.3679
ND	Leal	47.1049	-98.3155
ND	Leeds	48.2872	-99.4343
ND	Lehr	46.2824	-99.3529
ND	Leith	46.3649	-101.6414
ND	Leonard	46.6523	-97.2499
ND	Lidgerwood	46.0737	-97.1452
ND	Lignite	48.8772	-102.5644
ND	Lincoln	46.7689	-100.6977
ND	Linton	46.2687	-100.2329
ND	Lisbon	46.439	-97.6844
ND	Litchville	46.6566	-98.1917
ND	Logan	48.1596	-101.1756
ND	Loma	48.6377	-98.5257
ND	Long Creek	48.101	-103.2546
ND	Loraine	48.8684	-101.5679
ND	Ludden	46.008	-98.1248
ND	Luverne	47.2514	-97.9348
ND	Maddock	47.9624	-99.5293
ND	Makoti	47.9633	-101.8029
ND	Mandan	46.8295	-100.8871
ND	Mandaree	47.7451	-102.6976
ND	Manning	47.231	-102.7704
ND	Mantador	46.1655	-96.9779
ND	Manvel	48.0728	-97.1779
ND	Mapleton	46.8915	-97.0533
ND	Marion	46.6112	-98.3387
ND	Marmarth	46.3012	-103.9346
ND	Martin	47.8268	-100.1153
ND	Max	47.8204	-101.2911
ND	Maxbass	48.7224	-101.1424
ND	Mayville	47.4982	-97.3264
ND	McClusky	47.484	-100.4425
ND	McGregor	48.5956	-102.928
ND	McHenry	47.5764	-98.591
ND	McLeod	46.3887	-97.2987
ND	McVille	47.7651	-98.1754
ND	Medina	46.8938	-99.2999
ND	Medora	46.9113	-103.5265
ND	Menoken	46.8144	-100.5305
ND	Mercer	47.4906	-100.7111
ND	Michigan City	48.0244	-98.1201
ND	Milnor	46.2607	-97.4552
ND	Milton	48.626	-98.046
ND	Minnewaukan	48.0717	-99.2538
ND	Minot	48.2361	-101.2775
ND	Minot AFB	48.419	-101.3365
ND	Minto	48.2924	-97.373
ND	Mohall	48.766	-101.5164
ND	Monango	46.1734	-98.5952
ND	Montpelier	46.699	-98.5885
ND	Mooreton	46.2689	-96.8758
ND	Mott	46.3744	-102.3189
ND	Mountain	48.6843	-97.8648
ND	Munich	48.6734	-98.8387
ND	Mylo	48.6358	-99.6179
ND	Napoleon	46.5039	-99.7683
ND	Nash	48.4778	-97.5245
ND	Neche	48.983	-97.5517
ND	Nekoma	48.5782	-98.3761
ND	New England	46.5408	-102.867
ND	New Leipzig	46.3758	-101.9516
ND	New Rockford	47.6796	-99.1377
ND	New Salem	46.843	-101.4179
ND	New Town	47.9891	-102.4883
ND	Newburg	48.7139	-100.9126
ND	Niagara	48.001	-97.877
ND	Nome	46.6758	-97.8163
ND	Noonan	48.8903	-103.0103
ND	North River	46.9505	-96.8033
ND	Northwood	47.7314	-97.5652
ND	Oakes	46.1397	-98.0871
ND	Oberon	47.9239	-99.2056
ND	Oriska	46.9311	-97.7905
ND	Orrin	48.0909	-100.1671
ND	Osnabrock	48.6702	-98.1494
ND	Overly	48.6811	-100.151
ND	Oxbow	46.6647	-96.8208
ND	Page	47.1592	-97.5681
ND	Palermo	48.3384	-102.2289
ND	Park River	48.3911	-97.7427
ND	Parshall	47.9595	-102.1338
ND	Pekin	47.7919	-98.3278
ND	Pembina	48.9671	-97.2469
ND	Perth	48.7147	-99.4581
ND	Petersburg	48.0175	-98.0006
ND	Pettibone	47.1171	-99.5208
ND	Pick City	47.511	-101.4573
ND	Pillsbury	47.2071	-97.7957
ND	Pingree	47.1638	-98.9086
ND	Pisek	48.3106	-97.7103
ND	Plaza	48.0263	-101.9587
ND	Porcupine	46.2218	-101.1001
ND	Portal	48.9944	-102.5484
ND	Portland	47.4995	-97.3693
ND	Powers Lake	48.564	-102.6456
ND	Prairie Rose	46.8171	-96.8354
ND	Raleigh	46.3571	-101.3054
ND	Ray	48.3354	-103.1733
ND	Reeder	46.1059	-102.9422
ND	Regan	47.1568	-100.5273
ND	Regent	46.4222	-102.5581
ND	Reile's Acres	46.9291	-96.87
ND	Reynolds	47.6685	-97.106
ND	Rhame	46.2346	-103.655
ND	Richardton	46.8813	-102.3332
ND	Riverdale	47.4968	-101.367
ND	Robinson	47.1421	-99.7813
ND	Rocklake	48.7902	-99.2459
ND	Rogers	47.074	-98.2031
ND	Rolette	48.6609	-99.8417
ND	Rolla	48.8436	-99.6094
ND	Ross	48.3128	-102.5435
ND	Rugby	48.3654	-99.9902
ND	Ruso	47.8373	-100.9343
ND	Ruthville	48.3708	-101.3002
ND	Rutland	46.0543	-97.5068
ND	Ryder	47.9212	-101.6704
ND	Sanborn	46.9428	-98.2238
ND	Sarles	48.945	-98.9969
ND	Sawyer	48.0895	-101.0533
ND	Scranton	46.1495	-103.143
ND	Selfridge	46.0417	-100.9244
ND	Selz	47.8594	-99.8934
ND	Sentinel Butte	46.9194	-103.8406
ND	Sharon	47.5972	-97.8987
ND	Sheldon	46.5885	-97.4944
ND	Shell Valley	48.8086	-99.8271
ND	Sherwood	48.9619	-101.6328
ND	Sheyenne	47.8273	-99.1168
ND	Sibley	47.2186	-97.9653
ND	Solen	46.3873	-100.7956
ND	Souris	48.91	-100.6826
ND	South Heart	46.8681	-102.9905
ND	Spiritwood	46.9343	-98.4933
ND	Spiritwood Lake	47.0796	-98.5859
ND	Springbrook	48.2521	-103.4617
ND	St. John	48.9438	-99.7131
ND	St. Thomas	48.6192	-97.4471
ND	Stanley	48.3138	-102.3973
ND	Stanton	47.3185	-101.382
ND	Starkweather	48.4521	-98.8784
ND	Steele	46.8568	-99.9181
ND	Strasburg	46.1335	-100.1608
ND	Streeter	46.6576	-99.3568
ND	Surrey	48.243	-101.1283
ND	Sutton	47.4038	-98.441
ND	Sykeston	47.4661	-99.3993
ND	Tappen	46.8716	-99.6271
ND	Taylor	46.9022	-102.4229
ND	Thompson	47.7746	-97.1044
ND	Tioga	48.3946	-102.9435
ND	Tolley	48.7303	-101.8271
ND	Tolna	47.8257	-98.4382
ND	Tower City	46.9263	-97.676
ND	Towner	48.3471	-100.407
ND	Trenton	48.0699	-103.8432
ND	Turtle Lake	47.5215	-100.8908
ND	Tuttle	47.1445	-99.9934
ND	Underwood	47.4564	-101.1412
ND	Upham	48.5816	-100.7284
ND	Valley City	46.9226	-98.0041
ND	Velva	48.0582	-100.9329
ND	Venturia	45.9969	-99.5483
ND	Verona	46.3626	-98.0772
ND	Voltaire	48.0187	-100.844
ND	Wahpeton	46.2721	-96.6122
ND	Walcott	46.5505	-96.9376
ND	Wales	48.8934	-98.5992
ND	Walhalla	48.921	-97.917
ND	Warwick	47.8531	-98.7059
ND	Washburn	47.294	-101.0278
ND	Watford City	47.8015	-103.2667
ND	West Fargo	46.8564	-96.9048
ND	Westhope	48.9112	-101.0177
ND	Wheatland	46.9049	-97.3455
ND	White Earth	48.3799	-102.7718
ND	White Shield	47.6602	-101.8436
ND	Wildrose	48.63	-103.1837
ND	Williston	48.1895	-103.6491
ND	Willow City	48.6047	-100.2933
ND	Wilton	47.158	-100.784
ND	Wimbledon	47.1691	-98.4586
ND	Wing	47.1423	-100.2823
ND	Wishek	46.2556	-99.5545
ND	Wolford	48.4975	-99.7038
ND	Woodworth	47.1422	-99.3042
ND	Wyndmere	46.2641	-97.1312
ND	York	48.3132	-99.5733
ND	Ypsilanti	46.7834	-98.561
ND	Zap	47.2851	-101.9237
ND	Zeeland	45.9729	-99.8324
NE	Abie	41.3341	-96.9497
NE	Adams	40.459	-96.5074
NE	Agnew	41.0142	-96.8143
NE	Ainsworth	42.5484	-99.8575
NE	Albion	41.6872	-97.9987
NE	Alda	40.8666	-98.4679
NE	Alexandria	40.2475	-97.3878
NE	Allen	42.4144	-96.8432
NE	Alliance	42.1026	-102.8762
NE	Alma	40.1036	-99.3657
NE	Alvo	40.8723	-96.3866
NE	Ames	41.4485	-96.6263
NE	Amherst	40.8384	-99.2695
NE	Anoka	42.946	-98.8285
NE	Anselmo	41.6186	-99.8646
NE	Ansley	41.2873	-99.3825
NE	Arapahoe	40.3051	-99.898
NE	Arcadia	41.4248	-99.1261
NE	Archer	41.1666	-98.1389
NE	Arlington	41.4549	-96.3565
NE	Arnold	41.4232	-100.1936
NE	Arthur	41.5719	-101.6923
NE	Ashland	41.0399	-96.3725
NE	Ashton	41.2477	-98.7951
NE	Aten	42.8367	-97.4408
NE	Atkinson	42.5309	-98.9747
NE	Atlanta	40.3684	-99.4732
NE	Auburn	40.3894	-95.8436
NE	Aurora	40.8647	-98.0081
NE	Avoca	40.7964	-96.1193
NE	Axtell	40.4798	-99.1292
NE	Ayr	40.4378	-98.4409
NE	Bancroft	42.0104	-96.5735
NE	Barada	40.2185	-95.5778
NE	Barneston	40.049	-96.5736
NE	Bartlett	41.8839	-98.5526
NE	Bartley	40.2511	-100.3104
NE	Bassett	42.5825	-99.5366
NE	Battle Creek	41.9981	-97.5995
NE	Bayard	41.7572	-103.323
NE	Bazile Mills	42.5124	-97.9083
NE	Beacon View	41.0712	-96.3265
NE	Beatrice	40.2733	-96.746
NE	Beaver City	40.1382	-99.8284
NE	Beaver Crossing	40.7779	-97.2825
NE	Beaver Lake	40.9213	-95.8855
NE	Bee	41.0064	-97.0583
NE	Beemer	41.9298	-96.8091
NE	Belden	42.4117	-97.2074
NE	Belgrade	41.471	-98.0678
NE	Bellevue	41.1633	-95.9033
NE	Bellwood	41.3419	-97.2399
NE	Belmar	41.3055	-101.9346
NE	Belvidere	40.2547	-97.5574
NE	Benedict	41.0063	-97.6071
NE	Benkelman	40.0468	-101.5402
NE	Bennet	40.6817	-96.5039
NE	Bennington	41.3676	-96.1617
NE	Berea	42.2123	-102.983
NE	Bertrand	40.5263	-99.6324
NE	Berwyn	41.3509	-99.5006
NE	Big Springs	41.0609	-102.0745
NE	Bladen	40.3234	-98.5959
NE	Blair	41.5416	-96.1353
NE	Bloomfield	42.5984	-97.6481
NE	Bloomington	40.0938	-99.0384
NE	Blue Hill	40.3331	-98.4484
NE	Blue Springs	40.1372	-96.6628
NE	Bow Valley	42.7154	-97.2522
NE	Boys Town	41.256	-96.1284
NE	Bradshaw	40.8835	-97.7469
NE	Brady	41.0223	-100.3676
NE	Brainard	41.1817	-97.0023
NE	Brewster	41.9383	-99.865
NE	Bridgeport	41.6647	-103.0971
NE	Bristow	42.8408	-98.5833
NE	Broadwater	41.598	-102.8525
NE	Brock	40.4805	-95.9601
NE	Broken Bow	41.4052	-99.6408
NE	Brownlee	42.2892	-100.6242
NE	Brownville	40.3976	-95.6611
NE	Brule	41.0947	-101.8885
NE	Bruning	40.3358	-97.5664
NE	Bruno	41.283	-96.9609
NE	Brunswick	42.3377	-97.9718
NE	Buccaneer Bay	41.0492	-95.9662
NE	Burchard	40.1493	-96.3486
NE	Burr	40.5359	-96.2998
NE	Burton	42.9119	-99.5919
NE	Burwell	41.78	-99.1342
NE	Bushnell	41.2327	-103.8911
NE	Butte	42.913	-98.8474
NE	Byron	40.0047	-97.7688
NE	Cairo	41.0048	-98.6006
NE	Callaway	41.2914	-99.9203
NE	Cambridge	40.2843	-100.1658
NE	Campbell	40.2963	-98.7315
NE	Carleton	40.3033	-97.6836
NE	Carroll	42.2758	-97.1909
NE	Cedar Bluffs	41.3971	-96.6098
NE	Cedar Creek	41.0445	-96.1004
NE	Cedar Rapids	41.5589	-98.1493
NE	Center	42.609	-97.8762
NE	Central City	41.113	-98.0003
NE	Ceresco	41.0577	-96.6457
NE	Chadron	42.826	-103.0025
NE	Chalco	41.1824	-96.1354
NE	Chambers	42.2047	-98.7486
NE	Champion	40.4709	-101.7449
NE	Chapman	41.0233	-98.1594
NE	Chappell	41.0913	-102.4699
NE	Cheney	40.726	-96.5936
NE	Chester	40.0102	-97.6181
NE	Clarks	41.2163	-97.8395
NE	Clarkson	41.7234	-97.1215
NE	Clatonia	40.4653	-96.8511
NE	Clay Center	40.5255	-98.055
NE	Clearwater	42.1708	-98.1895
NE	Clinton	42.7597	-102.3479
NE	Cody	42.9377	-101.2489
NE	Coleridge	42.5064	-97.2031
NE	Colon	41.2981	-96.6073
NE	Columbus	41.4371	-97.3574
NE	Comstock	41.5572	-99.243
NE	Concord	42.3842	-96.9893
NE	Cook	40.5106	-96.1616
NE	Cordova	40.7164	-97.3516
NE	Cornlea	41.68	-97.5669
NE	Cortland	40.506	-96.706
NE	Cotesfield	41.3576	-98.6336
NE	Cowles	40.1714	-98.449
NE	Cozad	40.8613	-99.9864
NE	Crab Orchard	40.3347	-96.4224
NE	Craig	41.7853	-96.3624
NE	Crawford	42.6846	-103.416
NE	Creighton	42.4649	-97.9071
NE	Creston	41.708	-97.3627
NE	Crete	40.6248	-96.9537
NE	Crofton	42.7316	-97.4986
NE	Crookston	42.9263	-100.7534
NE	Culbertson	40.2242	-100.8396
NE	Curtis	40.6336	-100.5113
NE	Cushing	41.2948	-98.3693
NE	Dakota City	42.4181	-96.4207
NE	Dalton	41.4082	-102.9708
NE	Danbury	40.0377	-100.4051
NE	Dannebrog	41.1186	-98.5457
NE	Davenport	40.3123	-97.8115
NE	Davey	40.9838	-96.6692
NE	David City	41.2533	-97.1264
NE	Dawson	40.1309	-95.8301
NE	Daykin	40.3217	-97.2983
NE	De Witt	40.3949	-96.9218
NE	Decatur	42.0059	-96.2483
NE	Denton	40.7392	-96.846
NE	Deshler	40.1399	-97.7237
NE	Deweese	40.3547	-98.1392
NE	Diller	40.1088	-96.9378
NE	Dix	41.2343	-103.4867
NE	Dixon	42.4154	-96.9948
NE	Dodge	41.7218	-96.8804
NE	Doniphan	40.7743	-98.3713
NE	Dorchester	40.648	-97.1154
NE	Douglas	40.5932	-96.3882
NE	Du Bois	40.0348	-96.0472
NE	Dunbar	40.6687	-96.0309
NE	Duncan	41.3904	-97.4927
NE	Dunning	41.8271	-100.1045
NE	Dwight	41.0827	-97.0191
NE	Eagle	40.8159	-96.4326
NE	Eddyville	41.0122	-99.624
NE	Edgar	40.3683	-97.971
NE	Edison	40.2792	-99.7758
NE	Elba	41.2853	-98.5693
NE	Elgin	41.9831	-98.0828
NE	Elk Creek	40.2883	-96.1269
NE	Elm Creek	40.7201	-99.3756
NE	Elmwood	40.8428	-96.2952
NE	Elsie	40.8472	-101.3892
NE	Elwood	40.5901	-99.862
NE	Elyria	41.6801	-99.0053
NE	Emerald	40.8131	-96.8354
NE	Emerson	42.2782	-96.7263
NE	Emmet	42.4757	-98.8093
NE	Enders	40.4549	-101.5356
NE	Endicott	40.0822	-97.0954
NE	Ericson	41.7804	-98.6786
NE	Eustis	40.6645	-100.0296
NE	Ewing	42.2589	-98.3439
NE	Exeter	40.6445	-97.4488
NE	Fairbury	40.1447	-97.1765
NE	Fairfield	40.4323	-98.1032
NE	Fairmont	40.6336	-97.585
NE	Falls City	40.0622	-95.599
NE	Farnam	40.7065	-100.2155
NE	Farwell	41.2156	-98.6281
NE	Filley	40.2852	-96.5339
NE	Firth	40.5355	-96.6042
NE	Fontanelle	41.5383	-96.4272
NE	Fordyce	42.6982	-97.3626
NE	Fort Calhoun	41.4562	-96.0263
NE	Foster	42.2747	-97.6651
NE	Franklin	40.0965	-98.9514
NE	Fremont	41.4398	-96.487
NE	Friend	40.6505	-97.2838
NE	Fullerton	41.365	-97.9723
NE	Funk	40.4631	-99.2508
NE	Gandy	41.4697	-100.4583
NE	Garland	40.9446	-96.9853
NE	Garrison	41.1755	-97.1634
NE	Geneva	40.5307	-97.5971
NE	Genoa	41.4459	-97.7333
NE	Gering	41.827	-103.6625
NE	Gibbon	40.7459	-98.8458
NE	Gilead	40.1461	-97.4151
NE	Giltner	40.7754	-98.1543
NE	Glenvil	40.5027	-98.2545
NE	Glenwood	40.7555	-99.081
NE	Goehner	40.8327	-97.2196
NE	Gordon	42.8064	-102.204
NE	Gothenburg	40.9247	-100.1539
NE	Grafton	40.6298	-97.7146
NE	Grand Island	40.9214	-98.3586
NE	Grant	40.8446	-101.7255
NE	Greeley Center	41.5484	-98.5305
NE	Greenwood	40.9617	-96.443
NE	Gresham	41.0284	-97.4011
NE	Gretna	41.1279	-96.1969
NE	Gross	42.9461	-98.5697
NE	Guide Rock	40.0737	-98.3288
NE	Gurley	41.3215	-102.9738
NE	Hadar	42.1072	-97.451
NE	Haigler	40.0121	-101.9386
NE	Hallam	40.5365	-96.7868
NE	Halsey	41.9033	-100.2698
NE	Hamlet	40.3845	-101.2345
NE	Hampton	40.8811	-97.8875
NE	Harbine	40.1916	-96.9741
NE	Hardy	40.0114	-97.9238
NE	Harrisburg	41.5505	-103.7267
NE	Harrison	42.6881	-103.8825
NE	Hartington	42.6202	-97.2671
NE	Harvard	40.6201	-98.0961
NE	Hastings	40.5963	-98.3903
NE	Hay Springs	42.6833	-102.6896
NE	Hayes Center	40.511	-101.0204
NE	Hazard	41.0915	-99.0772
NE	Heartwell	40.5699	-98.7891
NE	Hebron	40.1687	-97.5863
NE	Hemingford	42.3213	-103.0754
NE	Henderson	40.7803	-97.8122
NE	Hendley	40.1313	-99.9712
NE	Henry	41.9979	-104.0457
NE	Herman	41.6738	-96.2167
NE	Hershey	41.1602	-100.9985
NE	Hickman	40.625	-96.6296
NE	Hildreth	40.3378	-99.0458
NE	Holbrook	40.3047	-100.01
NE	Holdrege	40.4394	-99.377
NE	Holmesville	40.2014	-96.6589
NE	Holstein	40.4652	-98.651
NE	Homer	42.3225	-96.4912
NE	Hooper	41.6114	-96.5492
NE	Hordville	41.0794	-97.8903
NE	Hoskins	42.1126	-97.3044
NE	Howard City	41.0754	-98.7153
NE	Howells	41.7242	-97.0046
NE	Hubbard	42.3859	-96.591
NE	Hubbell	40.0087	-97.497
NE	Humboldt	40.1658	-95.9443
NE	Humphrey	41.6885	-97.4851
NE	Huntley	40.2105	-99.2901
NE	Hyannis	42.0005	-101.7622
NE	Imperial	40.5144	-101.6372
NE	Inavale	40.0923	-98.6484
NE	Indianola	40.2346	-100.4198
NE	Inglewood	41.416	-96.5024
NE	Inland	40.5953	-98.2231
NE	Inman	42.3819	-98.5298
NE	Ithaca	41.1593	-96.5395
NE	Jackson	42.4482	-96.5713
NE	Jansen	40.184	-97.0848
NE	Johnson	40.4105	-95.9999
NE	Johnstown	42.5721	-100.0563
NE	Julian	40.5192	-95.8671
NE	Juniata	40.5902	-98.507
NE	Kearney	40.7017	-99.0823
NE	Kenesaw	40.6189	-98.6576
NE	Kennard	41.4751	-96.2036
NE	Keystone	41.2187	-101.5841
NE	Kilgore	42.9391	-100.9573
NE	Kimball	41.2324	-103.6521
NE	King Lake	41.3097	-96.3023
NE	Kramer	40.5913	-96.8733
NE	La Platte	41.0723	-95.9265
NE	La Vista	41.1818	-96.0682
NE	Lake Waconda	40.8406	-95.858
NE	Lakeview	41.4991	-97.3737
NE	Lamar	40.5725	-101.9793
NE	Laurel	42.4286	-97.0964
NE	Lawrence	40.2902	-98.2597
NE	Lebanon	40.0488	-100.2759
NE	Leigh	41.7033	-97.2407
NE	Lemoyne	41.2766	-101.8134
NE	Leshara	41.3298	-96.4292
NE	Lewellen	41.3305	-102.1437
NE	Lewiston	40.2431	-96.4066
NE	Lexington	40.7773	-99.7466
NE	Liberty	40.0855	-96.483
NE	Lincoln	40.8089	-96.6779
NE	Lindsay	41.6993	-97.6941
NE	Lindy	42.7351	-97.75
NE	Linoma Beach	41.0573	-96.3141
NE	Linwood	41.4123	-96.9323
NE	Lisco	41.4987	-102.6236
NE	Litchfield	41.156	-99.1531
NE	Lodgepole	41.1489	-102.6386
NE	Long Pine	42.5353	-99.7027
NE	Loomis	40.4783	-99.5077
NE	Lorenzo	41.0576	-103.0821
NE	Loretto	41.7634	-98.0817
NE	Lorton	40.5972	-96.0242
NE	Louisville	40.9965	-96.1613
NE	Loup City	41.2767	-98.9677
NE	Lushton	40.724	-97.7236
NE	Lyman	41.917	-104.0381
NE	Lynch	42.8312	-98.4669
NE	Lyons	41.9359	-96.4723
NE	Macy	42.1159	-96.3666
NE	Madison	41.8283	-97.4567
NE	Madrid	40.8524	-101.5279
NE	Magnet	42.4561	-97.4693
NE	Malcolm	40.909	-96.8661
NE	Malmo	41.2665	-96.7209
NE	Manley	40.9184	-96.1657
NE	Marquette	41.0063	-98.0098
NE	Martell	40.6389	-96.7588
NE	Martin	41.2581	-101.709
NE	Martinsburg	42.5086	-96.832
NE	Maskell	42.6904	-96.9809
NE	Mason City	41.2222	-99.2988
NE	Max	40.1143	-101.4045
NE	Maxwell	41.0771	-100.5263
NE	Maywood	40.6587	-100.6222
NE	McCook	40.2045	-100.6216
NE	McCool Junction	40.7439	-97.6008
NE	McGrew	41.7477	-103.4172
NE	McLean	42.3863	-97.4682
NE	Mead	41.2244	-96.4872
NE	Meadow Grove	42.029	-97.736
NE	Melbeta	41.7814	-103.5176
NE	Melia	41.0972	-96.2764
NE	Memphis	41.0946	-96.4331
NE	Merna	41.4852	-99.7611
NE	Merriman	42.923	-101.6997
NE	Milford	40.7726	-97.0541
NE	Miller	40.9276	-99.3901
NE	Milligan	40.5	-97.3884
NE	Minatare	41.8116	-103.5009
NE	Minden	40.4982	-98.967
NE	Mitchell	41.9427	-103.8098
NE	Monowi	42.8307	-98.3296
NE	Monroe	41.4741	-97.5991
NE	Moorefield	40.6899	-100.4003
NE	Morrill	41.9641	-103.9248
NE	Morse Bluff	41.4309	-96.7665
NE	Mullen	42.043	-101.0446
NE	Murdock	40.9261	-96.2811
NE	Murray	40.9164	-95.9274
NE	Naper	42.9642	-99.097
NE	Naponee	40.0747	-99.1386
NE	Nebraska City	40.6759	-95.8616
NE	Nehawka	40.8297	-95.9908
NE	Neligh	42.1291	-98.0292
NE	Nelson	40.2012	-98.0686
NE	Nemaha	40.3388	-95.676
NE	Nenzel	42.9274	-101.1018
NE	Newcastle	42.6524	-96.874
NE	Newman Grove	41.7469	-97.7767
NE	Newport	42.6002	-99.3283
NE	Nickerson	41.5347	-96.4708
NE	Niobrara	42.7499	-98.0315
NE	Nora	40.1641	-97.9738
NE	Norfolk	42.0282	-97.4278
NE	Norman	40.4792	-98.7921
NE	North Bend	41.462	-96.7858
NE	North Loup	41.4954	-98.7727
NE	North Platte	41.1253	-100.7634
NE	O'Neill	42.4615	-98.647
NE	Oak	40.2382	-97.9036
NE	Oakdale	42.0701	-97.9672
NE	Oakland	41.8351	-96.4671
NE	Obert	42.6895	-97.0272
NE	Oconto	41.1417	-99.7619
NE	Octavia	41.3474	-97.059
NE	Odell	40.0503	-96.8016
NE	Odessa	40.6991	-99.2544
NE	Offutt AFB	41.121	-95.9211
NE	Ogallala	41.1296	-101.7207
NE	Ohiowa	40.4136	-97.4524
NE	Omaha	41.2627	-96.0535
NE	Ong	40.3983	-97.8392
NE	Orchard	42.3365	-98.2409
NE	Ord	41.6028	-98.9193
NE	Orleans	40.1317	-99.4551
NE	Osceola	41.1785	-97.55
NE	Oshkosh	41.408	-102.3452
NE	Osmond	42.3582	-97.5991
NE	Otoe	40.7241	-96.1206
NE	Overland	41.0802	-97.9789
NE	Overton	40.7406	-99.5374
NE	Oxford	40.253	-99.6322
NE	Page	42.4	-98.4177
NE	Palisade	40.3484	-101.1075
NE	Palmer	41.2225	-98.2598
NE	Palmyra	40.7057	-96.3921
NE	Panama	40.5998	-96.5112
NE	Papillion	41.1434	-96.0781
NE	Parks	40.0436	-101.7251
NE	Pawnee City	40.1106	-96.1531
NE	Paxton	41.1234	-101.352
NE	Pender	42.1106	-96.7116
NE	Peru	40.4785	-95.7314
NE	Petersburg	41.8537	-98.0812
NE	Phillips	40.8977	-98.2146
NE	Pickrell	40.3783	-96.7291
NE	Pierce	42.1995	-97.5292
NE	Pilger	42.0075	-97.0549
NE	Plainview	42.3533	-97.7871
NE	Platte Center	41.5374	-97.4885
NE	Plattsmouth	41.0053	-95.8929
NE	Pleasant Dale	40.7912	-96.933
NE	Pleasanton	40.97	-99.0879
NE	Plymouth	40.3025	-96.9885
NE	Polk	41.0752	-97.7838
NE	Ponca	42.5649	-96.7092
NE	Poole	40.9923	-98.9606
NE	Potter	41.2173	-103.3074
NE	Prague	41.3095	-96.8082
NE	Prairie Home	40.862	-96.5245
NE	Preston	40.0346	-95.5181
NE	Primrose	41.6238	-98.2374
NE	Princeton	40.576	-96.706
NE	Prosser	40.6874	-98.578
NE	Raeville	41.8956	-98.0536
NE	Ragan	40.3108	-99.2896
NE	Ralston	41.2	-96.0378
NE	Randolph	42.378	-97.3577
NE	Ravenna	41.0293	-98.8982
NE	Raymond	40.9568	-96.7815
NE	Red Cloud	40.0864	-98.5222
NE	Republican City	40.0987	-99.2223
NE	Reynolds	40.0598	-97.3359
NE	Richfield	41.1108	-96.0763
NE	Richland	41.4369	-97.2149
NE	Rising City	41.1981	-97.2971
NE	Riverdale	40.7839	-99.1605
NE	Riverton	40.0897	-98.7596
NE	Roca	40.6585	-96.6614
NE	Rockville	41.1185	-98.8311
NE	Rogers	41.4643	-96.9158
NE	Rosalie	42.0573	-96.5128
NE	Roscoe	41.1316	-101.5852
NE	Roseland	40.4697	-98.5587
NE	Royal	42.3329	-98.125
NE	Rulo	40.0517	-95.4306
NE	Rushville	42.7134	-102.4666
NE	Ruskin	40.144	-97.867
NE	Salem	40.0769	-95.7285
NE	Santee	42.8387	-97.8495
NE	Sarben	41.1663	-101.3044
NE	Sargent	41.6397	-99.3689
NE	Saronville	40.6028	-97.9388
NE	Schuyler	41.4501	-97.0616
NE	Scotia	41.4678	-98.7024
NE	Scottsbluff	41.8681	-103.662
NE	Scribner	41.6652	-96.6653
NE	Seneca	42.0439	-100.8321
NE	Seward	40.9092	-97.0961
NE	Shelby	41.1942	-97.4263
NE	Shelton	40.7783	-98.7295
NE	Shickley	40.4165	-97.7241
NE	Sholes	42.3348	-97.2946
NE	Shubert	40.2359	-95.6836
NE	Sidney	41.1336	-102.9695
NE	Silver Creek	41.3153	-97.6651
NE	Smithfield	40.5733	-99.7409
NE	Snyder	41.7046	-96.7868
NE	South Bend	41.0036	-96.2485
NE	South Sioux City	42.463	-96.4132
NE	Spalding	41.6893	-98.3626
NE	Spencer	42.8756	-98.6999
NE	Sprague	40.6266	-96.7447
NE	Springfield	41.1072	-96.1485
NE	Springview	42.8249	-99.7475
NE	St. Edward	41.5714	-97.8612
NE	St. Helena	42.8107	-97.2489
NE	St. Libory	41.0821	-98.3591
NE	St. Paul	41.2137	-98.4594
NE	Stamford	40.1312	-99.5944
NE	Stanton	41.948	-97.2123
NE	Staplehurst	40.9747	-97.1732
NE	Stapleton	41.4802	-100.5126
NE	Steele City	40.0366	-97.023
NE	Steinauer	40.2074	-96.2329
NE	Stella	40.2322	-95.7734
NE	Sterling	40.4612	-96.3775
NE	Stockham	40.7164	-97.9434
NE	Stockville	40.5336	-100.3844
NE	Strang	40.4149	-97.5871
NE	Stratton	40.1502	-101.2279
NE	Stromsburg	41.1164	-97.5906
NE	Stuart	42.6008	-99.1405
NE	Sumner	40.949	-99.5081
NE	Sunol	41.1541	-102.7627
NE	Superior	40.0217	-98.0618
NE	Surprise	41.1044	-97.309
NE	Sutherland	41.1601	-101.1227
NE	Sutton	40.6073	-97.859
NE	Swanton	40.3796	-97.0798
NE	Syracuse	40.6635	-96.1827
NE	Table Rock	40.1783	-96.0887
NE	Talmage	40.5316	-96.0238
NE	Tamora	40.8944	-97.2293
NE	Tarnov	41.6148	-97.5025
NE	Taylor	41.7696	-99.3814
NE	Tecumseh	40.3718	-96.1887
NE	Tekamah	41.7778	-96.2245
NE	Terrytown	41.8471	-103.6706
NE	Thayer	40.9703	-97.4967
NE	Thedford	41.9792	-100.5747
NE	Thurston	42.1747	-96.7016
NE	Tilden	42.0435	-97.8318
NE	Tobias	40.4185	-97.3366
NE	Trenton	40.1747	-101.0136
NE	Trumbull	40.68	-98.2735
NE	Tryon	41.5584	-100.9536
NE	Uehling	41.7347	-96.5056
NE	Ulysses	41.0721	-97.2031
NE	Unadilla	40.683	-96.2699
NE	Union	40.8143	-95.9219
NE	Upland	40.3195	-98.9024
NE	Utica	40.8953	-97.3453
NE	Valentine	42.8755	-100.5471
NE	Valley	41.3118	-96.3555
NE	Valparaiso	41.0801	-96.8336
NE	Venango	40.7637	-102.0442
NE	Venice	41.2393	-96.3519
NE	Verdel	42.8114	-98.1933
NE	Verdigre	42.5972	-98.0356
NE	Verdon	40.1491	-95.7112
NE	Virginia	40.2459	-96.4988
NE	Waco	40.897	-97.4617
NE	Wahoo	41.2171	-96.6178
NE	Wakefield	42.2667	-96.8629
NE	Wallace	40.8376	-101.1645
NE	Walthill	42.1489	-96.4929
NE	Walton	40.7962	-96.5653
NE	Wann	41.1419	-96.3642
NE	Washington	41.3976	-96.2075
NE	Waterbury	42.4572	-96.7356
NE	Waterloo	41.2868	-96.288
NE	Wauneta	40.4164	-101.3766
NE	Wausa	42.4978	-97.5393
NE	Waverly	40.9117	-96.5338
NE	Wayne	42.2375	-97.0089
NE	Weeping Water	40.8691	-96.1405
NE	Wellfleet	40.7539	-100.7318
NE	West Point	41.8377	-96.7059
NE	Western	40.3931	-97.1984
NE	Westerville	41.3962	-99.3818
NE	Weston	41.1931	-96.742
NE	White Clay	42.997	-102.555
NE	Whitney	42.7838	-103.2567
NE	Wilber	40.4809	-96.9649
NE	Wilcox	40.3644	-99.1693
NE	Willow Island	40.89	-100.0707
NE	Wilsonville	40.1119	-100.1067
NE	Winnebago	42.2384	-96.4715
NE	Winnetoon	42.5135	-97.9601
NE	Winside	42.1774	-97.1754
NE	Winslow	41.6101	-96.5047
NE	Wisner	41.9897	-96.9149
NE	Wolbach	41.4017	-98.3902
NE	Wood Lake	42.6383	-100.2371
NE	Wood River	40.8196	-98.6042
NE	Woodland Hills	40.7516	-96.4236
NE	Woodland Park	42.0542	-97.3452
NE	Wymore	40.1228	-96.6642
NE	Wynot	42.7398	-97.1697
NE	Yankee Hill	40.7657	-96.7329
NE	York	40.8704	-97.5927
NE	Yutan	41.243	-96.3957
NH	Alton	43.4564	-71.2223
NH	Amherst	42.8636	-71.6238
NH	Antrim	43.044	-71.951
NH	Ashland	43.6959	-71.6348
NH	Bartlett	44.0738	-71.2826
NH	Belmont	43.44	-71.4789
NH	Bennington	43.0035	-71.9207
NH	Berlin	44.4843	-71.2771
NH	Bethlehem	44.2787	-71.689
NH	Blodgett Landing	43.3756	-72.0392
NH	Bradford	43.2717	-71.9618
NH	Bristol	43.6034	-71.7342
NH	Canaan	43.6503	-72.016
NH	Center Ossipee	43.7542	-71.1508
NH	Center Sandwich	43.812	-71.4414
NH	Charlestown	43.2355	-72.4225
NH	Claremont	43.3865	-72.3345
NH	Colebrook	44.8949	-71.4944
NH	Concord	43.2325	-71.5613
NH	Contoocook	43.2307	-71.7131
NH	Conway	43.9867	-71.1204
NH	Derry	42.8876	-71.282
NH	Dover	43.1864	-70.8836
NH	Durham	43.1428	-70.925
NH	East Merrimack	42.872	-71.4811
NH	Enfield	43.6438	-72.1469
NH	Epping	43.0349	-71.0984
NH	Exeter	42.977	-70.9455
NH	Farmington	43.3994	-71.0724
NH	Francestown	42.9894	-71.8141
NH	Franklin	43.4539	-71.6699
NH	Goffstown	43.0227	-71.5982
NH	Gorham	44.3934	-71.1985
NH	Greenville	42.7729	-71.8009
NH	Groveton	44.6114	-71.5175
NH	Hampton	42.9439	-70.8254
NH	Hampton Beach	42.914	-70.8118
NH	Hancock	42.9746	-71.9801
NH	Hanover	43.7116	-72.2731
NH	Henniker	43.1815	-71.8188
NH	Hillsborough	43.1156	-71.8968
NH	Hinsdale	42.7921	-72.4879
NH	Hooksett	43.0935	-71.4571
NH	Hudson	42.7638	-71.432
NH	Jaffrey	42.8114	-72.0234
NH	Keene	42.9538	-72.3069
NH	Klondike Corner	42.9596	-71.6364
NH	Laconia	43.5765	-71.4823
NH	Lancaster	44.4886	-71.5742
NH	Lebanon	43.6354	-72.2538
NH	Lincoln	44.0605	-71.671
NH	Lisbon	44.2118	-71.9096
NH	Littleton	44.3308	-71.7687
NH	Londonderry	42.8534	-71.3624
NH	Loudon	43.2818	-71.4651
NH	Manchester	42.9849	-71.4441
NH	Marlborough	42.905	-72.2117
NH	Melvin Village	43.6909	-71.3079
NH	Meredith	43.6527	-71.4965
NH	Milford	42.8316	-71.6787
NH	Milton	43.403	-70.9924
NH	Milton Mills	43.5065	-70.9668
NH	Mountain Lakes	44.1247	-71.9578
NH	Nashua	42.7491	-71.4905
NH	New Boston	42.9778	-71.6939
NH	New Hampton	43.6106	-71.6528
NH	New London	43.4157	-71.9861
NH	Newfields	43.0355	-70.939
NH	Newmarket	43.0757	-70.9407
NH	Newport	43.3649	-72.1766
NH	North Conway	44.0357	-71.1172
NH	North Haverhill	44.0945	-72.0223
NH	North Walpole	43.1469	-72.4466
NH	North Woodstock	44.0396	-71.6954
NH	Peterborough	42.8772	-71.9611
NH	Pinardville	43.0013	-71.5135
NH	Pittsfield	43.3001	-71.3315
NH	Plainfield	43.5345	-72.3536
NH	Plymouth	43.7388	-71.7026
NH	Portsmouth	43.0606	-70.7803
NH	Raymond	43.0356	-71.1755
NH	Rochester	43.2985	-70.977
NH	Sanbornville	43.5525	-71.0298
NH	Seabrook Beach	42.8809	-70.8245
NH	Somersworth	43.2535	-70.8879
NH	South Hooksett	43.0278	-71.4268
NH	Suissevale	43.7225	-71.3635
NH	Suncook	43.1356	-71.4509
NH	Tilton Northfield	43.4445	-71.5926
NH	Troy	42.8258	-72.1829
NH	Union	43.4912	-71.0231
NH	Walpole	43.0783	-72.4248
NH	Warner	43.2843	-71.8241
NH	West Stewartstown	44.9906	-71.5302
NH	West Swanzey	42.8706	-72.3224
NH	Whitefield	44.3713	-71.61
NH	Wilton	42.847	-71.736
NH	Winchester	42.7798	-72.3847
NH	Wolfeboro	43.5936	-71.2116
NH	Woodsville	44.1416	-72.0268
NJ	Absecon	39.4236	-74.493
NJ	Absecon Highlands	39.4427	-74.4702
NJ	Allamuchy	40.9314	-74.8117
NJ	Allendale	41.0327	-74.1338
NJ	Allenhurst	40.2359	-74.0024
NJ	Allentown	40.1786	-74.5901
NJ	Allenwood	40.1354	-74.0981
NJ	Alloway	39.5616	-75.3453
NJ	Alpha	40.6594	-75.1571
NJ	Alpine	40.9688	-73.9169
NJ	Ampere North	40.7757	-74.1918
NJ	Anderson	40.7613	-74.9256
NJ	Andover	40.9857	-74.7437
NJ	Annandale	40.6468	-74.8881
NJ	Arrowhead Lake	39.4751	-75.3178
NJ	Asbury	40.6989	-75.0078
NJ	Asbury Park	40.2229	-74.0102
NJ	Ashland	39.8762	-75.0083
NJ	Atco	39.77	-74.8617
NJ	Atlantic City	39.3773	-74.4511
NJ	Atlantic Highlands	40.4118	-74.0198
NJ	Auburn	39.688	-75.3563
NJ	Audubon	39.8901	-75.0724
NJ	Audubon Park	39.8968	-75.0888
NJ	Avalon	39.0865	-74.739
NJ	Avenel	40.5843	-74.2716
NJ	Avon-by-the-Sea	40.1914	-74.0151
NJ	Barclay	39.9012	-75.0008
NJ	Bargaintown	39.3681	-74.5908
NJ	Barnegat	39.7539	-74.2217
NJ	Barnegat Light	39.7513	-74.1068
NJ	Barrington	39.8689	-75.0514
NJ	Basking Ridge	40.7065	-74.5576
NJ	Bay Head	40.0703	-74.0482
NJ	Bayonne	40.6625	-74.1102
NJ	Beach Haven	39.576	-74.2518
NJ	Beach Haven West	39.6716	-74.2349
NJ	Beachwood	39.9284	-74.2022
NJ	Beattystown	40.8206	-74.856
NJ	Beckett	39.7531	-75.3595
NJ	Bedminster	40.6743	-74.6605
NJ	Beesleys Point	39.2772	-74.6349
NJ	Belford	40.4279	-74.0787
NJ	Belle Mead	40.4686	-74.657
NJ	Belleplain	39.2578	-74.8749
NJ	Bellmawr	39.8664	-75.0947
NJ	Belmar	40.1797	-74.0244
NJ	Belvidere	40.8298	-75.0733
NJ	Bergenfield	40.9223	-73.998
NJ	Berlin	39.7921	-74.937
NJ	Bernardsville	40.7304	-74.5926
NJ	Beverly	40.0648	-74.9219
NJ	Blackwells Mills	40.4807	-74.5983
NJ	Blackwood	39.7992	-75.0638
NJ	Blairstown	40.9873	-74.9547
NJ	Blawenburg	40.4026	-74.6986
NJ	Bloomingdale	41.0355	-74.3356
NJ	Bloomsbury	40.6569	-75.0762
NJ	Bogota	40.8743	-74.0297
NJ	Boonton	40.9038	-74.4064
NJ	Bordentown	40.1497	-74.7077
NJ	Bound Brook	40.5677	-74.5373
NJ	Bradley Beach	40.2016	-74.0121
NJ	Bradley Gardens	40.5721	-74.6634
NJ	Brainards	40.7718	-75.1699
NJ	Branchville	41.1472	-74.749
NJ	Brass Castle	40.7631	-75.0264
NJ	Bridgeport	39.8009	-75.3469
NJ	Bridgeton	39.4292	-75.2286
NJ	Bridgeville	40.8442	-75.0318
NJ	Bridgewater Center	40.6027	-74.6461
NJ	Brielle	40.1055	-74.0637
NJ	Brigantine	39.4139	-74.3779
NJ	Broadway	40.7356	-75.0495
NJ	Brookdale	40.8343	-74.1798
NJ	Brookfield	40.815	-75.0718
NJ	Brooklawn	39.8794	-75.1204
NJ	Brookside	40.7946	-74.564
NJ	Browns Mills	39.9731	-74.5692
NJ	Brownville	40.3996	-74.2933
NJ	Budd Lake	40.8735	-74.7368
NJ	Buena	39.5292	-74.9452
NJ	Burleigh	39.0472	-74.8467
NJ	Burlington	40.0788	-74.8525
NJ	Butler	40.9978	-74.347
NJ	Buttzville	40.8284	-75.0062
NJ	Byram Center	40.9322	-74.7126
NJ	Caldwell	40.8392	-74.277
NJ	Califon	40.7195	-74.8369
NJ	Camden	39.9368	-75.1066
NJ	Cape May	38.9411	-74.8984
NJ	Cape May Court House	39.0792	-74.8225
NJ	Cape May Point	38.9369	-74.9654
NJ	Carlls Corner	39.4659	-75.2036
NJ	Carlstadt	40.8264	-74.0623
NJ	Carneys Point	39.7053	-75.468
NJ	Carteret	40.5838	-74.2275
NJ	Cedar Glen Lakes	39.9537	-74.4003
NJ	Cedar Glen West	40.038	-74.2858
NJ	Cedar Knolls	40.8189	-74.4552
NJ	Cedarville	39.3386	-75.2145
NJ	Centre Grove	39.3609	-75.1365
NJ	Chatham	40.7407	-74.3845
NJ	Cherry Hill Mall	39.9382	-75.0124
NJ	Chesilhurst	39.7298	-74.8805
NJ	Chester	40.7906	-74.6901
NJ	Clayton	39.6641	-75.0744
NJ	Clearbrook	40.3098	-74.4652
NJ	Clementon	39.8027	-74.9838
NJ	Cliffside Park	40.822	-73.9879
NJ	Cliffwood Beach	40.4432	-74.2178
NJ	Clifton	40.8621	-74.1604
NJ	Clinton	40.6368	-74.9152
NJ	Closter	40.9729	-73.9603
NJ	Clyde	40.4873	-74.5132
NJ	Collings Lakes	39.5952	-74.8884
NJ	Collingswood	39.9153	-75.0784
NJ	Cologne	39.4932	-74.6084
NJ	Colonia	40.5893	-74.3114
NJ	Columbia	40.9259	-75.0941
NJ	Concordia	40.3146	-74.4474
NJ	Connecticut Farms	40.693	-74.2715
NJ	Cookstown	40.0437	-74.5477
NJ	Corbin City	39.3017	-74.7056
NJ	Country Lake Estates	39.949	-74.5379
NJ	Cranbury	40.3135	-74.5202
NJ	Crandon Lakes	41.1227	-74.8405
NJ	Cranford	40.6544	-74.3086
NJ	Cream Ridge	40.1322	-74.5373
NJ	Cresskill	40.94	-73.9583
NJ	Crestwood Village	39.9551	-74.3521
NJ	Crosswicks	40.1399	-74.6365
NJ	Cumberland-Hesstown	39.3622	-74.9145
NJ	Dayton	40.3779	-74.5078
NJ	Deal	40.2497	-73.9975
NJ	Deans	40.4032	-74.5153
NJ	Deerfield Street	39.5164	-75.244
NJ	Delaware	40.8928	-75.0694
NJ	Delaware Park	40.7051	-75.1883
NJ	Delmont	39.2152	-74.9494
NJ	Demarest	40.9541	-73.9549
NJ	Dennisville	39.2066	-74.8184
NJ	Diamond Beach	38.9593	-74.8529
NJ	Dividing Creek	39.2705	-75.1002
NJ	Dorchester	39.2699	-74.9713
NJ	Dorothy	39.4043	-74.832
NJ	Dover	40.8856	-74.5592
NJ	Dover Beaches North	39.9935	-74.0707
NJ	Dover Beaches South	39.9549	-74.0817
NJ	Dumont	40.9452	-73.9924
NJ	Dunellen	40.5903	-74.4657
NJ	Dutch Neck	39.4017	-75.2787
NJ	East Franklin	40.4933	-74.4711
NJ	East Freehold	40.2758	-74.2413
NJ	East Millstone	40.4972	-74.5697
NJ	East Newark	40.752	-74.1622
NJ	East Orange	40.7651	-74.2117
NJ	East Rocky Hill	40.4152	-74.618
NJ	East Rutherford	40.8171	-74.085
NJ	East Vineland	39.4766	-74.9057
NJ	Eatontown	40.2916	-74.0541
NJ	Echelon	39.8472	-74.9937
NJ	Edgewater	40.8246	-73.9738
NJ	Egg Harbor City	39.5637	-74.5959
NJ	Elizabeth	40.6664	-74.1935
NJ	Ellisburg	39.9199	-75.0093
NJ	Elmer	39.5923	-75.1746
NJ	Elmwood Park	40.9045	-74.1195
NJ	Elwood	39.5694	-74.7079
NJ	Emerson	40.975	-74.0232
NJ	Encore at Monroe	40.3196	-74.4671
NJ	Englewood	40.8912	-73.9725
NJ	Englewood Cliffs	40.8846	-73.9447
NJ	English Creek	39.3785	-74.6503
NJ	Englishtown	40.2961	-74.3596
NJ	Erma	38.9948	-74.892
NJ	Essex Fells	40.8281	-74.2762
NJ	Estell Manor	39.3539	-74.7751
NJ	Fair Haven	40.3619	-74.0388
NJ	Fair Lawn	40.9358	-74.1175
NJ	Fairton	39.3734	-75.2088
NJ	Fairview	40.3653	-74.0806
NJ	Fanwood	40.6417	-74.3857
NJ	Far Hills	40.6909	-74.6215
NJ	Farmingdale	40.1984	-74.1701
NJ	Fieldsboro	40.1355	-74.7334
NJ	Finderne	40.5613	-74.5742
NJ	Finesville	40.6116	-75.1715
NJ	Flagtown	40.5225	-74.691
NJ	Flanders	40.8439	-74.7098
NJ	Flemington	40.5086	-74.8599
NJ	Florence	40.1192	-74.8088
NJ	Florham Park	40.776	-74.3943
NJ	Folsom	39.5967	-74.8432
NJ	Fords	40.536	-74.3135
NJ	Forked River	39.8258	-74.1808
NJ	Forsgate	40.3493	-74.4678
NJ	Fort Dix	40.0056	-74.6111
NJ	Fort Lee	40.8506	-73.971
NJ	Fortescue	39.237	-75.1705
NJ	Franklin	41.109	-74.5886
NJ	Franklin Center	40.5315	-74.5414
NJ	Franklin Lakes	41.0075	-74.2057
NJ	Franklin Park	40.4446	-74.542
NJ	Franklinville	39.618	-75.073
NJ	Freehold	40.2602	-74.2759
NJ	Frenchtown	40.5305	-75.0528
NJ	Gandys Beach	39.2726	-75.2344
NJ	Garfield	40.8798	-74.1082
NJ	Garwood	40.6513	-74.3232
NJ	Germania	39.5144	-74.5908
NJ	Gibbsboro	39.8326	-74.9669
NJ	Gibbstown	39.8245	-75.2781
NJ	Gillette	40.6952	-74.4569
NJ	Glassboro	39.7001	-75.1114
NJ	Glen Gardner	40.7004	-74.9395
NJ	Glen Ridge	40.8048	-74.2046
NJ	Glen Rock	40.9595	-74.1252
NJ	Glendora	39.8409	-75.0672
NJ	Gloucester City	39.8917	-75.1167
NJ	Golden Triangle	39.9286	-75.0388
NJ	Goshen	39.1481	-74.8461
NJ	Gouldtown	39.4152	-75.1912
NJ	Great Meadows	40.8758	-74.8966
NJ	Great Notch	40.8715	-74.2086
NJ	Green Knoll	40.6047	-74.6145
NJ	Green Village	40.7372	-74.4483
NJ	Greentree	39.8987	-74.9617
NJ	Greenwich	40.6849	-75.1338
NJ	Grenloch	39.7827	-75.0555
NJ	Griggstown	40.4399	-74.5983
NJ	Groveville	40.1701	-74.6513
NJ	Guttenberg	40.7928	-74.0046
NJ	Hackensack	40.8894	-74.0457
NJ	Hackettstown	40.8537	-74.8249
NJ	Haddon Heights	39.8791	-75.0659
NJ	Haddonfield	39.8954	-75.0344
NJ	Hainesburg	40.9572	-75.0522
NJ	Haledon	40.937	-74.1889
NJ	Hamburg	41.1488	-74.5734
NJ	Hamilton Square	40.225	-74.6505
NJ	Hammonton	39.6608	-74.767
NJ	Hampton	40.7046	-74.9715
NJ	Hancocks Bridge	39.5053	-75.4593
NJ	Harlingen	40.4515	-74.6546
NJ	Harmony	40.7512	-75.1378
NJ	Harrington Park	40.9917	-73.9802
NJ	Harrison	40.743	-74.1529
NJ	Harrisonville	39.6857	-75.2773
NJ	Harvey Cedars	39.6996	-74.1415
NJ	Hasbrouck Heights	40.8628	-74.0752
NJ	Haworth	40.9627	-73.9975
NJ	Hawthorne	40.957	-74.1586
NJ	Heathcote	40.391	-74.5777
NJ	Heislerville	39.2237	-74.9915
NJ	Helmetta	40.3784	-74.4234
NJ	Hewitt	41.1762	-74.3248
NJ	Hi-Nella	39.8365	-75.022
NJ	Hibernia	40.9446	-74.5009
NJ	High Bridge	40.6701	-74.8902
NJ	Highland Lakes	41.1706	-74.4632
NJ	Highland Park	40.5008	-74.4279
NJ	Highlands	40.4042	-73.9882
NJ	Hightstown	40.2685	-74.5258
NJ	Hillsborough	40.5081	-74.6529
NJ	Hillsdale	41.0071	-74.0451
NJ	Ho-Ho-Kus	40.9995	-74.0966
NJ	Hoboken	40.7453	-74.0279
NJ	Holiday City South	39.9541	-74.2373
NJ	Holiday City-Berkeley	39.9628	-74.2796
NJ	Holiday Heights	39.9396	-74.2572
NJ	Hopatcong	40.9516	-74.6624
NJ	Hope	40.9121	-74.9589
NJ	Hopelawn	40.5286	-74.2936
NJ	Hopewell	40.3893	-74.7638
NJ	Hutchinson	40.7792	-75.12
NJ	Interlaken	40.2343	-74.0159
NJ	Iselin	40.5701	-74.3164
NJ	Island Heights	39.9418	-74.1438
NJ	Jamesburg	40.349	-74.4402
NJ	Jersey City	40.7114	-74.0648
NJ	Jobstown	40.0309	-74.7005
NJ	Johnsonburg	40.963	-74.871
NJ	Juliustown	40.0121	-74.6715
NJ	Kean University	40.6779	-74.2331
NJ	Keansburg	40.4519	-74.1556
NJ	Kearny	40.7523	-74.1231
NJ	Keasbey	40.5147	-74.3119
NJ	Kendall Park	40.4134	-74.5625
NJ	Kenilworth	40.6781	-74.2881
NJ	Kenvil	40.8811	-74.6197
NJ	Keyport	40.4326	-74.2003
NJ	Kingston	40.3815	-74.614
NJ	Kingston Estates	39.9181	-74.9902
NJ	Kinnelon	40.982	-74.3859
NJ	Lake Como	40.17	-74.0249
NJ	Lake Hiawatha	40.8815	-74.3826
NJ	Lake Hopatcong	40.9596	-74.6095
NJ	Lake Mohawk	41.013	-74.6715
NJ	Lake Telemark	40.9598	-74.4977
NJ	Lakehurst	40.0131	-74.3204
NJ	Lakeside-Beebe Run	39.4522	-75.2498
NJ	Lakewood	40.094	-74.2115
NJ	Lambertville	40.3686	-74.943
NJ	Lamington	40.6717	-74.7063
NJ	Landing	40.9069	-74.662
NJ	Laurel Heights	39.4569	-75.2235
NJ	Laurel Lake	39.3263	-75.0306
NJ	Laurel Springs	39.8205	-75.0054
NJ	Laurence Harbor	40.4468	-74.26
NJ	Lavallette	39.9695	-74.0719
NJ	Lawnside	39.8673	-75.0289
NJ	Lawrenceville	40.3026	-74.7385
NJ	Layton	41.2185	-74.8235
NJ	Lebanon	40.6419	-74.8333
NJ	Ledgewood	40.8833	-74.668
NJ	Leeds Point	39.4906	-74.4433
NJ	Leesburg	39.2626	-74.9819
NJ	Leisure Knoll	40.0181	-74.2896
NJ	Leisure Village	40.0438	-74.1864
NJ	Leisure Village East	40.0404	-74.1689
NJ	Leisure Village West	40.0103	-74.2809
NJ	Leisuretowne	39.8945	-74.7095
NJ	Leonardo	40.4197	-74.0602
NJ	Leonia	40.8634	-73.9885
NJ	Liberty Corner	40.6625	-74.5846
NJ	Lincoln Park	40.9238	-74.3042
NJ	Lincroft	40.3354	-74.1327
NJ	Linden	40.6273	-74.2363
NJ	Lindenwold	39.8188	-74.99
NJ	Linwood	39.3437	-74.571
NJ	Little Ferry	40.8434	-74.0342
NJ	Little Silver	40.337	-74.0345
NJ	Llewellyn Park	40.7893	-74.2397
NJ	Loch Arbour	40.2323	-74.0
NJ	Lodi	40.8779	-74.0825
NJ	Long Branch	40.2954	-73.9899
NJ	Long Valley	40.7816	-74.7768
NJ	Longport	39.3113	-74.527
NJ	Lopatcong Overlook	40.6971	-75.1452
NJ	Lower Berkshire Valley	40.9122	-74.614
NJ	Lyons	40.6808	-74.5484
NJ	Macopin	41.0269	-74.38
NJ	Madison	40.758	-74.4178
NJ	Madison Park	40.446	-74.2964
NJ	Magnolia	39.8562	-75.0364
NJ	Malaga	39.5797	-75.0564
NJ	Manahawkin	39.6899	-74.2427
NJ	Manasquan	40.1124	-74.0382
NJ	Mantoloking	40.0567	-74.0482
NJ	Manville	40.5413	-74.5893
NJ	Margate City	39.3309	-74.5068
NJ	Marksboro	40.9793	-74.9025
NJ	Marlboro	39.4871	-75.3246
NJ	Marlton	39.9019	-74.9293
NJ	Marmora	39.2587	-74.6574
NJ	Marshallville	39.2927	-74.7705
NJ	Martinsville	40.6029	-74.5758
NJ	Matawan	40.411	-74.2365
NJ	Mauricetown	39.2924	-75.0075
NJ	Mays Landing	39.4523	-74.7075
NJ	Maywood	40.9029	-74.0635
NJ	McGuire AFB	40.028	-74.5878
NJ	McKee City	39.4438	-74.6519
NJ	Medford Lakes	39.8536	-74.8117
NJ	Mendham	40.7673	-74.5978
NJ	Menlo Park Terrace	40.5534	-74.3243
NJ	Mercerville	40.2358	-74.6923
NJ	Merchantville	39.9502	-75.0503
NJ	Metuchen	40.5424	-74.3628
NJ	Mickleton	39.791	-75.2462
NJ	Middlebush	40.502	-74.5354
NJ	Middlesex	40.5746	-74.4983
NJ	Midland Park	40.9958	-74.1413
NJ	Milford	40.5735	-75.0897
NJ	Millington	40.675	-74.5148
NJ	Millstone	40.4999	-74.5955
NJ	Milltown	40.4502	-74.4348
NJ	Millville	39.3901	-75.0548
NJ	Milmay	39.439	-74.8683
NJ	Mizpah	39.4819	-74.8383
NJ	Money Island	39.2876	-75.2351
NJ	Monmouth Beach	40.3359	-73.9856
NJ	Monmouth Junction	40.3761	-74.5579
NJ	Monroe Manor	40.259	-74.4743
NJ	Montclair State University	40.8659	-74.1984
NJ	Montvale	41.0546	-74.0473
NJ	Moonachie	40.8413	-74.0577
NJ	Moorestown-Lenola	39.9661	-74.9616
NJ	Morganville	40.3761	-74.2326
NJ	Morris Plains	40.8388	-74.4742
NJ	Morristown	40.7966	-74.4773
NJ	Mount Arlington	40.9208	-74.6408
NJ	Mount Ephraim	39.8795	-75.0918
NJ	Mount Hermon	40.9219	-74.994
NJ	Mount Hope	40.9187	-74.5509
NJ	Mount Royal	39.81	-75.2147
NJ	Mount Tabor	40.8723	-74.4739
NJ	Mountain Lake	40.8598	-74.9876
NJ	Mountain Lakes	40.8909	-74.442
NJ	Mountainside	40.6807	-74.3603
NJ	Mullica Hill	39.7207	-75.2101
NJ	Mystic Island	39.5656	-74.3824
NJ	National Park	39.8673	-75.1856
NJ	Navesink	40.4003	-74.0448
NJ	Neptune City	40.2005	-74.0333
NJ	Nesco	39.6426	-74.6896
NJ	Neshanic	40.5054	-74.712
NJ	Neshanic Station	40.5283	-74.7354
NJ	Netcong	40.8992	-74.7008
NJ	New Brunswick	40.4867	-74.4444
NJ	New Egypt	40.0651	-74.5271
NJ	New Gretna	39.5878	-74.4545
NJ	New Milford	40.9342	-74.0195
NJ	New Providence	40.6989	-74.4066
NJ	New Vernon	40.7389	-74.4805
NJ	New Village	40.7184	-75.0772
NJ	Newark	40.7242	-74.1726
NJ	Newfield	39.551	-75.0102
NJ	Newfoundland	41.0554	-74.4292
NJ	Newport	39.2915	-75.1698
NJ	Newton	41.0515	-74.7536
NJ	Newtonville	39.5633	-74.8559
NJ	North Arlington	40.7863	-74.1262
NJ	North Beach Haven	39.6004	-74.2116
NJ	North Caldwell	40.8645	-74.26
NJ	North Cape May	38.9808	-74.951
NJ	North Haledon	40.9636	-74.1853
NJ	North Middletown	40.439	-74.1185
NJ	North Plainfield	40.6213	-74.4395
NJ	North Wildwood	39.0059	-74.7975
NJ	Northfield	39.3731	-74.5541
NJ	Northvale	41.0129	-73.9486
NJ	Norwood	40.992	-73.9506
NJ	Oak Ridge	41.031	-74.4982
NJ	Oak Valley	39.8063	-75.1588
NJ	Oakhurst	40.2615	-74.0266
NJ	Oakland	41.031	-74.2405
NJ	Oaklyn	39.9023	-75.0806
NJ	Ocean Acres	39.742	-74.2811
NJ	Ocean City	39.2695	-74.5998
NJ	Ocean Gate	39.9265	-74.1348
NJ	Ocean Grove	40.2118	-74.0069
NJ	Ocean View	39.2013	-74.7437
NJ	Oceanport	40.316	-74.0205
NJ	Oceanville	39.482	-74.4526
NJ	Ogdensburg	41.0801	-74.5976
NJ	Old Bridge	40.3954	-74.3312
NJ	Old Tappan	41.0233	-73.9842
NJ	Oldwick	40.6675	-74.7394
NJ	Olivet	39.5381	-75.1763
NJ	Oradell	40.9567	-74.0329
NJ	Othello	39.41	-75.342
NJ	Oxford	40.8049	-74.9973
NJ	Packanack Lake	40.9385	-74.2558
NJ	Palermo	39.2336	-74.6858
NJ	Palisades Park	40.847	-73.9971
NJ	Palmyra	40.0026	-75.0353
NJ	Panther Valley	40.9095	-74.842
NJ	Paramus	40.9473	-74.0702
NJ	Park Ridge	41.0362	-74.0443
NJ	Parsippany	40.8641	-74.4124
NJ	Passaic	40.8576	-74.1291
NJ	Paterson	40.9148	-74.1628
NJ	Paulsboro	39.84	-75.24
NJ	Peapack and Gladstone	40.7158	-74.6541
NJ	Pedricktown	39.7664	-75.4076
NJ	Pemberton	39.9722	-74.6866
NJ	Pemberton Heights	39.9579	-74.6749
NJ	Pennington	40.3249	-74.7888
NJ	Penns Grove	39.7277	-75.469
NJ	Pennsville	39.6483	-75.5003
NJ	Perth Amboy	40.5202	-74.2713
NJ	Phillipsburg	40.692	-75.179
NJ	Pine Beach	39.9361	-74.1698
NJ	Pine Brook	40.8699	-74.3442
NJ	Pine Hill	39.7857	-74.9808
NJ	Pine Lake Park	40.0016	-74.259
NJ	Pine Ridge at Crestwood	39.9615	-74.3121
NJ	Pines Lake	40.9987	-74.2638
NJ	Pitman	39.7331	-75.1297
NJ	Plainfield	40.6154	-74.4158
NJ	Plainsboro Center	40.3313	-74.5916
NJ	Pleasant Plains	40.4531	-74.5765
NJ	Pleasantdale	40.804	-74.2746
NJ	Pleasantville	39.3888	-74.5143
NJ	Pluckemin	40.6453	-74.6346
NJ	Point Pleasant	40.0777	-74.0699
NJ	Point Pleasant Beach	40.0926	-74.0452
NJ	Pomona	39.4688	-74.5502
NJ	Pompton Lakes	41.0027	-74.2867
NJ	Pompton Plains	40.9674	-74.307
NJ	Port Colden	40.7664	-74.9534
NJ	Port Elizabeth	39.3099	-74.9714
NJ	Port Monmouth	40.4342	-74.1007
NJ	Port Morris	40.9063	-74.6841
NJ	Port Murray	40.7928	-74.9272
NJ	Port Norris	39.2624	-75.0465
NJ	Port Reading	40.5674	-74.2449
NJ	Port Republic	39.5348	-74.4761
NJ	Pottersville	40.7136	-74.7257
NJ	Preakness	40.9382	-74.2249
NJ	Presidential Lakes Estates	39.915	-74.5635
NJ	Princeton	40.3582	-74.6667
NJ	Princeton Junction	40.3232	-74.6219
NJ	Princeton Meadows	40.3356	-74.5647
NJ	Prospect Park	40.9416	-74.1741
NJ	Quinton	39.5475	-75.4109
NJ	Rahway	40.6072	-74.2805
NJ	Rainbow Lakes	40.8741	-74.455
NJ	Ramapo College of New Jersey	41.0808	-74.1741
NJ	Ramblewood	39.932	-74.9528
NJ	Ramsey	41.0613	-74.147
NJ	Ramtown	40.1147	-74.1502
NJ	Raritan	40.5713	-74.646
NJ	Red Bank	40.3487	-74.0665
NJ	Regency at Monroe	40.3209	-74.3863
NJ	Renaissance at Monroe	40.2634	-74.4807
NJ	Richland	39.4907	-74.889
NJ	Richwood	39.716	-75.1725
NJ	Ridgefield	40.8327	-74.0141
NJ	Ridgefield Park	40.8547	-74.0199
NJ	Ridgewood	40.9816	-74.1135
NJ	Ringoes	40.4309	-74.8718
NJ	Ringwood	41.104	-74.2711
NJ	Rio Grande	39.0191	-74.8779
NJ	River Edge	40.9268	-74.0375
NJ	Riverdale	40.9959	-74.3145
NJ	Riverton	40.0119	-75.0147
NJ	Roadstown	39.4432	-75.3168
NJ	Robbinsville Center	40.22	-74.6302
NJ	Robertsville	40.3395	-74.2944
NJ	Rockaway	40.8959	-74.5173
NJ	Rockleigh	41.0002	-73.9341
NJ	Rocky Hill	40.4003	-74.6389
NJ	Roebling	40.1172	-74.7778
NJ	Roosevelt	40.2207	-74.4702
NJ	Roseland	40.8217	-74.3101
NJ	Roselle	40.6522	-74.2602
NJ	Roselle Park	40.6653	-74.2666
NJ	Rosenhayn	39.4787	-75.138
NJ	Ross Corner	41.1281	-74.7136
NJ	Rossmoor	40.3347	-74.4701
NJ	Rumson	40.3621	-74.0045
NJ	Runnemede	39.8534	-75.0755
NJ	Rutgers University-Busch Campus	40.5196	-74.4675
NJ	Rutgers University-Livingston Campus	40.5177	-74.4448
NJ	Rutherford	40.8203	-74.106
NJ	Saddle River	41.0237	-74.0926
NJ	Salem	39.5682	-75.4726
NJ	Sayreville	40.4669	-74.3202
NJ	Sea Bright	40.3594	-73.9749
NJ	Sea Girt	40.1305	-74.0338
NJ	Sea Isle City	39.1508	-74.7027
NJ	Seabrook Farms	39.5012	-75.2204
NJ	Seaside Heights	39.9449	-74.0783
NJ	Seaside Park	39.9264	-74.0787
NJ	Seaville	39.2072	-74.716
NJ	Secaucus	40.782	-74.0676
NJ	Seeley	39.4833	-75.2412
NJ	Sewaren	40.5488	-74.2552
NJ	Sewell	39.7692	-75.1447
NJ	Shark River Hills	40.1923	-74.0474
NJ	Sheppards Mill	39.4124	-75.3137
NJ	Shiloh	39.4624	-75.2924
NJ	Ship Bottom	39.6454	-74.183
NJ	Short Hills	40.7392	-74.3274
NJ	Shrewsbury	40.3265	-74.0574
NJ	Sicklerville	39.7425	-74.9902
NJ	Silver Lake	39.4685	-75.2398
NJ	Silver Ridge	39.9617	-74.2359
NJ	Singac	40.8849	-74.2429
NJ	Six Mile Run	40.4702	-74.534
NJ	Skillman	40.4282	-74.7123
NJ	Smithville	39.4949	-74.4786
NJ	Somerdale	39.8454	-75.0217
NJ	Somers Point	39.3172	-74.6064
NJ	Somerset	40.5085	-74.5002
NJ	Somerville	40.5697	-74.6077
NJ	South Amboy	40.4864	-74.2788
NJ	South Bound Brook	40.5539	-74.5275
NJ	South Dennis	39.1702	-74.8044
NJ	South Plainfield	40.5744	-74.4148
NJ	South River	40.4457	-74.3785
NJ	South Seaville	39.1866	-74.7536
NJ	South Toms River	39.9391	-74.207
NJ	Spotswood	40.3936	-74.3927
NJ	Spring Lake	40.1538	-74.0269
NJ	Spring Lake Heights	40.1495	-74.0462
NJ	Springdale	39.8762	-74.9721
NJ	Springfield	40.7061	-74.313
NJ	Stanhope	40.9134	-74.7036
NJ	Stewartsville	40.6889	-75.1022
NJ	Stirling	40.6804	-74.4889
NJ	Stockton	40.4059	-74.9706
NJ	Stockton University	39.4847	-74.549
NJ	Stone Harbor	39.0417	-74.7688
NJ	Stonebridge	40.2955	-74.4686
NJ	Stratford	39.829	-75.0155
NJ	Strathmere	39.1948	-74.6604
NJ	Strathmore	40.402	-74.2215
NJ	Succasunna	40.8545	-74.6574
NJ	Summit	40.7156	-74.3647
NJ	Sunset Lake	39.4525	-75.235
NJ	Surf City	39.6643	-74.1716
NJ	Sussex	41.2088	-74.6082
NJ	Swedesboro	39.7459	-75.3109
NJ	Sweetwater	39.6134	-74.6508
NJ	Tavistock	39.8763	-75.0298
NJ	Ten Mile Run	40.4229	-74.5871
NJ	Tenafly	40.9183	-73.9505
NJ	Teterboro	40.8546	-74.0596
NJ	The College of New Jersey	40.2684	-74.7779
NJ	The Hills	40.6538	-74.621
NJ	The Ponds	40.3068	-74.4532
NJ	Thorofare	39.8547	-75.1987
NJ	Three Bridges	40.5206	-74.8002
NJ	Tinton Falls	40.2663	-74.0961
NJ	Titusville	40.3089	-74.8749
NJ	Toms River	39.9949	-74.1878
NJ	Totowa	40.9034	-74.2198
NJ	Towaco	40.9269	-74.3424
NJ	Trenton	40.2238	-74.7636
NJ	Troy Hills	40.8506	-74.3966
NJ	Tuckahoe	39.2892	-74.7497
NJ	Tuckerton	39.5922	-74.3331
NJ	Turnersville	39.7664	-75.062
NJ	Twin Rivers	40.2635	-74.4919
NJ	Union	40.6965	-74.2693
NJ	Union Beach	40.4475	-74.17
NJ	Union City	40.7674	-74.0323
NJ	Upper Greenwood Lake	41.1859	-74.3782
NJ	Upper Montclair	40.8426	-74.2013
NJ	Upper Pohatcong	40.6774	-75.1557
NJ	Upper Saddle River	41.0632	-74.1
NJ	Upper Stewartsville	40.7048	-75.1206
NJ	Vauxhall	40.7174	-74.2838
NJ	Ventnor City	39.342	-74.4826
NJ	Vernon Center	41.1888	-74.504
NJ	Vernon Valley	41.2422	-74.4861
NJ	Victory Gardens	40.8761	-74.5435
NJ	Victory Lakes	39.6306	-74.9692
NJ	Vienna	40.8722	-74.8725
NJ	Villas	39.0163	-74.936
NJ	Vincentown	39.9363	-74.7512
NJ	Vineland	39.465	-74.9971
NJ	Vista Center	40.159	-74.3223
NJ	Voorhees	40.4822	-74.4925
NJ	Waldwick	41.0134	-74.1252
NJ	Wallington	40.8531	-74.1063
NJ	Wanamassa	40.2368	-74.0289
NJ	Wanaque	41.0424	-74.2886
NJ	Waretown	39.7898	-74.1933
NJ	Washington	40.7585	-74.9832
NJ	Washington Crossing	40.2962	-74.8603
NJ	Watchung	40.6428	-74.4362
NJ	Watsessing	40.7866	-74.2012
NJ	Wenonah	39.792	-75.1482
NJ	West Belmar	40.1707	-74.0376
NJ	West Berlin	39.8097	-74.9413
NJ	West Cape May	38.9422	-74.939
NJ	West Freehold	40.2309	-74.2941
NJ	West Long Branch	40.2879	-74.02
NJ	West New York	40.786	-74.0095
NJ	West Park	39.4403	-75.2637
NJ	West Wildwood	39.0006	-74.8236
NJ	Westfield	40.6516	-74.3434
NJ	Westmont	39.9078	-75.0541
NJ	Weston	40.5224	-74.5741
NJ	Westville	39.8707	-75.1299
NJ	Westwood	40.989	-74.0319
NJ	Wharton	40.8971	-74.5745
NJ	Whippany	40.8233	-74.4187
NJ	White Horse	40.1918	-74.7014
NJ	White House Station	40.6207	-74.7735
NJ	White Meadow Lake	40.9238	-74.5105
NJ	Whitesboro	39.049	-74.8718
NJ	Whittingham	40.3267	-74.4455
NJ	Wildwood	38.9875	-74.8182
NJ	Wildwood Crest	38.9715	-74.8373
NJ	William Paterson University of New Jersey	40.9458	-74.1982
NJ	Williamstown	39.6842	-74.9687
NJ	Windsor	40.2474	-74.5813
NJ	Wood-Ridge	40.8502	-74.0871
NJ	Woodbine	39.2283	-74.8096
NJ	Woodbridge	40.5529	-74.2869
NJ	Woodbury	39.8379	-75.1515
NJ	Woodbury Heights	39.8133	-75.1506
NJ	Woodcliff Lake	41.026	-74.0611
NJ	Woodland Park	40.8899	-74.1944
NJ	Woodlynne	39.9165	-75.0955
NJ	Woodstown	39.6502	-75.3262
NJ	Wrightstown	40.0256	-74.6319
NJ	Yardville	40.1866	-74.6631
NJ	Yorketown	40.3059	-74.3389
NJ	Zarephath	40.5346	-74.5724
NM	Abeytas	34.4652	-106.8138
NM	Abiquiu	36.2017	-106.3239
NM	Acomita Lake	35.0689	-107.6146
NM	Adelino	34.7064	-106.7318
NM	Agua Fria	35.6616	-106.0148
NM	Alamillo	34.2519	-106.9158
NM	Alamo	34.4184	-107.5125
NM	Alamogordo	32.8836	-105.9636
NM	Albuquerque	35.1048	-106.6468
NM	Alcalde	36.0854	-106.0575
NM	Algodones	35.3707	-106.4889
NM	Alma	33.3845	-108.8944
NM	Angel Fire	36.378	-105.2588
NM	Angustura	36.7128	-107.9172
NM	Animas	31.9449	-108.8065
NM	Anthony	32.0131	-106.5984
NM	Anton Chico	35.1949	-105.1439
NM	Anzac Village	35.0624	-107.7414
NM	Apache Creek	33.8603	-108.615
NM	Aragon	33.8897	-108.5202
NM	Arenas Valley	32.7756	-108.2031
NM	Arrey	32.8472	-107.3203
NM	Arroyo Hondo	35.6103	-105.945
NM	Arroyo Seco	36.5215	-105.5861
NM	Artesia	32.8522	-104.4246
NM	Atoka	32.778	-104.3937
NM	Aztec	36.8159	-107.9703
NM	Barton	35.0653	-106.2569
NM	Bayard	32.7582	-108.1338
NM	Becenti	35.8123	-108.1709
NM	Beclabito	36.8335	-109.0038
NM	Belen	34.7666	-106.8085
NM	Bent	33.1425	-105.8724
NM	Berino	32.069	-106.6221
NM	Bernalillo	35.3124	-106.5541
NM	Bibo	35.1725	-107.407
NM	Black Hat	35.6311	-108.9641
NM	Black Rock	35.0809	-108.7982
NM	Blanco	36.7618	-107.7702
NM	Bloomfield	36.7433	-107.9739
NM	Bluewater	35.3243	-108.206
NM	Bluewater Village	35.2467	-107.9695
NM	Boles Acres	32.82	-105.9777
NM	Borrego Pass	35.5664	-108.0165
NM	Bosque Farms	34.8536	-106.701
NM	Brazos	36.7528	-106.5599
NM	Brimhall Nizhoni	35.7917	-108.6297
NM	Broadview	35.2257	-107.8761
NM	Buckhorn	33.0315	-108.6944
NM	Butterfield Park	32.4052	-106.6457
NM	Caballo	32.9806	-107.3075
NM	Candy Kitchen	34.9093	-108.4965
NM	Canjilon	36.4837	-106.424
NM	Cannon AFB	34.3821	-103.3169
NM	Canova	36.1678	-105.9888
NM	Capitan	33.5392	-105.5982
NM	Capulin	36.7465	-104.0021
NM	Carlsbad	32.4008	-104.241
NM	Carnuel	35.0612	-106.4572
NM	Carrizozo	33.6433	-105.8411
NM	Casa Colorada	34.5509	-106.7399
NM	Casas Adobes	32.8094	-107.939
NM	Catalpa Canyon	35.4942	-108.7206
NM	Causey	33.8667	-103.1252
NM	CaÃ±ada de los Alamos	35.5927	-105.8598
NM	CaÃ±on	35.6718	-106.7527
NM	CaÃ±oncito	35.5352	-105.8389
NM	CaÃ±ones	36.1764	-106.4194
NM	Cedar Crest	35.1147	-106.3801
NM	Cedar Grove	35.1772	-106.1669
NM	Cedar Hill	36.946	-107.8835
NM	Cedro	35.0181	-106.3508
NM	Center Point	36.871	-107.9554
NM	Chama	36.8901	-106.5842
NM	Chamberino	32.0364	-106.6776
NM	Chamisal	36.1725	-105.746
NM	Chamita	36.0693	-106.0938
NM	Chamizal	34.2183	-106.9151
NM	Chaparral	32.0443	-106.4061
NM	Chical	34.8658	-106.6671
NM	Chili	36.105	-106.1527
NM	Chilili	34.8974	-106.2331
NM	Chimayo	35.9986	-105.945
NM	Chupadero	35.8144	-105.9197
NM	Church Rock	35.5692	-108.573
NM	Cimarron	36.5083	-104.9104
NM	City of the Sun	31.8466	-107.6504
NM	Clayton	36.446	-103.1489
NM	Cliff	32.966	-108.6176
NM	Cloudcroft	32.9522	-105.7324
NM	Clovis	34.4386	-103.1942
NM	Cobre	32.7804	-108.1106
NM	Cochiti	35.6104	-106.3501
NM	Cochiti Lake	35.6478	-106.3425
NM	Columbus	31.8274	-107.6423
NM	Conchas Dam	35.3548	-104.1954
NM	Conejo	35.6287	-105.9423
NM	Continental Divide	35.4329	-108.3358
NM	Cordova	36.0128	-105.8566
NM	Corona	34.2501	-105.597
NM	Corrales	35.2396	-106.6271
NM	Costilla	36.9785	-105.5353
NM	Cotton City	32.1105	-108.8801
NM	Coyote	36.1509	-106.6076
NM	Crestview	35.4878	-108.8574
NM	Crouch Mesa	36.748	-108.0853
NM	Crownpoint	35.7343	-108.1554
NM	Cruzville	33.811	-108.6677
NM	Crystal	36.03	-108.9892
NM	Cuartelez	35.9928	-106.0197
NM	Cuba	36.0146	-106.968
NM	Cubero	35.0905	-107.5261
NM	Cundiyo	35.9608	-105.9009
NM	Cuyamungue	35.8648	-106.0096
NM	Cuyamungue Grant	35.8464	-105.9949
NM	Datil	34.1389	-107.8413
NM	Deer Canyon	34.4236	-106.284
NM	Deming	32.2631	-107.7525
NM	Des Moines	36.7613	-103.8341
NM	Dexter	33.1948	-104.3689
NM	Dixon	36.1796	-105.891
NM	Dora	33.9259	-103.3385
NM	DoÃ±a Ana	32.3939	-106.8177
NM	Dulce	36.9538	-107.0003
NM	Duran	34.4636	-105.3807
NM	Eagle Nest	36.547	-105.2607
NM	East Pecos	35.5766	-105.65
NM	Edgewood	35.1313	-106.2202
NM	Edith Enclave	35.2112	-106.5859
NM	El Cerro	34.7805	-106.6957
NM	El Cerro Mission	34.7687	-106.6447
NM	El Duende	36.0684	-106.1301
NM	El Morro Valley	35.0361	-108.3226
NM	El Rancho	35.8928	-106.0856
NM	El Rito	36.3326	-106.1741
NM	El Valle de Arroyo Seco	35.9526	-106.026
NM	Eldorado at Santa Fe	35.5272	-105.934
NM	Elephant Butte	33.1824	-107.2216
NM	Elida	33.9469	-103.6531
NM	Encantado	35.7934	-105.9111
NM	Encinal	35.1112	-107.4651
NM	Encino	34.6518	-105.4586
NM	Ensenada	36.7309	-106.5368
NM	Escondida	34.1013	-106.8974
NM	Escudilla Bonita	34.1101	-109.0228
NM	EspaÃ±ola	36.004	-106.0701
NM	Estancia	34.7643	-106.0386
NM	Eunice	32.4361	-103.149
NM	Fairacres	32.3047	-106.8366
NM	Farmington	36.7538	-108.1805
NM	Faywood	32.6246	-107.8753
NM	Fence Lake	34.6534	-108.6738
NM	Flora Vista	36.8031	-108.0902
NM	Floyd	34.2286	-103.5761
NM	Folsom	36.8478	-103.9176
NM	Fort Sumner	34.4869	-104.2177
NM	Fort Wingate	35.4708	-108.5439
NM	Fruitland	36.7435	-108.3949
NM	Galisteo	35.3984	-105.9572
NM	Gallina	36.2349	-106.8279
NM	Gallup	35.5138	-108.7437
NM	Gamerco	35.57	-108.7641
NM	Garfield	32.7568	-107.2665
NM	Gila	32.9413	-108.5705
NM	Gila Hot Springs	33.1902	-108.2045
NM	Glen Acres	32.375	-108.7163
NM	Glenwood	33.3176	-108.8752
NM	Glorieta	35.584	-105.7629
NM	Golden	35.2637	-106.223
NM	Golden Acres	35.2112	-107.9183
NM	Grady	34.822	-103.3153
NM	Grants	35.1542	-107.8323
NM	Grenville	36.5905	-103.6146
NM	Hachita	31.9153	-108.3252
NM	Hagerman	33.1158	-104.3319
NM	Hanover	32.8148	-108.0897
NM	Happy Valley	32.4279	-104.2898
NM	Hatch	32.6731	-107.162
NM	Haystack	35.3545	-107.9389
NM	Hernandez	36.0569	-106.1178
NM	High Rolls	32.9337	-105.8027
NM	Highland Meadows	34.9386	-107.1665
NM	Hillsboro	32.9218	-107.5772
NM	Hobbs	32.7291	-103.1608
NM	Holloman AFB	32.846	-106.0959
NM	Homer C Jones	35.3078	-108.0966
NM	Homestead	34.1455	-107.8782
NM	Hope	32.8174	-104.7369
NM	Hot Springs Landing	33.2047	-107.21
NM	House	34.6495	-103.9038
NM	Hurley	32.6985	-108.1311
NM	Hyde Park	35.7112	-105.8866
NM	Indian Hills	34.9832	-106.1398
NM	Isleta	34.9043	-106.699
NM	Iyanbito	35.516	-108.4877
NM	Jacona	35.8887	-106.0386
NM	Jaconita	35.8856	-106.0611
NM	Jal	32.1148	-103.19
NM	Jamestown	35.4693	-108.4396
NM	Jarales	34.6155	-106.7606
NM	Jemez Pueblo	35.6066	-106.7322
NM	Jemez Springs	35.7731	-106.691
NM	Keeler Farm	32.3161	-107.7602
NM	Kingston	32.9173	-107.7096
NM	Kirtland	36.7589	-108.3675
NM	Kirtland AFB	35.0478	-106.561
NM	La Bajada	35.5565	-106.2436
NM	La Boca	36.9945	-107.6064
NM	La Cienega	35.5794	-106.1131
NM	La Cueva	35.5776	-105.7339
NM	La Hacienda	32.206	-107.7251
NM	La Huerta	32.4488	-104.2224
NM	La Jara	36.1055	-106.9419
NM	La Joya	34.345	-106.8467
NM	La Luz	32.9716	-105.9397
NM	La Madera	35.2345	-106.334
NM	La Mesa	32.1244	-106.709
NM	La Mesilla	35.9419	-106.0641
NM	La Plata	36.8964	-108.2008
NM	La Puebla	35.9882	-106.0006
NM	La Tierra	35.7473	-106.0309
NM	La Union	31.9508	-106.6621
NM	La Villita	36.1012	-106.0555
NM	Laguna	35.0474	-107.4017
NM	Lake Arthur	32.9994	-104.3637
NM	Lake Roberts	33.0314	-108.1688
NM	Lake Roberts Heights	33.0271	-108.1381
NM	Lake Sumner	34.6236	-104.4022
NM	Lake Valley	36.0901	-108.1642
NM	Lamy	35.4855	-105.8863
NM	Las Campanas	35.7158	-106.0581
NM	Las Cruces	32.3264	-106.7897
NM	Las Maravillas	34.7349	-106.665
NM	Las Nutrias	34.4698	-106.7708
NM	Las Palomas	33.0589	-107.2982
NM	Las Tusas	35.2731	-108.1264
NM	Las Vegas	35.6048	-105.217
NM	Lee Acres	36.7048	-108.0615
NM	Lemitar	34.155	-106.9122
NM	Lindrith	36.3155	-107.0392
NM	Little Walnut Village	32.8256	-108.2867
NM	Livingston Wheeler	32.3917	-104.2028
NM	Llano del Medio	35.1881	-105.1163
NM	Lobo Canyon	35.2238	-107.721
NM	Loco Hills	32.8197	-103.9784
NM	Logan	35.3555	-103.453
NM	Lordsburg	32.3438	-108.7021
NM	Los Alamos	35.894	-106.29
NM	Los Cerrillos	35.4272	-106.1212
NM	Los Chaves	34.7335	-106.7611
NM	Los Luceros	36.1144	-106.0372
NM	Los Lunas	34.8009	-106.7887
NM	Los Ojos	36.7385	-106.5617
NM	Los Ranchos de Albuquerque	35.162	-106.6457
NM	Loving	32.2862	-104.0978
NM	Lovington	32.9445	-103.3492
NM	Lower Frisco	33.653	-108.7876
NM	Luis Lopez	33.9905	-106.8878
NM	Lumberton	36.9328	-106.9354
NM	Luna	33.8175	-108.9412
NM	Lybrook	36.2241	-107.5579
NM	Lyden	36.1537	-106.0147
NM	Madrid	35.4033	-106.1538
NM	Madrone	34.5792	-106.7285
NM	Magdalena	34.1095	-107.2318
NM	Malaga	32.2209	-104.066
NM	Manuelito	35.4387	-108.9946
NM	Manzano	34.6437	-106.3671
NM	Manzano Springs	34.9614	-106.2326
NM	Maxwell	36.5411	-104.543
NM	Mayhill	32.8902	-105.5044
NM	McCartys Village	35.0613	-107.6635
NM	McGaffey	35.3701	-108.5165
NM	McIntosh	34.8819	-106.0559
NM	Meadow Lake	34.8031	-106.5704
NM	Medanales	36.1765	-106.1777
NM	Melrose	34.4295	-103.6294
NM	Mescalero	33.1346	-105.7999
NM	Mesilla	32.2693	-106.8091
NM	Mesita	35.0058	-107.3163
NM	Mesquite	32.167	-106.6885
NM	Middle Frisco	33.6951	-108.7645
NM	Middle Mesa	36.98	-107.5073
NM	Midway	33.2973	-104.4512
NM	Milan	35.1968	-107.8924
NM	Mimbres	32.8392	-107.9602
NM	Mogollon	33.4069	-108.7996
NM	Monterey Park	34.7511	-106.6531
NM	Monument	32.6242	-103.2776
NM	Moquino	35.1699	-107.3639
NM	Mora	35.9635	-105.3313
NM	Moriarty	35.0034	-106.0444
NM	Morningside	32.861	-104.3971
NM	Mosquero	35.7743	-103.9544
NM	Mount Taylor	35.1241	-107.8075
NM	Mountain View	35.0046	-108.3979
NM	Mountainair	34.5212	-106.2393
NM	Nadine	32.6105	-103.1032
NM	Nageezi	36.2463	-107.7512
NM	Nakaibito	35.7826	-108.8039
NM	Nambe	35.8984	-105.9667
NM	Napi Headquarters	36.6505	-108.2145
NM	Nara Visa	35.6069	-103.1043
NM	Naschitti	36.0626	-108.68
NM	Navajo	35.9024	-109.0321
NM	Navajo Dam	36.8729	-107.6232
NM	Nenahnezad	36.7308	-108.4345
NM	Newcomb	36.2852	-108.7116
NM	Newkirk	35.0635	-104.2715
NM	Nogal	33.5382	-105.7119
NM	North Acomita Village	35.0673	-107.5648
NM	North Hobbs	32.7733	-103.1234
NM	North Hurley	32.7198	-108.1285
NM	North Light Plant	36.867	-108.0331
NM	North San Ysidro	35.4746	-105.566
NM	North Valley	35.1731	-106.6228
NM	Oasis	32.9277	-107.3164
NM	Ohkay Owingeh	36.0453	-106.0459
NM	Ojo Amarillo	36.6941	-108.3704
NM	Ojo Caliente	36.3147	-106.0374
NM	Ojo Encino	35.9525	-107.3445
NM	Ojo Sarco	36.1249	-105.7845
NM	Old Town	32.5124	-107.9232
NM	Organ	32.4251	-106.6024
NM	Orogrande	32.3893	-106.1085
NM	Paa-Ko	35.1998	-106.3337
NM	Paguate	35.1564	-107.4007
NM	Pajarito Mesa	34.9796	-106.7805
NM	Paradise Hills	35.1981	-106.7024
NM	Paraje	35.0444	-107.4682
NM	Pastura	34.7851	-104.9421
NM	Peak Place	35.7912	-105.9432
NM	Pecan Park	32.2704	-107.674
NM	Pecos	35.5757	-105.6784
NM	Peralta	34.8283	-106.686
NM	PeÃ±a Blanca	35.5709	-106.332
NM	PeÃ±asco	36.1703	-105.6907
NM	Picacho Hills	32.3158	-106.8785
NM	Picuris Pueblo	36.2001	-105.7235
NM	Pie Town	34.3404	-108.1766
NM	Pinedale	35.6071	-108.4257
NM	Pinehaven	35.3357	-108.6709
NM	Pinehill	34.8922	-108.4224
NM	Pinon	32.6195	-105.3769
NM	Pinos Altos	32.8665	-108.222
NM	Placitas	35.3226	-106.4429
NM	Playas	31.9126	-108.5363
NM	Pleasanton	33.2798	-108.8809
NM	Pojoaque	35.8962	-106.0105
NM	Polvadera	34.202	-106.9172
NM	Ponderosa	35.6555	-106.6545
NM	Ponderosa Pine	34.9709	-106.3396
NM	Portales	34.1773	-103.3551
NM	Prewitt	35.3683	-108.0749
NM	Pueblito	36.0727	-106.0811
NM	Pueblitos	34.6121	-106.781
NM	Pueblo	35.3272	-105.4354
NM	Pueblo Pintado	35.9614	-107.6224
NM	Pueblo of Sandia Village	35.2537	-106.5706
NM	Puerto de Luna	34.8297	-104.6222
NM	Pulpotio Bareas	32.2179	-107.7728
NM	Punta de Agua	34.6016	-106.2922
NM	Purty Rock	35.4903	-108.8953
NM	Quemado	34.3406	-108.5061
NM	Questa	36.7124	-105.5992
NM	Radium Springs	32.4782	-106.9031
NM	Ramah	35.1264	-108.5063
NM	Rancho Grande	33.682	-108.8582
NM	Ranchos de Taos	36.3619	-105.6016
NM	Raton	36.885	-104.4396
NM	Red River	36.7098	-105.4185
NM	Red Rock Ranch	35.4242	-108.0263
NM	Redrock	32.6886	-108.7406
NM	Regina	36.1949	-106.9459
NM	Reserve	33.709	-108.7614
NM	Ribera	35.37	-105.4441
NM	Rincon	32.6725	-107.0758
NM	Rio Chiquito	35.9949	-105.9069
NM	Rio Communities	34.6452	-106.7158
NM	Rio Lucio	36.1922	-105.72
NM	Rio Rancho	35.2851	-106.6989
NM	Rio Rancho Estates	35.3004	-106.7985
NM	Rio en Medio	35.8222	-105.9009
NM	Rivers	33.6746	-108.7795
NM	Rock Springs	35.6188	-108.8345
NM	Rodeo	31.8397	-109.0266
NM	Rodey	32.6538	-107.1357
NM	Rosedale	32.7647	-108.2435
NM	Roswell	33.3734	-104.5294
NM	Rowe	35.4922	-105.6715
NM	Roy	35.9451	-104.1963
NM	Ruidoso	33.3495	-105.6688
NM	Ruidoso Downs	33.3312	-105.5968
NM	Sacramento	32.7845	-105.5651
NM	Sagar	35.2474	-108.7671
NM	Salem	32.7121	-107.2056
NM	San Acacia	34.2549	-106.9023
NM	San Antonio	33.9162	-106.87
NM	San Antonito	35.1575	-106.3475
NM	San Cristobal	36.6101	-105.6318
NM	San Felipe Pueblo	35.4383	-106.4132
NM	San Fidel	35.1026	-107.5975
NM	San Ildefonso Pueblo	35.8883	-106.1292
NM	San Jon	35.1113	-103.3363
NM	San Jose	36.0367	-106.1004
NM	San Lorenzo	32.8054	-107.9202
NM	San Luis	35.7009	-107.0431
NM	San Mateo	35.3381	-107.6461
NM	San Miguel	32.1535	-106.7268
NM	San Pablo	32.2507	-106.7626
NM	San Pedro	35.228	-106.1847
NM	San Rafael	35.0982	-107.9049
NM	San Ysidro	32.3568	-106.8129
NM	Sandia Heights	35.1743	-106.4884
NM	Sandia Knolls	35.1604	-106.2988
NM	Sandia Park	35.1648	-106.3657
NM	Sanostee	36.4305	-108.863
NM	Santa Ana Pueblo	35.3523	-106.5154
NM	Santa Clara	32.78	-108.1493
NM	Santa Clara Pueblo	35.9708	-106.1021
NM	Santa Cruz	35.994	-106.0358
NM	Santa Fe	35.662	-105.9818
NM	Santa Fe Foothills	35.628	-105.8981
NM	Santa Rosa	34.9361	-104.675
NM	Santa Teresa	31.8714	-106.6734
NM	Santo Domingo Pueblo	35.5224	-106.3676
NM	Sausal	34.6803	-106.7589
NM	Seama	35.0508	-107.5396
NM	Seboyeta	35.1989	-107.3827
NM	Sedillo	35.087	-106.2878
NM	Sena	35.3036	-105.3913
NM	Seton Village	35.5998	-105.9335
NM	Sheep Springs	36.1592	-108.6905
NM	Shiprock	36.7907	-108.6961
NM	Silver City	32.7786	-108.2694
NM	Skyline-Ganipa	35.0361	-107.6162
NM	Socorro	34.0545	-106.9062
NM	Soham	35.4169	-105.4985
NM	Sombrillo	35.9802	-106.0352
NM	South Acomita Village	35.0533	-107.5723
NM	South River	36.7859	-108.0577
NM	South Valley	35.0086	-106.6822
NM	Spencerville	36.8296	-108.0616
NM	Springer	36.3654	-104.6002
NM	Stanley	35.1542	-105.9763
NM	Stoneridge	35.3019	-108.1034
NM	Sundance	35.5105	-108.6397
NM	Sunland Park	31.8236	-106.6003
NM	Sunlit Hills	35.5957	-105.921
NM	Sunshine	32.1344	-107.7838
NM	Tajique	34.76	-106.301
NM	Talpa	36.3401	-105.5922
NM	Tano Road	35.7374	-105.9819
NM	Taos	36.3871	-105.5804
NM	Taos Pueblo	36.4657	-105.5634
NM	Taos Ski Valley	36.59	-105.4369
NM	Tatum	33.2554	-103.3108
NM	Tecolote	35.4604	-105.2842
NM	Tecolotito	35.2307	-105.163
NM	Tesuque	35.7486	-105.9209
NM	Tesuque Pueblo	35.809	-105.9752
NM	Texico	34.3892	-103.0507
NM	Thoreau	35.4235	-108.2001
NM	Thunder Mountain	35.1017	-106.2236
NM	Tierra Amarilla	36.7059	-106.5651
NM	Tijeras	35.0862	-106.3776
NM	Timberlake	35.2012	-108.4843
NM	Timberon	32.6363	-105.6952
NM	Tohatchi	35.8434	-108.7516
NM	Tome	34.739	-106.7252
NM	Torreon	35.7932	-107.2124
NM	Tortugas	32.2697	-106.7546
NM	Totah Vista	36.7107	-108.2063
NM	Tres Arroyos	35.6798	-106.0399
NM	Trout Valley	33.0362	-108.1893
NM	Truchas	36.0367	-105.8125
NM	Truth or Consequences	33.2376	-107.2762
NM	Tse Bonito	35.6466	-109.007
NM	Tucumcari	35.1703	-103.705
NM	Tularosa	33.075	-106.0173
NM	Turley	36.7367	-107.7921
NM	Twin Forks	32.9385	-105.6464
NM	Twin Lakes	35.6834	-108.7709
NM	Tyrone	32.7099	-108.3027
NM	University Park	32.2767	-106.7462
NM	Upper Fruitland	36.72	-108.3215
NM	Ute Park	36.5467	-105.1038
NM	Vadito	36.1929	-105.6753
NM	Vado	32.1279	-106.6571
NM	Valencia	34.8053	-106.6869
NM	Valle Vista	35.584	-106.0584
NM	Vanderwagen	35.2745	-108.7444
NM	Vaughn	34.6072	-105.2126
NM	Veguita	34.5147	-106.7679
NM	Velarde	36.1593	-105.9588
NM	Ventura	32.2438	-107.6832
NM	Villanueva	35.2659	-105.3602
NM	Virden	32.6889	-109.0013
NM	Wagon Mound	36.0047	-104.7092
NM	Waterflow	36.7554	-108.4695
NM	Watrous	35.7892	-104.9825
NM	Weed	32.7969	-105.5309
NM	West Hammond	36.682	-108.0438
NM	White Cliffs	35.549	-108.6643
NM	White Rock	35.8086	-106.2081
NM	White Sands	32.3804	-106.4791
NM	White Signal	32.5677	-108.349
NM	Whites City	32.1766	-104.3738
NM	Willard	34.5949	-106.0323
NM	Williams Acres	35.4969	-108.87
NM	Williamsburg	33.1159	-107.2945
NM	Windmill	31.9769	-108.6315
NM	Winston	33.3461	-107.6487
NM	Yah-ta-hey	35.6291	-108.7927
NM	Youngsville	36.195	-106.5669
NM	Zia Pueblo	35.53	-106.717
NM	Zuni Pueblo	35.0694	-108.8558
NV	Alamo	37.377	-115.1678
NV	Amargosa Valley	36.5434	-116.4839
NV	Austin	39.4975	-117.074
NV	Baker	39.0187	-114.121
NV	Battle Mountain	40.6284	-116.9486
NV	Beatty	36.9962	-116.7235
NV	Beaverdam	37.6898	-114.449
NV	Bennett Springs	37.7141	-114.4667
NV	Blue Diamond	36.0399	-115.4128
NV	Boulder City	35.8438	-114.9116
NV	Bunkerville	36.7568	-114.132
NV	Cal-Nev-Ari	35.2996	-114.8777
NV	Caliente	37.6458	-114.4929
NV	Carlin	40.719	-116.108
NV	Carson City	39.1531	-119.7474
NV	Carter Springs	38.8619	-119.6411
NV	Cold Springs	39.6926	-119.9773
NV	Crescent Valley	40.4198	-116.5753
NV	Crystal Bay	39.2304	-120.0022
NV	Dayton	39.2716	-119.5449
NV	Denio	41.9889	-118.6375
NV	Double Spring	38.7788	-119.6154
NV	Dry Valley	37.8843	-114.305
NV	Dyer	37.6561	-118.028
NV	East Valley	38.9421	-119.6932
NV	Elko	40.8381	-115.7678
NV	Ely	39.2649	-114.8709
NV	Empire	40.5759	-119.3431
NV	Enterprise	36.0091	-115.2278
NV	Eureka	39.5112	-115.9658
NV	Fallon	39.4737	-118.7779
NV	Fallon Station	39.415	-118.7165
NV	Fernley	39.5648	-119.1894
NV	Fish Springs	38.9536	-119.6511
NV	Fort McDermitt	41.9655	-117.6395
NV	Gabbs	38.8628	-117.9321
NV	Gardnerville	38.939	-119.7369
NV	Gardnerville Ranchos	38.8957	-119.7492
NV	Genoa	39.0256	-119.8309
NV	Gerlach	40.6452	-119.3613
NV	Glenbrook	39.1001	-119.9273
NV	Golconda	40.9521	-117.4997
NV	Golden Valley	39.6178	-119.8231
NV	Goldfield	37.7122	-117.2379
NV	Goodsprings	35.8319	-115.4353
NV	Grass Valley	40.7971	-117.7603
NV	Hawthorne	38.5253	-118.626
NV	Henderson	36.009	-115.0268
NV	Hiko	37.6452	-115.1891
NV	Humboldt River Ranch	40.4318	-118.2719
NV	Imlay	40.6581	-118.1441
NV	Incline Village	39.2657	-119.9463
NV	Indian Hills	39.0916	-119.7975
NV	Indian Springs	36.5718	-115.7203
NV	Jackpot	41.9795	-114.6646
NV	Johnson Lane	39.0642	-119.7202
NV	Kingsbury	38.9909	-119.8837
NV	Kingston	39.2101	-117.0679
NV	Lakeridge	39.0382	-119.9428
NV	Lamoille	40.7239	-115.4789
NV	Las Vegas	36.2335	-115.264
NV	Laughlin	35.1404	-114.6166
NV	Lemmon Valley	39.6874	-119.8332
NV	Logan Creek	39.0651	-119.9245
NV	Lovelock	40.1787	-118.4774
NV	Lund	38.8642	-115.0099
NV	McDermitt	41.9903	-117.7208
NV	McGill	39.402	-114.7775
NV	Mesquite	36.8111	-114.1257
NV	Mina	38.3902	-118.1112
NV	Minden	38.9646	-119.7666
NV	Moapa Town	36.6925	-114.6356
NV	Moapa Valley	36.604	-114.4493
NV	Mogul	39.5162	-119.923
NV	Montello	41.267	-114.1971
NV	Mount Charleston	36.2625	-115.6139
NV	Mount Wilson	38.235	-114.4503
NV	Mountain City	41.8372	-115.9633
NV	Nellis AFB	36.2466	-115.0571
NV	Nelson	35.7179	-114.8314
NV	Nixon	39.828	-119.359
NV	North Las Vegas	36.2899	-115.0892
NV	Oasis	41.0286	-114.4763
NV	Orovada	41.5492	-117.8236
NV	Osino	40.9409	-115.6608
NV	Owyhee	41.928	-116.2122
NV	Pahrump	36.224	-115.9967
NV	Panaca	37.7881	-114.4005
NV	Paradise	36.0871	-115.1355
NV	Paradise Valley	41.4844	-117.547
NV	Pioche	37.952	-114.4435
NV	Preston	38.9149	-115.0637
NV	Rachel	37.6414	-115.7681
NV	Reno	39.5491	-119.8499
NV	Round Hill Village	38.9965	-119.9175
NV	Ruhenstroth	38.8913	-119.6833
NV	Ruth	39.2793	-114.99
NV	Sandy Valley	35.8421	-115.6305
NV	Schurz	38.9794	-118.8334
NV	Searchlight	35.4554	-114.9204
NV	Silver City	39.2639	-119.6357
NV	Silver Peak	37.7577	-117.6386
NV	Silver Springs	39.3835	-119.2146
NV	Skyland	39.0273	-119.9192
NV	Smith Valley	38.7869	-119.3687
NV	Spanish Springs	39.655	-119.6688
NV	Sparks	39.5743	-119.7152
NV	Spring Creek	40.7441	-115.598
NV	Spring Valley	36.0952	-115.2636
NV	Stagecoach	39.3656	-119.3832
NV	Stateline	38.9687	-119.9445
NV	Summerlin South	36.1242	-115.3324
NV	Sun Valley	39.6103	-119.7771
NV	Sunrise Manor	36.1783	-115.0487
NV	Sutcliffe	39.9461	-119.6305
NV	Tonopah	38.0822	-117.2246
NV	Topaz Lake	38.6987	-119.5416
NV	Topaz Ranch Estates	38.7357	-119.5008
NV	Unionville	40.4468	-118.1231
NV	Ursine	37.9773	-114.2289
NV	Valmy	40.7908	-117.1269
NV	Verdi	39.5214	-119.9839
NV	Virginia City	39.3075	-119.6483
NV	Wadsworth	39.6322	-119.289
NV	Walker Lake	38.6458	-118.7563
NV	Washoe Valley	39.2923	-119.7768
NV	Wells	41.1132	-114.9535
NV	West Wendover	40.7403	-114.0786
NV	Whitney	36.1008	-115.0379
NV	Winchester	36.1365	-115.1371
NV	Winnemucca	40.9644	-117.7246
NV	Yerington	38.9555	-119.1101
NV	Zephyr Cove	39.0133	-119.9236
NY	Accord	41.8015	-74.2303
NY	Adams	43.8102	-76.023
NY	Adams Center	43.87	-75.9887
NY	Addison	42.1063	-77.232
NY	Afton	42.2292	-75.5247
NY	Airmont	41.0992	-74.0979
NY	Akron	43.018	-78.4978
NY	Akwesasne	44.9686	-74.666
NY	Albany	42.6657	-73.7984
NY	Albertson	40.7716	-73.6482
NY	Albion	43.246	-78.1902
NY	Alden	42.8989	-78.4946
NY	Alexander	42.902	-78.2591
NY	Alexandria Bay	44.3372	-75.9227
NY	Alfred	42.2543	-77.7896
NY	Allegany	42.0906	-78.4896
NY	Almond	42.3193	-77.7386
NY	Altamont	42.7053	-74.0336
NY	Altmar	43.5124	-76.0056
NY	Altona	44.8901	-73.6596
NY	Amagansett	40.9834	-72.1301
NY	Amenia	41.8482	-73.5556
NY	Ames	42.8375	-74.6017
NY	Amityville	40.6698	-73.4158
NY	Amsterdam	42.9416	-74.1906
NY	Andes	42.1876	-74.7803
NY	Andover	42.157	-77.7961
NY	Angelica	42.3055	-78.0206
NY	Angola	42.6379	-79.0295
NY	Angola on the Lake	42.655	-79.0522
NY	Antwerp	44.1995	-75.609
NY	Apalachin	42.0638	-76.1568
NY	Aquebogue	40.944	-72.6154
NY	Arcade	42.5317	-78.4399
NY	Ardsley	41.0135	-73.8393
NY	Argyle	43.2363	-73.4907
NY	Arkport	42.3926	-77.6955
NY	Arlington	41.6965	-73.8989
NY	Armonk	41.1335	-73.7193
NY	Asharoken	40.9393	-73.3851
NY	Athens	42.271	-73.8159
NY	Atlantic Beach	40.5861	-73.7251
NY	Attica	42.8639	-78.2797
NY	Au Sable Forks	44.4547	-73.6709
NY	Auburn	42.9338	-76.5672
NY	Aurora	42.7522	-76.6984
NY	Averill Park	42.6444	-73.5538
NY	Avoca	42.4149	-77.4248
NY	Avon	42.9128	-77.7465
NY	Babylon	40.6937	-73.326
NY	Bainbridge	42.3018	-75.4798
NY	Baiting Hollow	40.9628	-72.7443
NY	Baldwin	40.6501	-73.6077
NY	Baldwinsville	43.1597	-76.3385
NY	Ballston Spa	43.0056	-73.8545
NY	Balmville	41.5279	-74.0246
NY	Bard College	42.0228	-73.9094
NY	Bardonia	41.114	-73.9793
NY	Barker	43.3283	-78.5535
NY	Barneveld	43.2745	-75.1877
NY	Barnum Island	40.6049	-73.6431
NY	Barrytown	42.0001	-73.926
NY	Barryville	41.4813	-74.9168
NY	Batavia	42.9986	-78.1808
NY	Bath	42.3361	-77.3169
NY	Baxter Estates	40.8338	-73.6948
NY	Bay Park	40.6318	-73.6685
NY	Bay Shore	40.7294	-73.2501
NY	Bayport	40.746	-73.0564
NY	Bayville	40.9073	-73.5612
NY	Baywood	40.7534	-73.2899
NY	Beacon	41.5032	-73.9647
NY	Beaver Dam Lake	41.439	-74.1259
NY	Bedford	41.1869	-73.6574
NY	Bedford Hills	41.2406	-73.6881
NY	Belfast	42.3413	-78.1185
NY	Belle Terre	40.9607	-73.0673
NY	Bellerose	40.7243	-73.7167
NY	Bellerose Terrace	40.7221	-73.7252
NY	Belleville	43.793	-76.1152
NY	Bellmore	40.6602	-73.5266
NY	Bellport	40.751	-72.9413
NY	Belmont	42.2201	-78.0308
NY	Bemus Point	42.1632	-79.3895
NY	Bergen	43.0826	-77.9425
NY	Bethpage	40.7495	-73.4855
NY	Big Flats	42.1636	-76.9087
NY	Billington Heights	42.785	-78.6266
NY	Binghamton	42.1013	-75.9094
NY	Binghamton University	42.0891	-75.9685
NY	Black River	44.0095	-75.7965
NY	Blasdell	42.7965	-78.8324
NY	Blauvelt	41.0682	-73.9549
NY	Bliss	42.5801	-78.2538
NY	Blodgett Mills	42.5665	-76.1329
NY	Bloomfield	42.8991	-77.4241
NY	Bloomingburg	41.5519	-74.4438
NY	Bloomville	42.3344	-74.8228
NY	Blue Point	40.7516	-73.035
NY	Bohemia	40.777	-73.1351
NY	Bolivar	42.0684	-78.1662
NY	Bolton Landing	43.564	-73.6525
NY	Boonville	43.4809	-75.3296
NY	Brasher Falls	44.814	-74.7889
NY	Breesport	42.184	-76.7359
NY	Brentwood	40.7839	-73.2522
NY	Brewerton	43.2324	-76.1448
NY	Brewster	41.3962	-73.6163
NY	Brewster Heights	41.4073	-73.6286
NY	Brewster Hill	41.4213	-73.6069
NY	Briarcliff Manor	41.1403	-73.8475
NY	Bridgehampton	40.9411	-72.3057
NY	Bridgeport	43.1592	-75.9639
NY	Bridgeville	41.631	-74.6276
NY	Bridgewater	42.8787	-75.252
NY	Brighton	43.1185	-77.581
NY	Brightwaters	40.7164	-73.2615
NY	Brinckerhoff	41.5535	-73.8629
NY	Broadalbin	43.0555	-74.1954
NY	Brockport	43.2133	-77.9408
NY	Brocton	42.3897	-79.4428
NY	Bronxville	40.9395	-73.8264
NY	Brookhaven	40.7767	-72.9078
NY	Brooktondale	42.382	-76.397
NY	Brookville	40.8079	-73.5701
NY	Brownville	44.0053	-75.9831
NY	Brushton	44.8307	-74.5119
NY	Buchanan	41.2632	-73.945
NY	Buffalo	42.8925	-78.8597
NY	Burdett	42.4169	-76.844
NY	Burke	44.9031	-74.17
NY	Burlington Flats	42.7403	-75.1843
NY	Busti	42.0423	-79.2789
NY	Byersville	42.5839	-77.7915
NY	Cadyville	44.6985	-73.6534
NY	Cairo	42.3052	-74.0118
NY	Calcium	44.0409	-75.8494
NY	Caledonia	42.9755	-77.8571
NY	Callicoon	41.7659	-75.0579
NY	Calverton	40.9199	-72.7734
NY	Cambridge	43.028	-73.3813
NY	Camden	43.3365	-75.7477
NY	Camillus	43.0387	-76.3099
NY	Campbell	42.235	-77.1937
NY	Canajoharie	42.8991	-74.5679
NY	Canandaigua	42.889	-77.2803
NY	Canaseraga	42.4618	-77.7773
NY	Canastota	43.0841	-75.7555
NY	Candor	42.2284	-76.3367
NY	Canisteo	42.2704	-77.6057
NY	Canton	44.6	-75.1666
NY	Cape Vincent	44.1232	-76.3307
NY	Captree	40.6461	-73.2571
NY	Carle Place	40.7499	-73.6124
NY	Carmel	41.403	-73.685
NY	Caroga Lake	43.134	-74.4814
NY	Carthage	43.9829	-75.603
NY	Cassadaga	42.3416	-79.317
NY	Castile	42.6311	-78.0526
NY	Castleton-on-Hudson	42.5366	-73.7479
NY	Castorland	43.8862	-75.5165
NY	Cato	43.1656	-76.5675
NY	Catskill	42.2149	-73.8587
NY	Cattaraugus	42.3298	-78.8675
NY	Cayuga	42.9195	-76.728
NY	Cayuga Heights	42.4677	-76.4884
NY	Cazenovia	42.9279	-75.8513
NY	Cedarhurst	40.6252	-73.7278
NY	Celoron	42.1052	-79.2777
NY	Cementon	42.1357	-73.9193
NY	Center Moriches	40.7993	-72.7965
NY	Centereach	40.8681	-73.0821
NY	Centerport	40.9024	-73.3714
NY	Central Bridge	42.7127	-74.3495
NY	Central Islip	40.7836	-73.1945
NY	Central Square	43.286	-76.1419
NY	Centre Island	40.8985	-73.5219
NY	Chadwicks	43.0291	-75.271
NY	Champlain	44.9883	-73.4324
NY	Chappaqua	41.1559	-73.7683
NY	Chateaugay	44.9266	-74.0804
NY	Chatham	42.3618	-73.5979
NY	Chaumont	44.0684	-76.1327
NY	Chautauqua	42.2101	-79.469
NY	Chazy	44.8909	-73.4292
NY	Cheektowaga	42.909	-78.7508
NY	Chelsea Cove	41.6132	-73.747
NY	Chenango Bridge	42.1714	-75.8577
NY	Cherry Creek	42.2958	-79.1009
NY	Cherry Valley	42.7982	-74.7522
NY	Chester	41.3569	-74.2769
NY	Chestertown	43.6431	-73.7835
NY	Chestnut Ridge	41.0849	-74.0481
NY	Chittenango	43.0461	-75.8748
NY	Churchville	43.1023	-77.8816
NY	Clarence	42.9757	-78.5953
NY	Clarence Center	43.0084	-78.6308
NY	Clark Mills	43.0846	-75.3761
NY	Clarkson	43.2398	-77.9162
NY	Claverack-Red Mills	42.2295	-73.7223
NY	Clayton	44.2375	-76.0827
NY	Clayville	42.978	-75.2507
NY	Cleveland	43.24	-75.8842
NY	Clifton Gardens	42.8471	-73.7826
NY	Clifton Knolls-Mill Creek	42.8507	-73.8064
NY	Clifton Springs	42.9608	-77.1348
NY	Clinton	43.0489	-75.3785
NY	Clintondale	41.6903	-74.0427
NY	Clyde	43.0842	-76.8704
NY	Cobleskill	42.679	-74.4852
NY	Cohocton	42.4999	-77.5
NY	Cohoes	42.7729	-73.7078
NY	Cold Brook	43.2399	-75.0389
NY	Cold Spring	41.4192	-73.9547
NY	Cold Spring Harbor	40.8643	-73.4564
NY	Colonie	42.7209	-73.8317
NY	Colton	44.5651	-74.9467
NY	Commack	40.8434	-73.2833
NY	Conesus	42.7263	-77.6697
NY	Conesus Lake	42.8022	-77.7011
NY	Congers	41.1491	-73.9464
NY	Constableville	43.5647	-75.4277
NY	Constantia	43.2586	-76.009
NY	Coopers Plains	42.1793	-77.1375
NY	Cooperstown	42.6989	-74.9307
NY	Copake	42.1048	-73.5547
NY	Copake Falls	42.1202	-73.5247
NY	Copake Lake	42.1472	-73.5976
NY	Copenhagen	43.8933	-75.6726
NY	Copiague	40.6704	-73.3928
NY	Coram	40.8812	-73.0059
NY	Corfu	42.9612	-78.4026
NY	Corinth	43.2457	-73.8303
NY	Corning	42.1482	-77.0564
NY	Cornwall-on-Hudson	41.4335	-74.0151
NY	Cortland	42.6009	-76.1791
NY	Cortland West	42.5942	-76.2259
NY	Country Knolls	42.9087	-73.8073
NY	Cove Neck	40.8858	-73.4973
NY	Coxsackie	42.3576	-73.808
NY	Cragsmoor	41.6655	-74.3912
NY	Cranberry Lake	44.1809	-74.8683
NY	Crest View Heights	42.0757	-76.1234
NY	Croghan	43.8943	-75.3915
NY	Crompond	41.2953	-73.84
NY	Croton-on-Hudson	41.2097	-73.9012
NY	Crown Heights	41.6417	-73.9287
NY	Crugers	41.2313	-73.9258
NY	Crystal Beach	42.8098	-77.2583
NY	Cuba	42.2183	-78.2752
NY	Cumberland Head	44.7177	-73.398
NY	Cumminsville	42.5705	-77.7189
NY	Cutchogue	41.0212	-72.487
NY	Cuylerville	42.7777	-77.8738
NY	Dalton	42.5422	-77.9519
NY	Danby	42.3566	-76.4668
NY	Dannemora	44.7197	-73.7185
NY	Dansville	42.5625	-77.6969
NY	Davenport Center	42.4451	-74.9112
NY	De Witt	43.0281	-76.0864
NY	DeKalb Junction	44.5121	-75.2977
NY	DeRuyter	42.7587	-75.8867
NY	Deer Park	40.7614	-73.3217
NY	Deferiet	44.0365	-75.6824
NY	Delanson	42.7481	-74.1824
NY	Delevan	42.4913	-78.4796
NY	Delhi	42.2774	-74.9155
NY	Depauville	44.1424	-76.0452
NY	Depew	42.9118	-78.7044
NY	Deposit	42.0642	-75.4229
NY	Dering Harbor	41.0922	-72.3413
NY	Dexter	44.0112	-76.043
NY	Dix Hills	40.8033	-73.3375
NY	Dobbs Ferry	41.01	-73.8686
NY	Dolgeville	43.1067	-74.78
NY	Dover Plains	41.7393	-73.573
NY	Downsville	42.0846	-74.9977
NY	Dresden	42.6839	-76.957
NY	Dryden	42.4908	-76.3014
NY	Duane Lake	42.7522	-74.1073
NY	Duanesburg	42.7634	-74.1331
NY	Dundee	42.5236	-76.9774
NY	Dunkirk	42.4806	-79.3329
NY	Durhamville	43.1226	-75.665
NY	Eagle Bay	43.7686	-74.8174
NY	Earlville	42.7401	-75.5436
NY	East Atlantic Beach	40.5856	-73.7122
NY	East Aurora	42.7668	-78.617
NY	East Avon	42.9128	-77.7073
NY	East Durham	42.3657	-74.0925
NY	East Farmingdale	40.7367	-73.4114
NY	East Frankfort	43.017	-75.0648
NY	East Glenville	42.864	-73.9289
NY	East Greenbush	42.5952	-73.705
NY	East Hampton	40.9515	-72.1961
NY	East Hampton North	40.9728	-72.1891
NY	East Herkimer	43.0315	-74.9642
NY	East Hills	40.7958	-73.6292
NY	East Islip	40.7262	-73.1873
NY	East Ithaca	42.4245	-76.4587
NY	East Kingston	41.9509	-73.9746
NY	East Marion	41.1353	-72.3352
NY	East Massapequa	40.6762	-73.4371
NY	East Meadow	40.7201	-73.5589
NY	East Moriches	40.8088	-72.7566
NY	East Nassau	42.539	-73.505
NY	East Northport	40.8791	-73.3232
NY	East Norwich	40.8495	-73.5289
NY	East Patchogue	40.77	-72.9818
NY	East Quogue	40.8459	-72.5754
NY	East Randolph	42.1681	-78.9572
NY	East Rochester	43.1122	-77.4872
NY	East Rockaway	40.6438	-73.6671
NY	East Setauket	40.921	-73.0937
NY	East Shoreham	40.9502	-72.8754
NY	East Syracuse	43.0638	-76.0698
NY	East Williston	40.7608	-73.6336
NY	East Worcester	42.6284	-74.6743
NY	Eastchester	40.9583	-73.8075
NY	Eastport	40.8351	-72.7351
NY	Eatons Neck	40.931	-73.4018
NY	Eden	42.6523	-78.9013
NY	Edmeston	42.6989	-75.2523
NY	Edwards	44.3203	-75.2494
NY	Eggertsville	42.9665	-78.8072
NY	Elba	43.0768	-78.1889
NY	Elbridge	43.0379	-76.4424
NY	Eldred	41.5268	-74.8788
NY	Elizabethtown	44.2261	-73.5889
NY	Ellenville	41.7047	-74.3622
NY	Ellicottville	42.2749	-78.6723
NY	Ellisburg	43.7351	-76.1344
NY	Elma Center	42.8282	-78.6343
NY	Elmira	42.0934	-76.8096
NY	Elmira Heights	42.1267	-76.8256
NY	Elmont	40.6992	-73.7062
NY	Elmsford	41.0541	-73.8143
NY	Elwood	40.8462	-73.3389
NY	Endicott	42.0975	-76.0634
NY	Endwell	42.1229	-76.0236
NY	Erin	42.1841	-76.6717
NY	Esperance	42.7646	-74.2574
NY	Evans Mills	44.087	-75.8078
NY	Fabius	42.8347	-75.9848
NY	Fair Haven	43.3232	-76.7047
NY	Fairmount	43.0414	-76.2485
NY	Fairport	43.0995	-77.4431
NY	Fairview	41.7321	-73.9124
NY	Falconer	42.1191	-79.1969
NY	Fallsburg	41.739	-74.6139
NY	Farmingdale	40.7328	-73.4468
NY	Farmingville	40.839	-73.0405
NY	Farnham	42.5951	-79.0809
NY	Fayetteville	43.0308	-75.9984
NY	Felts Mills	44.0124	-75.7701
NY	Fillmore	42.4659	-78.1105
NY	Fire Island	40.6371	-73.2033
NY	Firthcliffe	41.442	-74.0331
NY	Fishers Island	41.2677	-71.9928
NY	Fishers Landing	44.2811	-76.0082
NY	Fishkill	41.5339	-73.8931
NY	Flanders	40.8888	-72.6042
NY	Fleischmanns	42.1549	-74.5348
NY	Floral Park	40.722	-73.7028
NY	Florida	41.3306	-74.3542
NY	Flower Hill	40.8075	-73.6756
NY	Fly Creek	42.7194	-74.9842
NY	Fonda	42.9534	-74.3729
NY	Forest Home	42.4519	-76.4685
NY	Forestville	42.4691	-79.1755
NY	Fort Ann	43.4157	-73.4905
NY	Fort Covington	44.9758	-74.4999
NY	Fort Drum	44.0447	-75.7878
NY	Fort Edward	43.2686	-73.5826
NY	Fort Johnson	42.958	-74.2363
NY	Fort Montgomery	41.3429	-73.9872
NY	Fort Plain	42.9327	-74.6268
NY	Fort Salonga	40.9114	-73.2956
NY	Fowlerville	42.894	-77.8481
NY	Frankfort	43.0378	-75.0716
NY	Franklin	42.3408	-75.168
NY	Franklin Square	40.7002	-73.6775
NY	Franklinville	42.3347	-78.4548
NY	Fredonia	42.4407	-79.3319
NY	Freedom Plains	41.6654	-73.7986
NY	Freeport	40.6509	-73.5846
NY	Freeville	42.5084	-76.3472
NY	Frewsburg	42.0561	-79.1337
NY	Friendship	42.2056	-78.1418
NY	Fulton	43.3192	-76.4197
NY	Fultonville	42.9462	-74.3698
NY	Gainesville	42.6416	-78.1346
NY	Galeville	43.0867	-76.1878
NY	Galway	43.0185	-74.0318
NY	Gananda	43.1262	-77.3375
NY	Gang Mills	42.1604	-77.1276
NY	Garden City	40.7258	-73.6454
NY	Garden City Park	40.7429	-73.6633
NY	Garden City South	40.7122	-73.6605
NY	Gardiner	41.6795	-74.1479
NY	Gardnertown	41.5396	-74.0572
NY	Garrattsville	42.6524	-75.1691
NY	Gasport	43.1893	-78.5847
NY	Gates	43.1564	-77.6924
NY	Geneseo	42.799	-77.8095
NY	Geneva	42.8635	-76.9827
NY	Germantown	42.1359	-73.888
NY	Ghent	42.3235	-73.6194
NY	Gilbertsville	42.4693	-75.3226
NY	Gilgo	40.6362	-73.3838
NY	Glasco	42.046	-73.9467
NY	Glen Aubrey	42.2623	-76.0003
NY	Glen Cove	40.8848	-73.6448
NY	Glen Head	40.8449	-73.618
NY	Glen Park	44.0031	-75.9584
NY	Glens Falls	43.3112	-73.6453
NY	Glens Falls North	43.3348	-73.6838
NY	Glenwood Landing	40.8295	-73.6377
NY	Gloversville	43.0492	-74.3458
NY	Golden's Bridge	41.2902	-73.6704
NY	Gordon Heights	40.8636	-72.9621
NY	Gorham	42.8003	-77.1358
NY	Goshen	41.4016	-74.3269
NY	Gouverneur	44.3366	-75.466
NY	Gowanda	42.4604	-78.9345
NY	Grahamsville	41.8528	-74.5523
NY	Grand View-on-Hudson	41.0629	-73.9209
NY	Grandyle Village	42.9885	-78.9546
NY	Granville	43.4134	-73.2645
NY	Great Bend	44.0168	-75.7002
NY	Great Neck	40.8024	-73.7331
NY	Great Neck Estates	40.7865	-73.7402
NY	Great Neck Gardens	40.797	-73.7225
NY	Great Neck Plaza	40.7869	-73.7262
NY	Great River	40.7135	-73.176
NY	Greece	43.2095	-77.7026
NY	Green Island	42.7479	-73.6925
NY	Greene	42.3301	-75.7677
NY	Greenlawn	40.8635	-73.3658
NY	Greenport	41.1024	-72.3668
NY	Greenport West	41.0902	-72.3846
NY	Greenvale	40.812	-73.6263
NY	Greenville	42.4138	-74.0203
NY	Greenwich	43.0865	-73.4967
NY	Greenwood Lake	41.2211	-74.2876
NY	Greigsville	42.8307	-77.9014
NY	Groton	42.5834	-76.3599
NY	Groveland Station	42.6634	-77.7667
NY	Guilford	42.4073	-75.4854
NY	Hadley	43.3125	-73.8467
NY	Hagaman	42.9707	-74.1598
NY	Hailesboro	44.3116	-75.433
NY	Haines Falls	42.197	-74.1009
NY	Halesite	40.8863	-73.4125
NY	Hall	42.7965	-77.068
NY	Hamburg	42.7234	-78.8348
NY	Hamilton	42.8285	-75.553
NY	Hamilton College	43.0527	-75.4077
NY	Hamlin	43.3023	-77.9217
NY	Hammond	44.4464	-75.6935
NY	Hammondsport	42.4087	-77.2229
NY	Hampton Bays	40.8647	-72.5181
NY	Hampton Manor	42.6206	-73.7301
NY	Hancock	41.953	-75.2821
NY	Hankins	41.8232	-75.0842
NY	Hannawa Falls	44.6007	-74.9754
NY	Hannibal	43.3194	-76.5777
NY	Harbor Hills	40.7886	-73.749
NY	Harbor Isle	40.6025	-73.6647
NY	Harriman	41.3091	-74.1441
NY	Harris Hill	42.973	-78.6793
NY	Harrison	41.0235	-73.7193
NY	Hartsdale	41.0154	-73.8036
NY	Hartwick	42.6586	-75.0611
NY	Hartwick Seminary	42.6522	-74.9602
NY	Hastings-on-Hudson	40.988	-73.8812
NY	Hauppauge	40.8224	-73.2107
NY	Haverstraw	41.1782	-73.9433
NY	Haviland	41.7646	-73.8979
NY	Hawthorne	41.1034	-73.7969
NY	Head of the Harbor	40.8977	-73.1615
NY	Hemlock	42.7938	-77.6074
NY	Hempstead	40.7044	-73.6194
NY	Henderson	43.848	-76.185
NY	Heritage Hills	41.3397	-73.7007
NY	Herkimer	43.0281	-74.9933
NY	Hermon	44.4671	-75.2312
NY	Herricks	40.7567	-73.6635
NY	Herrings	44.0231	-75.6493
NY	Heuvelton	44.6164	-75.4
NY	Hewlett	40.642	-73.6944
NY	Hewlett Bay Park	40.6351	-73.6958
NY	Hewlett Harbor	40.6336	-73.6859
NY	Hewlett Neck	40.6248	-73.6971
NY	Hicksville	40.7641	-73.5248
NY	High Falls	41.8255	-74.1203
NY	Highland	41.7215	-73.9621
NY	Highland Falls	41.3646	-73.9689
NY	Highland-on-the-Lake	42.7017	-78.9824
NY	Hillburn	41.1272	-74.1705
NY	Hillcrest	41.1298	-74.035
NY	Hillside	41.919	-74.0337
NY	Hillside Lake	41.6158	-73.797
NY	Hilton	43.29	-77.7926
NY	Hobart	42.3722	-74.6685
NY	Holbrook	40.7944	-73.07
NY	Holland	42.6375	-78.5518
NY	Holland Patent	43.2411	-75.2566
NY	Holley	43.2247	-78.0292
NY	Holtsville	40.8124	-73.0447
NY	Homer	42.6372	-76.1854
NY	Honeoye	42.7886	-77.5125
NY	Honeoye Falls	42.9547	-77.5911
NY	Hoosick Falls	42.9009	-73.35
NY	Hopewell Junction	41.5802	-73.8116
NY	Hornell	42.333	-77.6632
NY	Horseheads	42.1686	-76.8297
NY	Horseheads North	42.1966	-76.8047
NY	Hortonville	41.7661	-75.022
NY	Houghton	42.4283	-78.1726
NY	Hudson	42.2519	-73.786
NY	Hudson Falls	43.3047	-73.5816
NY	Hunt	42.5476	-77.9912
NY	Hunter	42.2105	-74.2154
NY	Huntington	40.8754	-73.4058
NY	Huntington Bay	40.9036	-73.4121
NY	Huntington Station	40.8445	-73.4048
NY	Hurley	41.9102	-74.0622
NY	Hurleyville	41.7419	-74.6754
NY	Hyde Park	41.7836	-73.9347
NY	Ilion	43.0113	-75.0397
NY	Interlaken	42.6178	-76.7255
NY	Inwood	40.6213	-73.757
NY	Irondequoit	43.2098	-77.5721
NY	Irvington	41.0343	-73.867
NY	Island Park	40.6052	-73.6553
NY	Islandia	40.8069	-73.1711
NY	Islip	40.7303	-73.2161
NY	Islip Terrace	40.7503	-73.1869
NY	Ithaca	42.4439	-76.5031
NY	Jacksonville	42.5061	-76.6188
NY	Jamesport	40.961	-72.5832
NY	Jamestown	42.0976	-79.2361
NY	Jamestown West	42.0885	-79.281
NY	Jefferson	42.4782	-74.6033
NY	Jefferson Heights	42.2356	-73.8821
NY	Jefferson Valley-Yorktown	41.3187	-73.7999
NY	Jeffersonville	41.7775	-74.9259
NY	Jericho	40.7874	-73.5416
NY	Johnson City	42.1253	-75.9634
NY	Johnstown	43.0073	-74.3751
NY	Jordan	43.0671	-76.4729
NY	Kaser	41.1213	-74.0686
NY	Katonah	41.2551	-73.6852
NY	Kauneonga Lake	41.6893	-74.8331
NY	Keeseville	44.5041	-73.4811
NY	Kenmore	42.9646	-78.8713
NY	Kennedy	42.1589	-79.0983
NY	Kensington	40.7931	-73.7222
NY	Kerhonkson	41.7826	-74.2754
NY	Keuka Park	42.6125	-77.0924
NY	Kiamesha Lake	41.6808	-74.6686
NY	Kinderhook	42.3944	-73.7038
NY	Kings Park	40.887	-73.2456
NY	Kings Point	40.8179	-73.7393
NY	Kingston	41.9301	-73.9968
NY	Kiryas Joel	41.3407	-74.1673
NY	Kysorville	42.6528	-77.7949
NY	La Fargeville	44.1933	-75.9546
NY	Lackawanna	42.8184	-78.8328
NY	Lacona	43.6427	-76.0661
NY	Lake Carmel	41.4627	-73.6633
NY	Lake Delta	43.2868	-75.4691
NY	Lake Erie Beach	42.6242	-79.0786
NY	Lake George	43.4259	-73.7152
NY	Lake Grove	40.8578	-73.1168
NY	Lake Huntington	41.68	-74.9942
NY	Lake Katrine	41.9852	-73.9898
NY	Lake Luzerne	43.3299	-73.8435
NY	Lake Mohegan	41.3188	-73.8481
NY	Lake Placid	44.2842	-73.9864
NY	Lake Ronkonkoma	40.8303	-73.1133
NY	Lake Success	40.7639	-73.7111
NY	Lakeland	43.0909	-76.2426
NY	Lakeview	40.6777	-73.6497
NY	Lakeville	42.8368	-77.7032
NY	Lakewood	42.0991	-79.3201
NY	Lancaster	42.9006	-78.6688
NY	Lansing	42.4901	-76.4865
NY	Larchmont	40.926	-73.752
NY	Latham	42.7422	-73.7504
NY	Lattingtown	40.8946	-73.5953
NY	Laurel	40.9729	-72.5545
NY	Laurel Hollow	40.8567	-73.4775
NY	Laurens	42.5313	-75.0887
NY	Lawrence	40.6029	-73.7144
NY	Le Roy	42.978	-77.9909
NY	Leeds	42.2554	-73.8935
NY	Leicester	42.7709	-77.8969
NY	Levittown	40.724	-73.5127
NY	Lewiston	43.1719	-79.0407
NY	Liberty	41.7966	-74.7432
NY	Lido Beach	40.5891	-73.6043
NY	Lima	42.9069	-77.6123
NY	Lime Lake	42.433	-78.4847
NY	Limestone	42.0173	-78.6313
NY	Lincoln Park	41.958	-74.0048
NY	Lincolndale	41.3353	-73.7267
NY	Lindenhurst	40.6858	-73.3716
NY	Linwood	42.8967	-77.9476
NY	Lisle	42.3491	-76.0055
NY	Little Falls	43.0448	-74.8567
NY	Little Valley	42.2494	-78.7988
NY	Liverpool	43.1056	-76.2097
NY	Livingston Manor	41.8872	-74.8236
NY	Livonia	42.8219	-77.6688
NY	Livonia Center	42.8211	-77.642
NY	Lloyd Harbor	40.9215	-73.4434
NY	Loch Sheldrake	41.7752	-74.6596
NY	Lockport	43.1695	-78.6958
NY	Locust Valley	40.8781	-73.5893
NY	Lodi	42.6134	-76.822
NY	Long Beach	40.5858	-73.6654
NY	Long Lake	43.9675	-74.4269
NY	Lorenz Park	42.27	-73.776
NY	Lorraine	43.7655	-75.9522
NY	Loudonville	42.7097	-73.7631
NY	Lowville	43.7866	-75.4878
NY	Lynbrook	40.6579	-73.6742
NY	Lyncourt	43.0821	-76.1264
NY	Lyndonville	43.3213	-78.3889
NY	Lyon Mountain	44.7183	-73.8663
NY	Lyons	43.0635	-76.991
NY	Lyons Falls	43.617	-75.3616
NY	MacDonnell Heights	41.7165	-73.8606
NY	Macedon	43.0648	-77.3003
NY	Machias	42.4136	-78.4871
NY	Madison	42.8977	-75.5123
NY	Madrid	44.7474	-75.1294
NY	Mahopac	41.3697	-73.7407
NY	Malden-on-Hudson	42.0932	-73.9365
NY	Malone	44.8482	-74.2896
NY	Malverne	40.6745	-73.6721
NY	Malverne Park Oaks	40.6817	-73.6644
NY	Mamaroneck	40.9365	-73.7261
NY	Manchester	42.9681	-77.2316
NY	Manhasset	40.785	-73.6949
NY	Manhasset Hills	40.7591	-73.6809
NY	Manlius	43.0014	-75.9822
NY	Mannsville	43.7178	-76.0668
NY	Manorhaven	40.8389	-73.7108
NY	Manorville	40.8623	-72.7875
NY	Marathon	42.4448	-76.0362
NY	Marcellus	42.9837	-76.3405
NY	Marcy	43.1314	-75.2557
NY	Margaretville	42.1453	-74.6507
NY	Mariaville Lake	42.8248	-74.1303
NY	Marion	43.142	-77.194
NY	Marist College	41.7222	-73.9333
NY	Marlboro	41.6038	-73.9772
NY	Massapequa	40.6683	-73.4715
NY	Massapequa Park	40.6809	-73.4497
NY	Massena	44.929	-74.893
NY	Mastic	40.8097	-72.848
NY	Mastic Beach	40.7657	-72.8367
NY	Matinecock	40.8594	-73.5805
NY	Mattituck	41.0073	-72.5435
NY	Mattydale	43.0992	-76.1388
NY	Maybrook	41.488	-74.2125
NY	Mayfield	43.1019	-74.266
NY	Mayville	42.2531	-79.5019
NY	McGraw	42.5938	-76.0975
NY	McLean	42.5488	-76.2923
NY	Mechanicstown	41.4476	-74.3921
NY	Mechanicville	42.9041	-73.6889
NY	Medford	40.822	-72.9859
NY	Medina	43.2197	-78.3879
NY	Melrose Park	42.9056	-76.5141
NY	Melville	40.7824	-73.4088
NY	Menands	42.6912	-73.7262
NY	Meridian	43.163	-76.5382
NY	Merrick	40.6532	-73.552
NY	Merritt Park	41.5385	-73.8724
NY	Mexico	43.4652	-76.2326
NY	Middle Island	40.8925	-72.9512
NY	Middleburgh	42.598	-74.3298
NY	Middleport	43.2117	-78.4757
NY	Middletown	41.4449	-74.4236
NY	Middleville	43.1389	-74.9702
NY	Milford	42.5905	-74.9469
NY	Mill Neck	40.8821	-73.559
NY	Millbrook	41.7849	-73.6921
NY	Miller Place	40.9431	-72.9933
NY	Millerton	41.9555	-73.5131
NY	Millport	42.2681	-76.8362
NY	Millwood	41.2028	-73.793
NY	Milton	41.6562	-73.9696
NY	Mineola	40.747	-73.6394
NY	Minetto	43.402	-76.481
NY	Mineville	44.0929	-73.5214
NY	Minoa	43.0742	-76.0083
NY	Mohawk	43.0094	-75.0071
NY	Mongaup Valley	41.6803	-74.7799
NY	Monroe	41.3177	-74.1857
NY	Monsey	41.1095	-74.077
NY	Montauk	41.0475	-71.9464
NY	Montebello	41.1308	-74.1101
NY	Montgomery	41.5213	-74.2387
NY	Monticello	41.6525	-74.6878
NY	Montour Falls	42.3487	-76.8487
NY	Montrose	41.2389	-73.9438
NY	Mooers	44.9636	-73.5955
NY	Moravia	42.7121	-76.4231
NY	Moriches	40.8054	-72.827
NY	Morris	42.5481	-75.2453
NY	Morrisonville	44.6937	-73.5589
NY	Morrisville	42.8987	-75.6448
NY	Mount Ivy	41.1927	-74.0296
NY	Mount Kisco	41.2017	-73.7283
NY	Mount Morris	42.7237	-77.8752
NY	Mount Sinai	40.9418	-73.0202
NY	Mount Vernon	40.9131	-73.8293
NY	Mount Vision	42.5831	-75.0517
NY	Mountain Dale	41.6913	-74.5206
NY	Mountain Lodge Park	41.3865	-74.1418
NY	Munnsville	42.9765	-75.5865
NY	Munsey Park	40.799	-73.6799
NY	Munsons Corners	42.5738	-76.2021
NY	Muttontown	40.8254	-73.5363
NY	Myers Corner	41.5845	-73.8837
NY	Nanuet	41.0955	-74.0159
NY	Napanoch	41.7526	-74.3719
NY	Napeague	40.9985	-72.0642
NY	Naples	42.6174	-77.4021
NY	Narrowsburg	41.6011	-75.0508
NY	Nassau	42.514	-73.6107
NY	Nassau Lake	42.5386	-73.6091
NY	Natural Bridge	44.0715	-75.5002
NY	Nazareth College	43.1031	-77.5193
NY	Nedrow	42.978	-76.1416
NY	Nelliston	42.9327	-74.6076
NY	Nelsonville	41.4295	-73.9499
NY	Nesconset	40.8469	-73.152
NY	New Baltimore	42.4504	-73.795
NY	New Berlin	42.624	-75.3353
NY	New Cassel	40.7602	-73.5649
NY	New City	41.1522	-73.9904
NY	New Hackensack	41.6196	-73.86
NY	New Hamburg	41.5886	-73.9412
NY	New Hartford	43.071	-75.2886
NY	New Hempstead	41.1457	-74.051
NY	New Hyde Park	40.7323	-73.6859
NY	New Paltz	41.7499	-74.0797
NY	New Rochelle	40.9232	-73.7793
NY	New Square	41.141	-74.0294
NY	New Suffolk	40.9968	-72.4775
NY	New Windsor	41.4698	-74.0318
NY	New York	40.6627	-73.9387
NY	New York Mills	43.1007	-75.2931
NY	Newark	43.042	-77.094
NY	Newark Valley	42.2229	-76.1868
NY	Newburgh	41.5032	-74.0196
NY	Newfane	43.2857	-78.6939
NY	Newfield	42.3575	-76.5938
NY	Newport	43.1868	-75.016
NY	Niagara Falls	43.0928	-79.0147
NY	Niagara University	43.1372	-79.0351
NY	Nichols	42.02	-76.3704
NY	Niskayuna	42.8049	-73.8874
NY	Nissequogue	40.9027	-73.1862
NY	Niverville	42.4491	-73.6484
NY	Norfolk	44.7886	-74.988
NY	North Amityville	40.7005	-73.4119
NY	North Babylon	40.7315	-73.3249
NY	North Ballston Spa	43.0196	-73.8522
NY	North Bay	43.2285	-75.7444
NY	North Bay Shore	40.7602	-73.2617
NY	North Bellmore	40.6903	-73.539
NY	North Bellport	40.7868	-72.9457
NY	North Blenheim	42.4718	-74.4526
NY	North Boston	42.6773	-78.7793
NY	North Collins	42.5948	-78.9369
NY	North Creek	43.6913	-73.9855
NY	North Gates	43.1716	-77.7071
NY	North Granville	43.4515	-73.3581
NY	North Great River	40.7562	-73.1631
NY	North Haven	41.0233	-72.314
NY	North Hills	40.7764	-73.6778
NY	North Hornell	42.3454	-77.6605
NY	North Lindenhurst	40.7072	-73.386
NY	North Lynbrook	40.6686	-73.6736
NY	North Massapequa	40.703	-73.4691
NY	North Merrick	40.6884	-73.5606
NY	North New Hyde Park	40.7458	-73.6878
NY	North Patchogue	40.784	-73.0239
NY	North Rose	43.1872	-76.8864
NY	North Sea	40.9315	-72.406
NY	North Syracuse	43.1339	-76.1304
NY	North Tonawanda	43.0492	-78.8712
NY	North Valley Stream	40.6843	-73.7081
NY	North Wantagh	40.6939	-73.5164
NY	Northampton	40.8752	-72.6841
NY	Northeast Ithaca	42.4686	-76.4634
NY	Northport	40.904	-73.345
NY	Northville	40.9756	-72.6302
NY	Northwest Harbor	41.0138	-72.2204
NY	Northwest Ithaca	42.4585	-76.5351
NY	Norwich	42.5333	-75.5228
NY	Norwood	44.7483	-74.9967
NY	Noyack	40.9787	-72.346
NY	Nunda	42.58	-77.9379
NY	Nyack	41.093	-73.9152
NY	Oak Beach	40.6386	-73.2765
NY	Oakdale	40.7378	-73.1347
NY	Oakfield	43.065	-78.271
NY	Ocean Beach	40.6463	-73.1565
NY	Oceanside	40.633	-73.6377
NY	Odessa	42.335	-76.7881
NY	Ogdensburg	44.7092	-75.4633
NY	Olcott	43.3308	-78.7198
NY	Old Bethpage	40.7508	-73.4584
NY	Old Brookville	40.8365	-73.6051
NY	Old Field	40.9667	-73.131
NY	Old Forge	43.7064	-74.9691
NY	Old Westbury	40.7865	-73.5975
NY	Olean	42.0839	-78.4351
NY	Oneida	43.0704	-75.6736
NY	Oneida Castle	43.0812	-75.6331
NY	Oneonta	42.4548	-75.0669
NY	Ontario	43.218	-77.2806
NY	Orange Lake	41.5364	-74.0982
NY	Orangeburg	41.0487	-73.9408
NY	Orchard Park	42.7622	-78.7414
NY	Orient	41.1489	-72.2494
NY	Oriskany	43.1568	-75.3335
NY	Oriskany Falls	42.938	-75.4636
NY	Ossining	41.1535	-73.8706
NY	Oswego	43.4581	-76.5037
NY	Otego	42.3928	-75.1801
NY	Otisville	41.4714	-74.5397
NY	Otter Lake	43.5927	-75.1174
NY	Ovid	42.6756	-76.8229
NY	Owego	42.1046	-76.2622
NY	Oxbow	44.2884	-75.6264
NY	Oxford	42.4412	-75.5959
NY	Oyster Bay	40.8681	-73.5311
NY	Oyster Bay Cove	40.8605	-73.5054
NY	Painted Post	42.1638	-77.0924
NY	Palatine Bridge	42.9158	-74.5775
NY	Palenville	42.1857	-74.029
NY	Palmyra	43.0609	-77.2297
NY	Pamelia Center	44.0356	-75.9033
NY	Panama	42.0686	-79.4872
NY	Parc	44.6638	-73.4529
NY	Parish	43.4058	-76.1264
NY	Parishville	44.6297	-74.7927
NY	Patchogue	40.7637	-73.0198
NY	Paul Smiths	44.4334	-74.2508
NY	Pavilion	42.8823	-78.0219
NY	Pawling	41.5636	-73.5993
NY	Peach Lake	41.3705	-73.5769
NY	Pearl River	41.0616	-74.0078
NY	Peconic	41.0391	-72.4644
NY	Peekskill	41.2874	-73.9236
NY	Pelham	40.9111	-73.8077
NY	Pelham Manor	40.8931	-73.8059
NY	Penn Yan	42.6607	-77.0531
NY	Perry	42.7178	-78.0053
NY	Perrysburg	42.4585	-79.0011
NY	Peru	44.5793	-73.5333
NY	Phelps	42.9581	-77.0621
NY	Philadelphia	44.154	-75.7098
NY	Philmont	42.249	-73.6469
NY	Phoenicia	42.0832	-74.3143
NY	Phoenix	43.2309	-76.2958
NY	Piermont	41.0419	-73.9108
NY	Pierrepont Manor	43.7388	-76.063
NY	Piffard	42.8319	-77.8584
NY	Pike	42.554	-78.1476
NY	Pine Bush	41.6095	-74.2965
NY	Pine Hill	42.1328	-74.4738
NY	Pine Plains	41.9777	-73.6582
NY	Pine Valley	42.2303	-76.848
NY	Pittsford	43.0905	-77.5166
NY	Plainedge	40.724	-73.477
NY	Plainview	40.7818	-73.4731
NY	Plandome	40.8066	-73.7016
NY	Plandome Heights	40.8021	-73.7049
NY	Plandome Manor	40.8129	-73.6987
NY	Plattekill	41.6198	-74.0586
NY	Plattsburgh	44.692	-73.4583
NY	Plattsburgh West	44.6828	-73.5052
NY	Pleasant Valley	41.7463	-73.8263
NY	Pleasantville	41.134	-73.7841
NY	Plessis	44.2735	-75.8575
NY	Poestenkill	42.6942	-73.5532
NY	Point Lookout	40.5906	-73.5794
NY	Poland	43.2257	-75.0627
NY	Pomona	41.1892	-74.0542
NY	Poquott	40.953	-73.0909
NY	Port Byron	43.0371	-76.6253
NY	Port Chester	41.0047	-73.6672
NY	Port Dickinson	42.1356	-75.8944
NY	Port Ewen	41.9042	-73.9772
NY	Port Gibson	43.0334	-77.1552
NY	Port Henry	44.0454	-73.4613
NY	Port Jefferson	40.9422	-73.0528
NY	Port Jefferson Station	40.9259	-73.0652
NY	Port Jervis	41.378	-74.6908
NY	Port Leyden	43.5847	-75.34
NY	Port Washington	40.8275	-73.68
NY	Port Washington North	40.843	-73.7001
NY	Portlandville	42.537	-74.9632
NY	Portville	42.0367	-78.3373
NY	Potsdam	44.6708	-74.9835
NY	Pottersville	43.738	-73.8215
NY	Poughkeepsie	41.6946	-73.9199
NY	Prattsburgh	42.5248	-77.2883
NY	Prattsville	42.3472	-74.4287
NY	Preston-Potter Hollow	42.433	-74.2288
NY	Prospect	43.3022	-75.1525
NY	Pulaski	43.5655	-76.126
NY	Pultneyville	43.2737	-77.1724
NY	Putnam Lake	41.4743	-73.5505
NY	Quiogue	40.8197	-72.6282
NY	Quogue	40.8214	-72.5989
NY	Radisson	43.1825	-76.2992
NY	Randolph	42.1623	-78.9797
NY	Ransomville	43.2396	-78.9129
NY	Rapids	43.0976	-78.6441
NY	Ravena	42.4755	-73.8112
NY	Red Creek	43.2479	-76.7229
NY	Red Hook	41.9958	-73.8765
NY	Red Oaks Mill	41.651	-73.8734
NY	Redford	44.6065	-73.8089
NY	Redwood	44.2982	-75.8079
NY	Remsen	43.3282	-75.187
NY	Remsenburg-Speonk	40.8162	-72.7058
NY	Rensselaer	42.6457	-73.7325
NY	Rensselaer Falls	44.5908	-75.3198
NY	Retsof	42.8324	-77.8757
NY	Rhinebeck	41.9288	-73.9103
NY	Rhinecliff	41.9244	-73.9411
NY	Richburg	42.0888	-78.1565
NY	Richfield Springs	42.8537	-74.9862
NY	Richmondville	42.6335	-74.5628
NY	Richville	44.4151	-75.3925
NY	Ridge	40.9038	-72.8859
NY	Rifton	41.8297	-74.038
NY	Ripley	42.2657	-79.7123
NY	Riverhead	40.9513	-72.6761
NY	Riverside	40.9051	-72.6717
NY	Rochester	43.1699	-77.6169
NY	Rochester Institute of Technology	43.0847	-77.6728
NY	Rock Hill	41.6189	-74.5898
NY	Rockville Centre	40.664	-73.638
NY	Rocky Point	40.9398	-72.9363
NY	Rodman	43.8517	-75.9421
NY	Roessleville	42.6969	-73.7955
NY	Rome	43.226	-75.4895
NY	Romulus	42.7518	-76.8351
NY	Ronkonkoma	40.8035	-73.1245
NY	Roosevelt	40.6794	-73.5834
NY	Roscoe	41.9407	-74.9131
NY	Rosendale	41.8491	-74.0736
NY	Roslyn	40.7998	-73.6504
NY	Roslyn Estates	40.7937	-73.6612
NY	Roslyn Harbor	40.8112	-73.6406
NY	Roslyn Heights	40.7787	-73.6396
NY	Rotterdam	42.7794	-73.9601
NY	Round Lake	42.9377	-73.7957
NY	Round Top	42.2607	-74.0313
NY	Rouses Point	44.9912	-73.3637
NY	Ruby	42.0143	-74.0094
NY	Rushford	42.3893	-78.2526
NY	Rushville	42.7612	-77.228
NY	Russell Gardens	40.7809	-73.7255
NY	Rye	40.9447	-73.6864
NY	Rye Brook	41.03	-73.6864
NY	SUNY Oswego	43.4563	-76.5419
NY	Sackets Harbor	43.9383	-76.1129
NY	Saddle Rock	40.7944	-73.7493
NY	Saddle Rock Estates	40.7939	-73.7415
NY	Sag Harbor	40.9943	-72.2885
NY	Sagaponack	40.9309	-72.2687
NY	Salamanca	42.1647	-78.7413
NY	Salem	43.1727	-73.3266
NY	Salisbury	40.7458	-73.5603
NY	Salisbury Center	43.1417	-74.7759
NY	Salisbury Mills	41.4323	-74.1063
NY	Salt Point	41.8078	-73.788
NY	Saltaire	40.6381	-73.1947
NY	Sanborn	43.1451	-78.8777
NY	Sand Ridge	43.2557	-76.23
NY	Sands Point	40.8534	-73.7036
NY	Sandy Creek	43.6434	-76.0863
NY	Saranac Lake	44.3259	-74.1309
NY	Saratoga Springs	43.0677	-73.7781
NY	Saugerties	42.0742	-73.9419
NY	Saugerties South	42.0618	-73.9525
NY	Savannah	43.0667	-76.7595
NY	Savona	42.2831	-77.2237
NY	Sayville	40.7476	-73.0852
NY	Scarsdale	40.9936	-73.7772
NY	Schaghticoke	42.9014	-73.5896
NY	Schenectady	42.8026	-73.9272
NY	Schenevus	42.5497	-74.8269
NY	Schoharie	42.6666	-74.3133
NY	Schroon Lake	43.8351	-73.7669
NY	Schuyler Lake	42.7786	-75.0335
NY	Schuylerville	43.101	-73.5812
NY	Scio	42.1732	-77.9795
NY	Scotchtown	41.4762	-74.3654
NY	Scotia	42.832	-73.9604
NY	Scotts Corners	41.1889	-73.5561
NY	Scottsburg	42.6638	-77.7123
NY	Scottsville	43.0223	-77.7534
NY	Sea Cliff	40.8462	-73.6504
NY	Seaford	40.6662	-73.4926
NY	Searingtown	40.7705	-73.6603
NY	Selden	40.8714	-73.0466
NY	Seneca Falls	42.9116	-76.7971
NY	Seneca Knolls	43.1201	-76.2873
NY	Setauket	40.9489	-73.1151
NY	Sharon Springs	42.793	-74.6128
NY	Shelter Island	41.0553	-72.2971
NY	Shelter Island Heights	41.0555	-72.3604
NY	Shenorock	41.331	-73.7406
NY	Sherburne	42.6806	-75.4965
NY	Sherman	42.1592	-79.5943
NY	Sherrill	43.0704	-75.5992
NY	Shinnecock Hills	40.8886	-72.4528
NY	Shirley	40.7936	-72.8759
NY	Shokan	41.9809	-74.213
NY	Shoreham	40.9571	-72.9071
NY	Shorehaven	41.5607	-73.6641
NY	Shortsville	42.9556	-77.2226
NY	Shrub Oak	41.3273	-73.8299
NY	Sidney	42.3083	-75.3978
NY	Siena College	42.719	-73.75
NY	Silver Creek	42.5412	-79.169
NY	Silver Springs	42.6601	-78.0845
NY	Sinclairville	42.2653	-79.259
NY	Skaneateles	42.9473	-76.4285
NY	Slaterville Springs	42.3973	-76.3444
NY	Sleepy Hollow	41.0975	-73.8696
NY	Sleepy Hollow Lake	42.3036	-73.8106
NY	Sloan	42.8922	-78.7915
NY	Sloatsburg	41.162	-74.1909
NY	Smallwood	41.6603	-74.8142
NY	Smithtown	40.8575	-73.2167
NY	Smithville Flats	42.3943	-75.8106
NY	Smyrna	42.6869	-75.5687
NY	Sodus	43.2371	-77.0628
NY	Sodus Point	43.2645	-76.996
NY	Solvay	43.0571	-76.2123
NY	Sound Beach	40.9629	-72.9708
NY	South Blooming Grove	41.3737	-74.167
NY	South Cairo	42.2684	-73.9558
NY	South Corning	42.1262	-77.0356
NY	South Dayton	42.3628	-79.051
NY	South Edmeston	42.6854	-75.3114
NY	South Fallsburg	41.7039	-74.6326
NY	South Farmingdale	40.7169	-73.4486
NY	South Floral Park	40.7135	-73.7004
NY	South Glens Falls	43.2944	-73.6336
NY	South Hempstead	40.6813	-73.6233
NY	South Hill	42.4103	-76.4921
NY	South Huntington	40.8225	-73.3922
NY	South Ilion	42.9939	-75.055
NY	South Lansing	42.5325	-76.4963
NY	South Lima	42.8574	-77.676
NY	South Lockport	43.1374	-78.6828
NY	South Valley Stream	40.6558	-73.7185
NY	Southampton	40.8766	-72.4031
NY	Southold	41.0654	-72.4298
NY	Southport	42.0647	-76.8225
NY	Spackenkill	41.654	-73.9114
NY	Sparkill	41.0289	-73.9333
NY	Sparrow Bush	41.4009	-74.7079
NY	Speculator	43.576	-74.3562
NY	Spencer	42.2151	-76.4947
NY	Spencerport	43.1884	-77.8074
NY	Spring Valley	41.1146	-74.0487
NY	Springfield Center	42.835	-74.8721
NY	Springs	41.0311	-72.1597
NY	Springville	42.5081	-78.6694
NY	Springwater	42.635	-77.5964
NY	St. Bonaventure	42.0794	-78.4742
NY	St. James	40.8764	-73.1521
NY	St. John Fisher College	43.1143	-77.5107
NY	St. Johnsville	43.0006	-74.676
NY	St. Regis Falls	44.6764	-74.531
NY	Staatsburg	41.8533	-73.9222
NY	Stamford	42.4091	-74.617
NY	Stannards	42.0741	-77.9123
NY	Star Lake	44.1695	-75.0389
NY	Stewart Manor	40.7201	-73.6854
NY	Stillwater	42.9465	-73.6393
NY	Stittville	43.2251	-75.2885
NY	Stone Ridge	41.8467	-74.1545
NY	Stony Brook	40.9078	-73.1275
NY	Stony Brook University	40.9098	-73.1217
NY	Stony Point	41.2294	-73.9976
NY	Stottville	42.2937	-73.7608
NY	Strykersville	42.7063	-78.4441
NY	Suffern	41.112	-74.1414
NY	Sunset Bay	42.5614	-79.1297
NY	Swan Lake	41.7608	-74.7834
NY	Sylvan Beach	43.2067	-75.7214
NY	Syosset	40.8157	-73.502
NY	Syracuse	43.041	-76.1436
NY	Taconic Shores	42.1161	-73.5552
NY	Tannersville	42.1939	-74.1344
NY	Tappan	41.0255	-73.9514
NY	Tarrytown	41.0652	-73.8663
NY	Terryville	40.9093	-73.0487
NY	Thendara	43.7038	-74.9969
NY	Theresa	44.2155	-75.7959
NY	Thiells	41.2044	-74.0127
NY	Thomaston	40.7875	-73.7152
NY	Thornwood	41.1184	-73.7795
NY	Thousand Island Park	44.2863	-76.0255
NY	Three Mile Bay	44.0849	-76.1975
NY	Ticonderoga	43.8423	-73.423
NY	Tillson	41.8308	-74.0724
NY	Tioga Terrace	42.0507	-76.1197
NY	Titusville	41.6658	-73.8675
NY	Tivoli	42.0545	-73.9172
NY	Tonawanda	43.0119	-78.8834
NY	Tonawanda Town	42.9851	-78.8758
NY	Town Line	42.8878	-78.5649
NY	Tribes Hill	42.949	-74.2992
NY	Troy	42.7358	-73.6753
NY	Trumansburg	42.5403	-76.6636
NY	Tuckahoe	40.9035	-72.4355
NY	Tully	42.7982	-76.1102
NY	Tupper Lake	44.2298	-74.4619
NY	Turin	43.6293	-75.4106
NY	Tuscarora	42.6345	-77.8694
NY	Tuxedo	41.242	-74.1717
NY	Tuxedo Park	41.197	-74.2104
NY	Unadilla	42.3274	-75.3149
NY	Unadilla Forks	42.8496	-75.2309
NY	Union Springs	42.8467	-76.6861
NY	Uniondale	40.7176	-73.5947
NY	Unionville	41.3015	-74.5622
NY	University Gardens	40.7751	-73.7279
NY	University at Buffalo	42.9993	-78.7876
NY	Upper Brookville	40.8475	-73.5629
NY	Upper Nyack	41.121	-73.9108
NY	Upper Red Hook	42.0261	-73.8456
NY	Utica	43.0964	-75.226
NY	Vails Gate	41.4589	-74.0532
NY	Valatie	42.4131	-73.6778
NY	Valhalla	41.0775	-73.7779
NY	Valley Cottage	41.1155	-73.9435
NY	Valley Falls	42.9006	-73.5625
NY	Valley Stream	40.6647	-73.7049
NY	Van Etten	42.1969	-76.5535
NY	Varna	42.4526	-76.4382
NY	Vassar College	41.6871	-73.8923
NY	Vernon	43.0792	-75.5386
NY	Verona	43.1367	-75.5717
NY	Verplanck	41.2543	-73.9612
NY	Victor	42.9821	-77.4098
NY	Victory	43.0919	-73.5918
NY	Village Green	43.1331	-76.3135
NY	Village of the Branch	40.8534	-73.1822
NY	Viola	41.1261	-74.0834
NY	Virgil	42.5141	-76.2001
NY	Voorheesville	42.6537	-73.9343
NY	Waddington	44.8613	-75.1972
NY	Wading River	40.9536	-72.8149
NY	Wadsworth	42.8214	-77.8939
NY	Wainscott	40.9548	-72.2553
NY	Walden	41.56	-74.1882
NY	Walker Valley	41.6424	-74.3709
NY	Wallkill	41.6084	-74.1646
NY	Walton	42.1698	-75.1305
NY	Walton Park	41.314	-74.2251
NY	Walworth	43.1396	-77.2792
NY	Wampsville	43.0774	-75.7115
NY	Wanakah	42.7436	-78.9025
NY	Wantagh	40.6679	-73.5105
NY	Wappingers Falls	41.5982	-73.9169
NY	Warrensburg	43.5109	-73.7698
NY	Warsaw	42.7428	-78.1408
NY	Warwick	41.2552	-74.3547
NY	Washington Heights	41.4743	-74.4115
NY	Washington Mills	43.0479	-75.281
NY	Washingtonville	41.4285	-74.1586
NY	Wassaic	41.8065	-73.5593
NY	Watchtower	41.637	-74.2626
NY	Water Mill	40.9224	-72.3507
NY	Waterford	42.7921	-73.6788
NY	Waterloo	42.9046	-76.859
NY	Watertown	43.9733	-75.91
NY	Waterville	42.9306	-75.3802
NY	Watervliet	42.7249	-73.707
NY	Watkins Glen	42.3805	-76.867
NY	Waverly	42.0127	-76.54
NY	Wayland	42.5628	-77.5959
NY	Webster	43.2164	-77.4219
NY	Websters Crossing	42.6661	-77.6368
NY	Weedsport	43.0481	-76.5636
NY	Wells	43.3917	-74.3
NY	Wells Bridge	42.3711	-75.2432
NY	Wellsburg	42.0133	-76.73
NY	Wellsville	42.1207	-77.9457
NY	Wesley Hills	41.1576	-74.079
NY	West Babylon	40.7124	-73.3597
NY	West Bay Shore	40.7017	-73.2601
NY	West Carthage	43.9736	-75.6216
NY	West Chazy	44.8178	-73.5117
NY	West Danby	42.3245	-76.5334
NY	West Elmira	42.0877	-76.8433
NY	West End	42.4763	-75.0924
NY	West Glens Falls	43.3047	-73.6959
NY	West Hampton Dunes	40.7788	-72.7067
NY	West Haverstraw	41.2063	-73.9868
NY	West Hempstead	40.6958	-73.6505
NY	West Hills	40.8199	-73.4339
NY	West Hurley	42.0084	-74.1094
NY	West Islip	40.7029	-73.2955
NY	West Kill	42.2159	-74.3899
NY	West Nyack	41.0911	-73.9688
NY	West Point	41.3607	-74.0197
NY	West Sand Lake	42.6382	-73.5954
NY	West Sayville	40.7297	-73.1052
NY	West Seneca	42.8378	-78.7512
NY	West Valley	42.4025	-78.6061
NY	West Winfield	42.8838	-75.1914
NY	Westbury	40.7599	-73.5892
NY	Westernville	43.3054	-75.3855
NY	Westfield	42.3218	-79.5748
NY	Westford	42.6512	-74.8005
NY	Westhampton	40.8468	-72.6599
NY	Westhampton Beach	40.807	-72.6451
NY	Westmere	42.6882	-73.8735
NY	Westmoreland	43.115	-75.4026
NY	Weston Mills	42.073	-78.3737
NY	Westport	44.1831	-73.4326
NY	Westvale	43.0399	-76.2176
NY	Wheatley Heights	40.7624	-73.3706
NY	White Lake	43.5428	-75.1481
NY	White Plains	41.0238	-73.751
NY	Whitehall	43.546	-73.4338
NY	Whitesboro	43.124	-75.2967
NY	Whitney Point	42.3306	-75.9716
NY	Williamson	43.2234	-77.1844
NY	Williamsville	42.9582	-78.7395
NY	Williston Park	40.7588	-73.6466
NY	Willsboro	44.3635	-73.3932
NY	Willsboro Point	44.4206	-73.3827
NY	Wilmington	44.3869	-73.8172
NY	Wilson	43.3147	-78.8284
NY	Windham	42.3141	-74.2487
NY	Windsor	42.0772	-75.6405
NY	Wingdale	41.6355	-73.5699
NY	Winthrop	44.8036	-74.81
NY	Witherbee	44.0823	-73.5338
NY	Wolcott	43.2228	-76.8121
NY	Woodbourne	41.7611	-74.5977
NY	Woodbury	41.3275	-74.1021
NY	Woodmere	40.6374	-73.7212
NY	Woodridge	41.7184	-74.58
NY	Woodsburgh	40.6212	-73.7062
NY	Woodstock	42.0432	-74.1167
NY	Woodsville	42.579	-77.7338
NY	Worcester	42.6141	-74.7398
NY	Wurtsboro	41.5761	-74.4856
NY	Wurtsboro Hills	41.596	-74.5101
NY	Wyandanch	40.7491	-73.3635
NY	Wynantskill	42.6889	-73.6447
NY	Wyoming	42.824	-78.0844
NY	Yaphank	40.831	-72.9317
NY	Yonkers	40.9459	-73.8674
NY	York	42.8696	-77.8872
NY	Yorkshire	42.5234	-78.4755
NY	Yorktown Heights	41.2706	-73.7747
NY	Yorkville	43.1124	-75.274
NY	Youngstown	43.2496	-79.0422
NY	Zena	42.0234	-74.0853
OH	Aberdeen	38.6717	-83.7709
OH	Ada	40.7681	-83.8252
OH	Adamsville	40.0689	-81.8826
OH	Addyston	39.1381	-84.7128
OH	Adelphi	39.4645	-82.7461
OH	Adena	40.2167	-80.8762
OH	Ai	41.6261	-83.9427
OH	Akron	41.0805	-81.5214
OH	Albany	39.2265	-82.1947
OH	Alexandria	40.0903	-82.6125
OH	Alger	40.7098	-83.844
OH	Alliance	40.9112	-81.1198
OH	Alvordton	41.6636	-84.4343
OH	Amanda	39.6501	-82.7417
OH	Amberley	39.2035	-84.4283
OH	Amelia	39.0269	-84.2181
OH	Amesville	39.4013	-81.9551
OH	Amherst	41.4053	-82.2317
OH	Amsterdam	40.4717	-80.9217
OH	Andersonville	39.4339	-83.019
OH	Andover	41.6062	-80.5684
OH	Anna	40.3954	-84.1757
OH	Ansonia	40.2132	-84.6348
OH	Antioch	39.6611	-81.067
OH	Antwerp	41.1802	-84.7361
OH	Apple Creek	40.7489	-81.8317
OH	Apple Valley	40.4382	-82.349
OH	Aquilla	41.5465	-81.1731
OH	Arcadia	41.1079	-83.5147
OH	Arcanum	39.9923	-84.5543
OH	Archbold	41.5165	-84.3045
OH	Arlington	40.8937	-83.6529
OH	Arlington Heights	39.2153	-84.4555
OH	Ashland	40.8671	-82.3152
OH	Ashley	40.4098	-82.9517
OH	Ashtabula	41.8795	-80.7985
OH	Ashville	39.7243	-82.9575
OH	Athalia	38.5091	-82.3095
OH	Athens	39.3263	-82.1002
OH	Attica	41.0637	-82.8871
OH	Atwater	41.0283	-81.1571
OH	Aurora	41.3068	-81.3365
OH	Austinburg	41.7692	-80.8556
OH	Austintown	41.0919	-80.7384
OH	Avon	41.4451	-82.0051
OH	Avon Lake	41.4945	-82.0161
OH	Bailey Lakes	40.9496	-82.3593
OH	Bainbridge	41.3843	-81.3485
OH	Bairdstown	41.1712	-83.6073
OH	Ballville	41.3233	-83.1345
OH	Baltic	40.4436	-81.701
OH	Baltimore	39.846	-82.6046
OH	Bannock	40.1017	-80.9773
OH	Barberton	41.0069	-81.6044
OH	Barnesville	39.9901	-81.1725
OH	Barnhill	40.4498	-81.3679
OH	Bascom	41.129	-83.2869
OH	Bass Lake	41.5558	-81.2259
OH	Batavia	39.0753	-84.1761
OH	Batesville	39.9147	-81.2835
OH	Bay View	41.4693	-82.8242
OH	Bay Village	41.4878	-81.9289
OH	Beach City	40.6531	-81.5796
OH	Beachwood	41.4763	-81.5032
OH	Beallsville	39.8489	-81.0354
OH	Beaver	39.035	-82.8257
OH	Beavercreek	39.7332	-84.0596
OH	Beaverdam	40.8325	-83.9734
OH	Beckett Ridge	39.3448	-84.438
OH	Bedford	41.3921	-81.5347
OH	Bedford Heights	41.4041	-81.5023
OH	Beechwood Trails	40.0296	-82.6566
OH	Bellaire	40.0165	-80.7473
OH	Bellbrook	39.6384	-84.0854
OH	Belle Center	40.509	-83.7453
OH	Belle Valley	39.7888	-81.5565
OH	Bellefontaine	40.3628	-83.763
OH	Bellevue	41.2741	-82.8399
OH	Bellville	40.6177	-82.5131
OH	Belmont	40.028	-81.0409
OH	Belmore	41.1548	-83.9417
OH	Beloit	40.9197	-80.9978
OH	Belpre	39.2805	-81.5923
OH	Bentleyville	41.4133	-81.4134
OH	Benton Ridge	41.0043	-83.792
OH	Bentonville	38.7455	-83.6103
OH	Berea	41.3705	-81.8618
OH	Bergholz	40.5208	-80.8851
OH	Berkey	41.7084	-83.8383
OH	Berlin	40.553	-81.8022
OH	Berlin Heights	41.3227	-82.4876
OH	Bethel	38.9629	-84.0846
OH	Bethesda	40.0166	-81.0726
OH	Bettsville	41.2441	-83.2339
OH	Beulah Beach	41.3919	-82.4429
OH	Beverly	39.55	-81.6358
OH	Bexley	39.9654	-82.9345
OH	Bidwell	38.9209	-82.2854
OH	Birmingham	41.3302	-82.3617
OH	Blacklick Estates	39.9046	-82.8664
OH	Bladensburg	40.2853	-82.2836
OH	Blaine	40.072	-80.8086
OH	Blakeslee	41.5242	-84.7308
OH	Blanchester	39.295	-83.973
OH	Bloomdale	41.1711	-83.5536
OH	Bloomingburg	39.6079	-83.3953
OH	Bloomingdale	40.3422	-80.8179
OH	Bloomingville	41.3576	-82.7309
OH	Bloomville	41.0514	-83.0137
OH	Blue Ash	39.2461	-84.3868
OH	Blue Jay	39.2385	-84.744
OH	Bluffton	40.892	-83.8878
OH	Bolindale	41.2088	-80.7784
OH	Bolivar	40.6553	-81.4545
OH	Bolton	40.9392	-81.1291
OH	Boston Heights	41.2526	-81.5077
OH	Botkins	40.4524	-84.1792
OH	Bourneville	39.2829	-83.1596
OH	Bowerston	40.4273	-81.1874
OH	Bowersville	39.5808	-83.7233
OH	Bowling Green	41.3777	-83.6496
OH	Bradford	40.1301	-84.4269
OH	Bradner	41.3239	-83.4364
OH	Brady Lake	41.1648	-81.3191
OH	Brandt	39.9027	-84.0907
OH	Bratenahl	41.555	-81.605
OH	Brecksville	41.3072	-81.6199
OH	Brecon	39.2797	-84.3532
OH	Bremen	39.706	-82.4299
OH	Brewster	40.7115	-81.6078
OH	Brice	39.9172	-82.8319
OH	Bridgeport	40.0646	-80.7489
OH	Bridgetown	39.1551	-84.6359
OH	Brilliant	40.2682	-80.6376
OH	Brimfield	41.0955	-81.3511
OH	Broadview Heights	41.3182	-81.6793
OH	Brook Park	41.4043	-81.8203
OH	Brookfield Center	41.2384	-80.5547
OH	Brooklyn	41.4347	-81.7492
OH	Brooklyn Heights	41.4199	-81.6653
OH	Brookside	40.0709	-80.7608
OH	Brookville	39.8395	-84.4173
OH	Broughton	41.088	-84.535
OH	Brownsville	39.9412	-82.2492
OH	Brunersburg	41.3075	-84.3919
OH	Brunswick	41.2458	-81.8166
OH	Bryan	41.4703	-84.5481
OH	Buchtel	39.4635	-82.1804
OH	Buckeye Lake	39.9364	-82.4814
OH	Buckland	40.6234	-84.26
OH	Bucyrus	40.8051	-82.9716
OH	Buffalo	39.9169	-81.5204
OH	Buford	39.072	-83.8393
OH	Burbank	40.9862	-81.9948
OH	Burgoon	41.2674	-83.2507
OH	Burkettsville	40.3529	-84.6427
OH	Burlington	38.4115	-82.5262
OH	Burton	41.4688	-81.1493
OH	Butler	40.5902	-82.4202
OH	Butlerville	39.3016	-84.0904
OH	Byesville	39.9741	-81.5462
OH	Cadiz	40.2566	-80.9926
OH	Cairo	40.8308	-84.0845
OH	Calcutta	40.6894	-80.5499
OH	Caldwell	39.7464	-81.513
OH	Caledonia	40.6364	-82.9695
OH	Cambridge	40.021	-81.5855
OH	Camden	39.6367	-84.6447
OH	Camp Dennison	39.1938	-84.2903
OH	Campbell	41.078	-80.59
OH	Canal Fulton	40.8923	-81.5879
OH	Canal Lewisville	40.2989	-81.8402
OH	Canal Winchester	39.8466	-82.8213
OH	Candlewood Lake	40.6209	-82.7741
OH	Canfield	41.0296	-80.77
OH	Canton	40.8077	-81.3672
OH	Carbon Hill	39.5021	-82.2427
OH	Cardington	40.498	-82.8936
OH	Carey	40.9458	-83.3861
OH	Carlisle	39.579	-84.321
OH	Carroll	39.8026	-82.7062
OH	Carrollton	40.5787	-81.0908
OH	Casstown	40.0528	-84.1285
OH	Castalia	41.4042	-82.8016
OH	Castine	39.931	-84.6247
OH	Catawba	39.9996	-83.6219
OH	Cecil	41.2191	-84.6016
OH	Cedarville	39.7484	-83.8122
OH	Celeryville	41.0287	-82.7273
OH	Celina	40.5555	-84.5614
OH	Centerburg	40.3037	-82.6978
OH	Centerville	39.6343	-84.1457
OH	Chagrin Falls	41.431	-81.389
OH	Champion Heights	41.3031	-80.8514
OH	Chardon	41.5793	-81.2091
OH	Chatfield	40.9512	-82.942
OH	Chauncey	39.4005	-82.1266
OH	Cherry Fork	38.8872	-83.6126
OH	Cherry Grove	39.0802	-84.322
OH	Chesapeake	38.4269	-82.4562
OH	Cheshire	38.9511	-82.1143
OH	Chesterhill	39.4944	-81.8682
OH	Chesterland	41.5283	-81.3575
OH	Chesterville	40.4751	-82.6809
OH	Cheviot	39.1577	-84.6139
OH	Chickasaw	40.4362	-84.4937
OH	Chillicothe	39.3405	-82.9961
OH	Chilo	38.7942	-84.1378
OH	Chippewa Lake	41.0741	-81.9035
OH	Chippewa Park	40.517	-83.8878
OH	Choctaw Lake	39.9594	-83.4901
OH	Christiansburg	40.0567	-84.0255
OH	Churchill	41.1695	-80.666
OH	Cincinnati	39.1402	-84.5058
OH	Cinnamon Lake	40.986	-82.1967
OH	Circleville	39.6012	-82.9325
OH	Clarington	39.7809	-80.865
OH	Clarksburg	39.5058	-83.1543
OH	Clarksville	39.4018	-83.9889
OH	Clarktown	38.8506	-82.9086
OH	Clay Center	41.5731	-83.3641
OH	Clayton	39.8695	-84.3254
OH	Cleveland	41.4785	-81.6794
OH	Cleveland Heights	41.5111	-81.5618
OH	Cleves	39.1646	-84.7414
OH	Clifton	39.7972	-83.8254
OH	Clinton	40.9281	-81.6311
OH	Cloverdale	41.0193	-84.2998
OH	Clyde	41.3036	-82.9794
OH	Coal Grove	38.4922	-82.6359
OH	Coalton	39.1117	-82.6109
OH	Coldstream	39.045	-84.3406
OH	Coldwater	40.483	-84.6333
OH	College Corner	39.5689	-84.8114
OH	Collins	41.2541	-82.4824
OH	Columbiana	40.8855	-80.6678
OH	Columbus	39.9839	-82.9849
OH	Columbus Grove	40.9198	-84.0603
OH	Commercial Point	39.7891	-83.0195
OH	Concorde Hills	39.2108	-84.3573
OH	Conesville	40.1851	-81.892
OH	Congress	40.9253	-82.0559
OH	Conneaut	41.9273	-80.5684
OH	Connorville	40.1937	-80.7176
OH	Continental	41.0991	-84.2716
OH	Convoy	40.9173	-84.7059
OH	Coolville	39.2162	-81.7996
OH	Corning	39.6016	-82.0876
OH	Cortland	41.3321	-80.7195
OH	Corwin	39.523	-84.0654
OH	Coshocton	40.2618	-81.8473
OH	Covedale	39.1267	-84.637
OH	Covington	40.117	-84.3507
OH	Craig Beach	41.1157	-80.9821
OH	Crestline	40.7834	-82.7477
OH	Creston	40.9767	-81.8999
OH	Cridersville	40.6505	-84.1403
OH	Crooksville	39.7679	-82.0949
OH	Crown City	38.5897	-82.2973
OH	Crystal Lakes	39.8883	-84.023
OH	Crystal Rock	41.4478	-82.8419
OH	Cumberland	39.8533	-81.6587
OH	Curtice	41.616	-83.3743
OH	Custar	41.2846	-83.8438
OH	Cuyahoga Falls	41.1829	-81.553
OH	Cuyahoga Heights	41.4362	-81.6537
OH	Cygnet	41.2412	-83.6441
OH	Cynthiana	39.1736	-83.3485
OH	Dalton	40.7996	-81.7037
OH	Damascus	40.9062	-80.9493
OH	Danville	40.4471	-82.2609
OH	Darbydale	39.8558	-83.1749
OH	Darbyville	39.696	-83.1137
OH	Darrtown	39.4975	-84.669
OH	Day Heights	39.1755	-84.2275
OH	Dayton	39.7847	-84.1996
OH	De Graff	40.3127	-83.9166
OH	Deer Park	39.2039	-84.3978
OH	Deersville	40.3083	-81.188
OH	Defiance	41.281	-84.3658
OH	Delaware	40.2865	-83.0749
OH	Delhi Hills	39.0871	-84.6176
OH	Dellroy	40.5554	-81.1995
OH	Delphos	40.8466	-84.3365
OH	Delshire	39.0885	-84.5951
OH	Delta	41.5761	-84.0096
OH	Dennison	40.3977	-81.3273
OH	Dent	39.1915	-84.6601
OH	Derby	39.764	-83.2068
OH	Deshler	41.2078	-83.9059
OH	Devola	39.4746	-81.4714
OH	Dexter City	39.6593	-81.4744
OH	Dillonvale	39.2173	-84.403
OH	Dola	40.7848	-83.6989
OH	Donnelsville	39.9154	-83.943
OH	Dover	40.53	-81.481
OH	Doylestown	40.97	-81.6957
OH	Dresden	40.1222	-82.0134
OH	Drexel	39.7382	-84.293
OH	Dry Ridge	39.2539	-84.6434
OH	Dry Run	39.1046	-84.3311
OH	Dublin	40.1133	-83.1458
OH	Duncan Falls	39.8825	-81.9137
OH	Dundee	40.5868	-81.6069
OH	Dunkirk	40.7881	-83.6426
OH	Dunlap	39.2962	-84.6385
OH	Dupont	41.0554	-84.3008
OH	East Alliance	40.9086	-81.0718
OH	East Canton	40.7889	-81.285
OH	East Cleveland	41.5307	-81.5785
OH	East Fultonham	39.8487	-82.1193
OH	East Liberty	40.3339	-83.585
OH	East Liverpool	40.633	-80.5674
OH	East Palestine	40.8391	-80.5466
OH	East Rochester	40.7495	-81.0399
OH	East Sparta	40.6635	-81.3643
OH	East Springfield	40.4474	-80.8599
OH	Eastlake	41.6566	-81.4291
OH	Eaton	39.7501	-84.6345
OH	Eaton Estates	41.3049	-82.0137
OH	Edgerton	41.4496	-84.7498
OH	Edgewood	41.8769	-80.7455
OH	Edison	40.5583	-82.8632
OH	Edon	41.5562	-84.7694
OH	Eldorado	39.9043	-84.6753
OH	Elgin	40.7427	-84.4762
OH	Elida	40.787	-84.1997
OH	Elizabethtown	39.1627	-84.8041
OH	Elmore	41.4701	-83.2926
OH	Elmwood Place	39.1855	-84.4892
OH	Elyria	41.3728	-82.108
OH	Empire	40.5117	-80.6261
OH	Englewood	39.8651	-84.3095
OH	Enon	39.865	-83.933
OH	Etna	39.9552	-82.6861
OH	Euclid	41.5922	-81.5197
OH	Evendale	39.2509	-84.4267
OH	Fairborn	39.7996	-84.0085
OH	Fairfax	39.1432	-84.3972
OH	Fairfield	39.3314	-84.5427
OH	Fairfield Beach	39.9179	-82.4806
OH	Fairlawn	41.131	-81.6223
OH	Fairport Harbor	41.7476	-81.2728
OH	Fairview	40.0573	-81.2349
OH	Fairview Park	41.442	-81.853
OH	Farmersville	39.6787	-84.4274
OH	Fayette	41.6728	-84.3284
OH	Fayetteville	39.1854	-83.932
OH	Felicity	38.8388	-84.0985
OH	Findlay	41.0474	-83.6381
OH	Finneytown	39.216	-84.5146
OH	Five Points	39.5595	-84.1868
OH	Flat Rock	41.2355	-82.8592
OH	Fletcher	40.1418	-84.1119
OH	Florida	41.3238	-84.2002
OH	Flushing	40.1482	-81.0644
OH	Forest	40.8044	-83.5145
OH	Forest Park	39.2862	-84.526
OH	Forestville	39.0695	-84.339
OH	Fort Jennings	40.9062	-84.2996
OH	Fort Loramie	40.3456	-84.3708
OH	Fort McKinley	39.8026	-84.2461
OH	Fort Recovery	40.4123	-84.7763
OH	Fort Seneca	41.2043	-83.1679
OH	Fort Shawnee	40.6813	-84.1498
OH	Fostoria	41.1602	-83.4124
OH	Four Bridges	39.3802	-84.3598
OH	Frankfort	39.4063	-83.1832
OH	Franklin	39.555	-84.2957
OH	Franklin Furnace	38.6259	-82.8501
OH	Frazeysburg	40.1191	-82.1177
OH	Fredericksburg	40.6772	-81.8698
OH	Fredericktown	40.4785	-82.5495
OH	Freeport	40.211	-81.2687
OH	Fremont	41.353	-83.1156
OH	Fresno	40.3308	-81.7386
OH	Friendship	38.6977	-83.1008
OH	Fruit Hill	39.0699	-84.367
OH	Fulton	40.4631	-82.8285
OH	Fultonham	39.8557	-82.1408
OH	Gahanna	40.0367	-82.8799
OH	Galena	40.2253	-82.8762
OH	Galion	40.7382	-82.7813
OH	Gallipolis	38.8201	-82.191
OH	Gambier	40.3762	-82.3946
OH	Gann	40.4702	-82.19
OH	Garfield Heights	41.4186	-81.6051
OH	Garrettsville	41.2844	-81.0919
OH	Gates Mills	41.531	-81.4112
OH	Geneva	41.8008	-80.9463
OH	Geneva-on-the-Lake	41.8553	-80.9513
OH	Genoa	41.521	-83.362
OH	Georgetown	38.8683	-83.8993
OH	Germantown	39.6325	-84.3645
OH	Gettysburg	40.1162	-84.4962
OH	Gibsonburg	41.3872	-83.3222
OH	Gilboa	41.0188	-83.9217
OH	Girard	41.1656	-80.6961
OH	Glandorf	41.0269	-84.0755
OH	Glencoe	40.0132	-80.8829
OH	Glendale	39.2707	-84.4585
OH	Glenford	39.8862	-82.3197
OH	Glenmont	40.5191	-82.0925
OH	Glenmoor	40.6638	-80.6133
OH	Glenwillow	41.3595	-81.4718
OH	Gloria Glens Park	41.0583	-81.9014
OH	Glouster	39.5023	-82.0841
OH	Gnadenhutten	40.3599	-81.4264
OH	Golf Manor	39.1878	-84.447
OH	Gomer	40.8454	-84.1828
OH	Good Hope	39.4467	-83.3594
OH	Gordon	39.9303	-84.5091
OH	Goshen	39.2285	-84.1507
OH	Grafton	41.2841	-82.03
OH	Grand Rapids	41.4011	-83.8664
OH	Grand River	41.7439	-81.2863
OH	Grandview	39.1952	-84.7212
OH	Grandview Heights	39.9793	-83.0401
OH	Granville	40.0568	-82.5041
OH	Granville South	40.0515	-82.5452
OH	Gratiot	39.9515	-82.2168
OH	Gratis	39.6483	-84.5287
OH	Graysville	39.6633	-81.1746
OH	Green	40.9538	-81.472
OH	Green Camp	40.532	-83.2076
OH	Green Meadows	39.8672	-83.9453
OH	Green Springs	41.2573	-83.0536
OH	Greenfield	39.3535	-83.3884
OH	Greenhills	39.267	-84.5194
OH	Greentown	40.9266	-81.4015
OH	Greenville	40.1047	-84.6214
OH	Greenwich	41.0314	-82.5188
OH	Groesbeck	39.229	-84.5959
OH	Grove City	39.8858	-83.097
OH	Groveport	39.8573	-82.8914
OH	Grover Hill	41.019	-84.4776
OH	Guilford Lake	40.796	-80.8736
OH	Hamburg	39.6484	-82.6645
OH	Hamden	39.1585	-82.5255
OH	Hamersville	38.919	-83.9854
OH	Hamilton	39.3934	-84.5658
OH	Hamler	41.2282	-84.0355
OH	Hanging Rock	38.56	-82.7276
OH	Hannibal	39.6718	-80.8741
OH	Hanover	40.0819	-82.2769
OH	Hanoverton	40.7547	-80.9355
OH	Harbor Hills	39.9391	-82.4324
OH	Harbor View	41.6933	-83.4448
OH	Harpster	40.7384	-83.2502
OH	Harrisburg	40.8873	-81.23
OH	Harrison	39.2566	-84.7862
OH	Harrisville	40.1814	-80.8864
OH	Harrod	40.7072	-83.9214
OH	Hartford	40.2399	-82.6908
OH	Hartville	40.9615	-81.3351
OH	Harveysburg	39.5029	-83.9906
OH	Haskins	41.4648	-83.7043
OH	Haviland	41.0178	-84.5853
OH	Haydenville	39.4799	-82.3214
OH	Hayesville	40.776	-82.2602
OH	Heath	40.0208	-82.4421
OH	Hebron	39.9652	-82.4865
OH	Helena	41.3403	-83.2919
OH	Hemlock	39.5925	-82.1524
OH	Hessville	41.4031	-83.2431
OH	Hicksville	41.2944	-84.7647
OH	Hidden Lakes	40.5479	-82.7632
OH	Hide-A-Way Hills	39.6545	-82.4655
OH	Higginsport	38.7898	-83.967
OH	Highland	39.3439	-83.6001
OH	Highland Heights	41.5518	-81.4691
OH	Highland Hills	41.4497	-81.5191
OH	Highland Holiday	39.1967	-83.4656
OH	Highpoint	39.2892	-84.3471
OH	Hilliard	40.0347	-83.1578
OH	Hills and Dales	40.8291	-81.444
OH	Hillsboro	39.2123	-83.6112
OH	Hilltop	41.1626	-80.7408
OH	Hiram	41.3115	-81.1429
OH	Hockingport	39.1936	-81.7421
OH	Holgate	41.2493	-84.1292
OH	Holiday City	41.6213	-84.5405
OH	Holiday Lakes	41.0951	-82.7328
OH	Holiday Valley	39.8536	-83.962
OH	Holland	41.6193	-83.7082
OH	Hollansburg	39.9985	-84.793
OH	Holloway	40.1618	-81.1309
OH	Holmesville	40.6286	-81.9233
OH	Homeworth	40.8361	-81.0651
OH	Hooven	39.1822	-84.7699
OH	Hopedale	40.3267	-80.8956
OH	Howard	40.4093	-82.3274
OH	Howland Center	41.2483	-80.7444
OH	Hoytville	41.1904	-83.7849
OH	Hubbard	41.1581	-80.5647
OH	Huber Heights	39.8589	-84.1129
OH	Huber Ridge	40.0916	-82.9175
OH	Hudson	41.2392	-81.4416
OH	Hunter	39.494	-84.2851
OH	Hunting Valley	41.4844	-81.4128
OH	Huntsville	40.4423	-83.8045
OH	Huron	41.3976	-82.5626
OH	Iberia	40.6823	-82.8334
OH	Independence	41.38	-81.6333
OH	Irondale	40.5722	-80.7257
OH	Ironton	38.5326	-82.6781
OH	Ithaca	39.9377	-84.5533
OH	Jackson	39.0445	-82.6447
OH	Jackson Center	40.439	-84.0408
OH	Jacksonburg	39.5384	-84.5033
OH	Jacksontown	39.9656	-82.4098
OH	Jacksonville	39.4759	-82.0795
OH	Jamestown	39.6572	-83.7538
OH	Jefferson	41.7384	-80.7688
OH	Jeffersonville	39.6534	-83.5516
OH	Jenera	40.8995	-83.7271
OH	Jeromesville	40.8038	-82.1962
OH	Jerry City	41.2537	-83.6023
OH	Jersey	40.0587	-82.7206
OH	Jerusalem	39.8519	-81.0959
OH	Jewett	40.3681	-81.003
OH	Johnstown	40.1491	-82.6869
OH	Junction City	39.7216	-82.3001
OH	Kalida	40.9862	-84.1942
OH	Kanauga	38.8417	-82.1505
OH	Kansas	41.2452	-83.2839
OH	Kelleys Island	41.6026	-82.7065
OH	Kent	41.1476	-81.362
OH	Kenton	40.6445	-83.61
OH	Kenwood	39.2077	-84.3751
OH	Kettering	39.696	-84.1504
OH	Kettlersville	40.4353	-84.2549
OH	Kidron	40.7464	-81.7495
OH	Kilbourne	40.3323	-82.9592
OH	Killbuck	40.4961	-81.9823
OH	Kimbolton	40.1509	-81.5758
OH	Kings Mills	39.3583	-84.2438
OH	Kingston	39.4723	-82.912
OH	Kingsville	41.882	-80.675
OH	Kinsman Center	41.4527	-80.584
OH	Kipton	41.2666	-82.3043
OH	Kirby	40.8135	-83.4194
OH	Kirkersville	39.9411	-82.5919
OH	Kirtland	41.5964	-81.3394
OH	Kirtland Hills	41.638	-81.3264
OH	Kunkle	41.6359	-84.4942
OH	La Croft	40.6468	-80.5998
OH	La Rue	40.5781	-83.3821
OH	LaGrange	41.2404	-82.1135
OH	Lafayette	39.9408	-83.4055
OH	Lafferty	40.1166	-81.022
OH	Lake Buckhorn	40.4724	-81.91
OH	Lake Darby	39.9622	-83.2196
OH	Lake Lakengren	39.687	-84.6888
OH	Lake Lorelei	39.1906	-83.971
OH	Lake Milton	41.094	-80.9758
OH	Lake Mohawk	40.661	-81.1926
OH	Lake Seneca	41.6658	-84.6472
OH	Lake Tomahawk	40.7614	-80.5963
OH	Lake Waynoka	38.94	-83.7807
OH	Lakeline	41.6595	-81.4545
OH	Lakemore	41.0227	-81.4234
OH	Lakeside	41.5409	-82.7534
OH	Lakeview	40.4877	-83.9307
OH	Lakewood	41.4833	-81.8011
OH	Lancaster	39.7252	-82.6052
OH	Landen	39.3171	-84.2763
OH	Lansing	40.0761	-80.7924
OH	Latty	41.0879	-84.5832
OH	Laura	39.9951	-84.4084
OH	Laurelville	39.4739	-82.7364
OH	Lawrenceville	39.9843	-83.8765
OH	Leavittsburg	41.2469	-80.8775
OH	Lebanon	39.4256	-84.2132
OH	Leesburg	39.3418	-83.5519
OH	Leesville	40.4521	-81.2096
OH	Leetonia	40.8788	-80.7629
OH	Leipsic	41.1131	-83.9676
OH	Lewisburg	39.8506	-84.5435
OH	Lewistown	40.4238	-83.8846
OH	Lewisville	39.7671	-81.2182
OH	Lexington	40.6796	-82.5782
OH	Liberty Center	41.4436	-84.0078
OH	Lima	40.7407	-84.1121
OH	Limaville	40.9855	-81.1507
OH	Lincoln Heights	39.2435	-84.457
OH	Lincoln Village	39.953	-83.132
OH	Lindsey	41.4217	-83.221
OH	Linndale	41.4451	-81.7664
OH	Lisbon	40.7751	-80.7628
OH	Lithopolis	39.8146	-82.8174
OH	Little Hocking	39.2585	-81.703
OH	Lloydsville	40.0678	-80.9977
OH	Lockbourne	39.8089	-82.9873
OH	Lockington	40.2076	-84.2373
OH	Lockland	39.2279	-84.4565
OH	Lodi	41.0388	-82.0099
OH	Logan	39.5384	-82.4064
OH	Logan Elm Village	39.5702	-82.9467
OH	London	39.8928	-83.4389
OH	Lorain	41.4388	-82.1797
OH	Lordstown	41.171	-80.8663
OH	Lore City	39.9832	-81.4601
OH	Loudonville	40.634	-82.2323
OH	Louisville	40.837	-81.2642
OH	Loveland	39.2677	-84.2688
OH	Loveland Park	39.2958	-84.264
OH	Lowell	39.5294	-81.5076
OH	Lowellville	41.0372	-80.5422
OH	Lower Salem	39.5651	-81.3925
OH	Lucas	40.7041	-82.422
OH	Lucasville	38.874	-82.9903
OH	Luckey	41.4519	-83.4829
OH	Ludlow Falls	39.9981	-84.3392
OH	Lynchburg	39.2395	-83.786
OH	Lyndhurst	41.5169	-81.4948
OH	Lyons	41.7005	-84.0719
OH	Macedonia	41.3149	-81.5016
OH	Mack	39.1492	-84.6795
OH	Macksburg	39.6311	-81.4568
OH	Madeira	39.1851	-84.3731
OH	Madison	41.7723	-81.053
OH	Madison Place	39.1553	-84.3765
OH	Magnetic Springs	40.3537	-83.2627
OH	Magnolia	40.6531	-81.2928
OH	Maineville	39.3195	-84.1851
OH	Malinta	41.3196	-84.0354
OH	Malta	39.6511	-81.8632
OH	Malvern	40.6895	-81.1804
OH	Manchester	38.6892	-83.6066
OH	Mansfield	40.7667	-82.5308
OH	Mantua	41.282	-81.2224
OH	Maple Heights	41.409	-81.5629
OH	Maple Ridge	40.9125	-81.0484
OH	Maplewood Park	41.1393	-80.5798
OH	Marathon	39.1453	-84.0062
OH	Marble Cliff	39.9855	-83.0613
OH	Marblehead	41.5349	-82.724
OH	Marengo	40.4008	-82.811
OH	Maria Stein	40.4003	-84.4792
OH	Mariemont	39.1425	-84.379
OH	Marietta	39.4232	-81.4464
OH	Marion	40.5967	-83.1232
OH	Marlboro	40.9506	-81.2169
OH	Marne	40.0738	-82.3029
OH	Marseilles	40.701	-83.3923
OH	Marshallville	40.8996	-81.7329
OH	Martins Ferry	40.1043	-80.7291
OH	Martinsburg	40.2698	-82.3544
OH	Martinsville	39.323	-83.8123
OH	Marysville	40.228	-83.3594
OH	Mason	39.3517	-84.302
OH	Massieville	39.2631	-82.9659
OH	Massillon	40.7845	-81.5252
OH	Masury	41.2085	-80.537
OH	Matamoras	39.5184	-81.0733
OH	Maumee	41.5711	-83.6663
OH	Mayfield	41.5472	-81.4343
OH	Mayfield Heights	41.5173	-81.4539
OH	McArthur	39.2472	-82.4783
OH	McClure	41.371	-83.9414
OH	McComb	41.1067	-83.7895
OH	McConnelsville	39.6607	-81.8405
OH	McCutchenville	40.9938	-83.2529
OH	McDermott	38.8321	-83.0603
OH	McDonald	41.1636	-80.7233
OH	McGuffey	40.6928	-83.7859
OH	McKinley Heights	41.1911	-80.7192
OH	Mechanicsburg	40.0735	-83.556
OH	Medina	41.1346	-81.8695
OH	Medway	39.8837	-84.0136
OH	Melmore	41.0262	-83.105
OH	Melrose	41.0887	-84.42
OH	Mendon	40.6727	-84.5179
OH	Mentor	41.6902	-81.3359
OH	Mentor-on-the-Lake	41.7151	-81.3635
OH	Metamora	41.7115	-83.905
OH	Meyers Lake	40.8144	-81.4216
OH	Miami Heights	39.1676	-84.7151
OH	Miamisburg	39.6309	-84.2707
OH	Miamitown	39.2139	-84.7133
OH	Miamiville	39.2121	-84.3003
OH	Middle Point	40.856	-84.4468
OH	Middlebranch	40.8968	-81.3322
OH	Middleburg Heights	41.3699	-81.8135
OH	Middlefield	41.4605	-81.0712
OH	Middleport	38.9937	-82.0652
OH	Middletown	39.503	-84.3649
OH	Midland	39.3069	-83.9108
OH	Midvale	40.436	-81.3703
OH	Midway	39.7332	-83.4766
OH	Mifflin	40.7735	-82.3639
OH	Milan	41.2888	-82.6019
OH	Milford	39.1652	-84.2848
OH	Milford Center	40.1793	-83.4385
OH	Millbury	41.5647	-83.4255
OH	Milledgeville	39.5934	-83.5878
OH	Miller	38.5329	-82.3064
OH	Miller City	41.1037	-84.13
OH	Millersburg	40.5534	-81.9168
OH	Millersport	39.8964	-82.542
OH	Millfield	39.4358	-82.0958
OH	Millville	39.3924	-84.6529
OH	Milton Center	41.3007	-83.8297
OH	Miltonsburg	39.8313	-81.1648
OH	Mineral City	40.6027	-81.3615
OH	Mineral Ridge	41.1379	-80.7604
OH	Minerva	40.7306	-81.1022
OH	Minerva Park	40.0762	-82.9431
OH	Minford	38.8615	-82.8489
OH	Mingo Junction	40.3253	-80.6194
OH	Minster	40.3948	-84.3789
OH	Mitiwanga	41.3809	-82.4628
OH	Mogadore	41.0525	-81.4073
OH	Monfort Heights	39.1821	-84.6066
OH	Monroe	39.446	-84.3658
OH	Monroeville	41.2438	-82.7026
OH	Montezuma	40.4894	-84.5498
OH	Montgomery	39.2512	-84.348
OH	Montpelier	41.5842	-84.5916
OH	Montrose-Ghent	41.1567	-81.6436
OH	Moraine	39.6975	-84.2427
OH	Moreland Hills	41.4418	-81.4357
OH	Morgandale	41.267	-80.7958
OH	Morral	40.6914	-83.2098
OH	Morristown	40.0631	-81.0705
OH	Morrow	39.3486	-84.1205
OH	Moscow	38.8599	-84.2283
OH	Mount Blanchard	40.8985	-83.5567
OH	Mount Carmel	39.0977	-84.2951
OH	Mount Cory	40.9349	-83.8236
OH	Mount Eaton	40.6948	-81.7022
OH	Mount Gilead	40.554	-82.8279
OH	Mount Healthy	39.2338	-84.5467
OH	Mount Healthy Heights	39.2712	-84.5699
OH	Mount Hope	40.6242	-81.7726
OH	Mount Orab	39.0293	-83.9267
OH	Mount Pleasant	40.1759	-80.7997
OH	Mount Repose	39.1896	-84.2206
OH	Mount Sterling	39.7133	-83.2735
OH	Mount Vernon	40.3862	-82.484
OH	Mount Victory	40.5337	-83.5211
OH	Mowrystown	39.0425	-83.7522
OH	Mulberry	39.1975	-84.2511
OH	Munroe Falls	41.1396	-81.4361
OH	Murray City	39.5088	-82.1691
OH	Mutual	40.0794	-83.6369
OH	Nankin	40.9157	-82.2895
OH	Napoleon	41.398	-84.125
OH	Nashport	40.0728	-82.167
OH	Nashville	40.5958	-82.113
OH	Navarre	40.7277	-81.5158
OH	Neapolis	41.4906	-83.8747
OH	Neffs	40.0392	-80.8155
OH	Negley	40.7927	-80.5359
OH	Nellie	40.3385	-82.0714
OH	Nelsonville	39.4602	-82.2214
OH	Nettle Lake	41.6779	-84.7259
OH	Nevada	40.8188	-83.1312
OH	Neville	38.813	-84.2099
OH	New Albany	40.09	-82.7763
OH	New Alexandria	40.2916	-80.6751
OH	New Athens	40.1844	-80.9943
OH	New Baltimore	39.2724	-84.6657
OH	New Bavaria	41.2036	-84.1672
OH	New Bloomington	40.5837	-83.3125
OH	New Boston	38.7513	-82.9362
OH	New Bremen	40.4355	-84.3778
OH	New Burlington	39.2656	-84.5546
OH	New California	40.1466	-83.2367
OH	New Carlisle	39.9444	-84.0277
OH	New Concord	39.9937	-81.7381
OH	New Franklin	40.9543	-81.5849
OH	New Hampshire	40.554	-83.9532
OH	New Haven	41.0289	-82.6875
OH	New Holland	39.5545	-83.2595
OH	New Knoxville	40.4947	-84.315
OH	New Lebanon	39.744	-84.3942
OH	New Lexington	39.7168	-82.2067
OH	New London	41.0797	-82.4062
OH	New Madison	39.9671	-84.7081
OH	New Marshfield	39.3245	-82.2171
OH	New Miami	39.4321	-84.5406
OH	New Middletown	40.9655	-80.5583
OH	New Paris	39.8567	-84.7919
OH	New Philadelphia	40.4865	-81.4402
OH	New Pittsburg	40.8467	-82.0952
OH	New Richmond	38.9738	-84.2815
OH	New Riegel	41.0519	-83.319
OH	New Springfield	40.9179	-80.6007
OH	New Straitsville	39.5783	-82.2288
OH	New Vienna	39.3258	-83.6928
OH	New Washington	40.9604	-82.8546
OH	New Waterford	40.8478	-80.6188
OH	New Weston	40.337	-84.6436
OH	Newark	40.0715	-82.4242
OH	Newburgh Heights	41.4509	-81.6627
OH	Newcomerstown	40.2753	-81.596
OH	Newport	39.398	-81.2208
OH	Newton Falls	41.1926	-80.968
OH	Newtown	39.1236	-84.3507
OH	Ney	41.3806	-84.5212
OH	Niles	41.1878	-80.7531
OH	North Baltimore	41.1798	-83.6683
OH	North Bend	39.1492	-84.7353
OH	North Canton	40.8741	-81.3971
OH	North College Hill	39.2171	-84.552
OH	North Fairfield	41.1048	-82.6128
OH	North Hampton	39.9893	-83.944
OH	North Industry	40.7362	-81.3728
OH	North Kingsville	41.9254	-80.6757
OH	North Lawrence	40.8419	-81.6399
OH	North Lewisburg	40.2206	-83.5579
OH	North Lima	40.9474	-80.664
OH	North Madison	41.8298	-81.051
OH	North Olmsted	41.4149	-81.9191
OH	North Perry	41.8003	-81.1241
OH	North Randall	41.4318	-81.5303
OH	North Ridgeville	41.3863	-82.0228
OH	North Robinson	40.7924	-82.8568
OH	North Royalton	41.3159	-81.7481
OH	North Star	40.3243	-84.5689
OH	North Zanesville	39.9862	-81.9923
OH	Northbrook	39.2467	-84.5796
OH	Northfield	41.3389	-81.5268
OH	Northgate	39.253	-84.5927
OH	Northridge	39.9971	-83.777
OH	Northwood	41.6101	-83.4827
OH	Norton	41.0289	-81.6455
OH	Norwalk	41.2446	-82.6089
OH	Norwich	39.9846	-81.7922
OH	Norwood	39.1605	-84.4536
OH	Oak Harbor	41.5051	-83.135
OH	Oak Hill	38.8973	-82.5693
OH	Oakwood	41.3673	-81.5037
OH	Oberlin	41.2861	-82.2196
OH	Obetz	39.8644	-82.9446
OH	Oceola	40.8441	-83.0948
OH	Octa	39.6134	-83.6106
OH	Ohio City	40.7703	-84.6162
OH	Old Fort	41.2419	-83.1514
OH	Old Washington	40.0376	-81.4442
OH	Olde West Chester	39.3352	-84.4035
OH	Olmsted Falls	41.3657	-81.9038
OH	Ontario	40.7682	-82.6148
OH	Orange	41.4426	-81.4717
OH	Orangeville	41.344	-80.5242
OH	Oregon	41.656	-83.4383
OH	Orient	39.8067	-83.1518
OH	Orrville	40.8483	-81.7769
OH	Orwell	41.536	-80.8592
OH	Osgood	40.3395	-84.4961
OH	Ostrander	40.269	-83.2074
OH	Ottawa	41.0198	-84.0353
OH	Ottawa Hills	41.6671	-83.6398
OH	Ottoville	40.9342	-84.3387
OH	Otway	38.8649	-83.1882
OH	Owensville	39.1208	-84.1361
OH	Oxford	39.5056	-84.7443
OH	Painesville	41.7216	-81.2584
OH	Palestine	40.0502	-84.7443
OH	Pancoastburg	39.6239	-83.265
OH	Pandora	40.9452	-83.954
OH	Park Layne	39.8881	-84.0394
OH	Parkman	41.3722	-81.055
OH	Parma	41.3836	-81.7286
OH	Parma Heights	41.3834	-81.7613
OH	Parral	40.5609	-81.4951
OH	Pataskala	40.0198	-82.7199
OH	Patterson	40.7822	-83.5261
OH	Paulding	41.1427	-84.5827
OH	Payne	41.0798	-84.7272
OH	Peebles	38.9463	-83.4094
OH	Pekin	40.7207	-81.1246
OH	Pemberville	41.4096	-83.4588
OH	Peninsula	41.234	-81.5532
OH	Pepper Pike	41.4794	-81.4602
OH	Perry	41.7637	-81.143
OH	Perry Heights	40.7985	-81.4688
OH	Perrysburg	41.539	-83.6441
OH	Perrysville	40.6584	-82.3144
OH	Petersburg	40.91	-80.5336
OH	Pettisville	41.5329	-84.2244
OH	Pheasant Run	41.2114	-82.1455
OH	Phillipsburg	39.904	-84.401
OH	Philo	39.8613	-81.9088
OH	Pickerington	39.8875	-82.7641
OH	Pigeon Creek	41.1101	-81.6722
OH	Piketon	39.066	-82.9971
OH	Pioneer	41.6788	-84.5501
OH	Piqua	40.1459	-84.2435
OH	Pitsburg	39.9872	-84.4878
OH	Plain City	40.1075	-83.2736
OH	Plainfield	40.2051	-81.7182
OH	Plainville	39.1438	-84.3593
OH	Pleasant City	39.9033	-81.5438
OH	Pleasant Grove	39.952	-81.9573
OH	Pleasant Hill	40.0506	-84.3462
OH	Pleasant Hills	39.2365	-84.5229
OH	Pleasant Plain	39.2784	-84.1121
OH	Pleasant Run	39.2927	-84.5757
OH	Pleasant Run Farm	39.3016	-84.5493
OH	Pleasantville	39.8098	-82.5224
OH	Plumwood	40.0088	-83.4148
OH	Plymouth	40.997	-82.6674
OH	Poland	41.0229	-80.6154
OH	Polk	40.9452	-82.2143
OH	Pomeroy	39.0347	-82.0324
OH	Port Clinton	41.5097	-82.9383
OH	Port Jefferson	40.3306	-84.0924
OH	Port Washington	40.3267	-81.5194
OH	Port William	39.5519	-83.7857
OH	Portage	41.3232	-83.6468
OH	Portage Lakes	41.0093	-81.5394
OH	Portsmouth	38.7534	-82.9495
OH	Potsdam	39.9637	-84.4148
OH	Pottery Addition	40.4025	-80.6244
OH	Powell	40.1677	-83.0816
OH	Powhatan Point	39.8623	-80.8096
OH	Proctorville	38.4376	-82.3821
OH	Prospect	40.4539	-83.1848
OH	Pulaski	41.5108	-84.5079
OH	Put-in-Bay	41.6533	-82.8175
OH	Quaker City	39.9697	-81.2974
OH	Quincy	40.2955	-83.9687
OH	Racine	38.9684	-81.9106
OH	Radnor	40.3852	-83.1459
OH	Rarden	38.9233	-83.242
OH	Ravenna	41.1616	-81.2421
OH	Rawson	40.9569	-83.7851
OH	Rayland	40.1834	-80.6918
OH	Raymond	40.3405	-83.4682
OH	Reading	39.2242	-84.4333
OH	Reedurban	40.7979	-81.4358
OH	Reminderville	41.3272	-81.3974
OH	Remington	39.2292	-84.3229
OH	Rendville	39.6232	-82.0893
OH	Reno	39.3742	-81.3905
OH	Reno Beach	41.6624	-83.2656
OH	Republic	41.125	-83.0167
OH	Reynoldsburg	39.9613	-82.7889
OH	Richfield	41.2331	-81.6439
OH	Richmond	40.4329	-80.7719
OH	Richmond Dale	39.2042	-82.8122
OH	Richmond Heights	41.5606	-81.5077
OH	Richville	40.7521	-81.4662
OH	Richwood	40.4274	-83.2944
OH	Ridgeville Corners	41.4388	-84.2554
OH	Ridgeway	40.5122	-83.5691
OH	Ridgewood	39.1899	-84.4344
OH	Rio Grande	38.8802	-82.3794
OH	Ripley	38.7308	-83.8329
OH	Risingsun	41.2671	-83.4269
OH	Rittman	40.9734	-81.7846
OH	Riverlea	40.0804	-83.025
OH	Riverside	39.7826	-84.1239
OH	Roachester	39.3539	-84.0989
OH	Roaming Shores	41.6388	-80.8283
OH	Robertsville	40.762	-81.1938
OH	Rochester	41.1241	-82.3063
OH	Rock Creek	41.6604	-80.8545
OH	Rockbridge	39.5862	-82.5262
OH	Rockford	40.691	-84.6499
OH	Rocky Fork Point	39.1889	-83.4876
OH	Rocky Ridge	41.5304	-83.2134
OH	Rocky River	41.4731	-81.8538
OH	Rogers	40.7897	-80.6275
OH	Rome	38.6662	-83.3781
OH	Rose Farm	39.7364	-82.0775
OH	Roseland	40.7863	-82.5472
OH	Rosemount	38.7739	-82.975
OH	Roseville	39.8065	-82.0756
OH	Rosewood	40.2174	-83.9634
OH	Ross	39.3139	-84.6601
OH	Rossburg	40.2802	-84.6383
OH	Rossford	41.5776	-83.5722
OH	Rossmoyne	39.2153	-84.3888
OH	Roswell	40.4759	-81.3479
OH	Rudolph	41.2966	-83.664
OH	Rushsylvania	40.4613	-83.6712
OH	Rushville	39.7644	-82.4303
OH	Russells Point	40.4674	-83.8935
OH	Russellville	38.8673	-83.7878
OH	Russia	40.234	-84.4067
OH	Rutland	39.0413	-82.1286
OH	Sabina	39.4909	-83.6353
OH	Salem	40.9046	-80.8489
OH	Salem Heights	39.0658	-84.384
OH	Salesville	39.9741	-81.3366
OH	Salineville	40.6207	-80.8344
OH	Sandusky	41.4559	-82.7144
OH	Sandyville	40.6469	-81.367
OH	Sarahsville	39.8071	-81.4695
OH	Sardinia	39.0071	-83.8021
OH	Sardis	39.6269	-80.9058
OH	Savannah	40.9694	-82.3696
OH	Sawyerwood	41.0344	-81.4408
OH	Saybrook-on-the-Lake	41.867	-80.8791
OH	Scio	40.399	-81.0882
OH	Sciotodale	38.7513	-82.851
OH	Scott	40.9887	-84.584
OH	Seaman	38.9309	-83.5677
OH	Sebring	40.92	-81.0253
OH	Senecaville	39.9348	-81.4595
OH	Seven Hills	41.3793	-81.6763
OH	Seven Mile	39.4859	-84.5523
OH	Seville	41.0207	-81.8671
OH	Shadyside	39.9719	-80.751
OH	Shaker Heights	41.4761	-81.5492
OH	Sharon Center	41.096	-81.7393
OH	Sharonville	39.2806	-84.4075
OH	Shawnee	39.1397	-84.7778
OH	Shawnee Hills	39.6497	-83.7883
OH	Sheffield	41.4569	-82.094
OH	Sheffield Lake	41.4883	-82.0979
OH	Shelby	40.8851	-82.6583
OH	Sherrodsville	40.4945	-81.2441
OH	Sherwood	41.292	-84.5481
OH	Shiloh	39.815	-84.2323
OH	Shreve	40.6813	-82.0218
OH	Sidney	40.2895	-84.1667
OH	Silver Lake	41.1563	-81.4557
OH	Silverton	39.1884	-84.4009
OH	Sinking Spring	39.0747	-83.3871
OH	Sixteen Mile Stand	39.2753	-84.3269
OH	Skyline Acres	39.2274	-84.5664
OH	Smithville	40.8625	-81.8605
OH	Solon	41.386	-81.4408
OH	Somerset	39.8066	-82.2996
OH	Somerville	39.5638	-84.6393
OH	South Amherst	41.3462	-82.2353
OH	South Bloomfield	39.717	-82.9933
OH	South Canal	41.1719	-80.9927
OH	South Charleston	39.8248	-83.6437
OH	South Euclid	41.524	-81.5245
OH	South Lebanon	39.3633	-84.2201
OH	South Mount Vernon	40.3824	-82.5019
OH	South Point	38.4222	-82.5791
OH	South Russell	41.4338	-81.328
OH	South Salem	39.3372	-83.3071
OH	South Solon	39.7373	-83.6126
OH	South Vienna	39.9293	-83.6139
OH	South Webster	38.817	-82.7325
OH	South Zanesville	39.9036	-82.0179
OH	Sparta	40.3944	-82.6996
OH	Spencer	41.0978	-82.1218
OH	Spencerville	40.708	-84.3532
OH	Spring Valley	39.6111	-84.0079
OH	Springboro	39.5622	-84.2336
OH	Springdale	39.2906	-84.4758
OH	Springfield	39.9289	-83.7942
OH	St. Bernard	39.1717	-84.4941
OH	St. Clairsville	40.0783	-80.8992
OH	St. Henry	40.4203	-84.6315
OH	St. Johns	40.5555	-84.0802
OH	St. Louisville	40.1711	-82.4181
OH	St. Martin	39.2118	-83.8844
OH	St. Marys	40.5476	-84.3923
OH	St. Paris	40.1269	-83.9644
OH	Stafford	39.7124	-81.2766
OH	Sterling	40.9662	-81.8439
OH	Steubenville	40.3663	-80.6571
OH	Stewart	39.308	-81.8975
OH	Stockdale	38.9578	-82.8574
OH	Stockport	39.5489	-81.7944
OH	Stone Creek	40.3988	-81.5553
OH	Stony Prairie	41.3487	-83.1443
OH	Stony Ridge	41.5075	-83.5093
OH	Stoutsville	39.605	-82.8234
OH	Stow	41.1763	-81.4365
OH	Strasburg	40.6006	-81.5294
OH	Stratton	40.5254	-80.6314
OH	Streetsboro	41.2396	-81.3459
OH	Strongsville	41.313	-81.8317
OH	Struthers	41.0512	-80.5927
OH	Stryker	41.5028	-84.4169
OH	Suffield	41.0147	-81.3378
OH	Sugar Bush Knolls	41.2032	-81.351
OH	Sugar Grove	39.6304	-82.5448
OH	Sugarcreek	40.5077	-81.6406
OH	Sullivan	41.0211	-82.2147
OH	Sulphur Springs	40.8722	-82.8764
OH	Summerfield	39.7968	-81.3353
OH	Summerside	39.1187	-84.2861
OH	Summitville	40.6718	-80.8896
OH	Sunbury	40.2494	-82.8802
OH	Swanton	41.5849	-83.8852
OH	Sycamore	40.9517	-83.171
OH	Sylvania	41.7104	-83.7102
OH	Syracuse	39.0012	-81.9707
OH	Tallmadge	41.1061	-81.4248
OH	Tarlton	39.5543	-82.7781
OH	Taylor Creek	39.2293	-84.6781
OH	Tedrow	41.6029	-84.2043
OH	Terrace Park	39.1586	-84.3122
OH	The Plains	39.3652	-82.1336
OH	The Village of Indian Hill	39.1886	-84.336
OH	Thornport	39.9212	-82.4276
OH	Thornville	39.8946	-82.4202
OH	Thurston	39.8417	-82.5484
OH	Tiffin	41.1149	-83.1805
OH	Tiltonsville	40.1724	-80.6976
OH	Timberlake	41.6655	-81.4428
OH	Tipp City	39.9645	-84.1864
OH	Tippecanoe	40.2738	-81.2811
OH	Tiro	40.9062	-82.769
OH	Toledo	41.6641	-83.5819
OH	Tontogany	41.421	-83.741
OH	Toronto	40.4579	-80.6096
OH	Tremont City	40.0139	-83.8384
OH	Trenton	39.4788	-84.4664
OH	Trimble	39.4859	-82.0816
OH	Trinway	40.1376	-82.0119
OH	Trotwood	39.7918	-84.3218
OH	Troy	40.0439	-84.2195
OH	Tuppers Plains	39.1726	-81.8466
OH	Turpin Hills	39.1074	-84.375
OH	Tuscarawas	40.3919	-81.3965
OH	Twinsburg	41.3226	-81.4431
OH	Twinsburg Heights	41.3064	-81.4579
OH	Uhrichsville	40.4041	-81.349
OH	Union	39.9066	-84.2933
OH	Union City	40.1985	-84.7892
OH	Uniontown	40.9594	-81.4037
OH	Unionville Center	40.1371	-83.3413
OH	Uniopolis	40.6023	-84.0857
OH	University Heights	41.4948	-81.5349
OH	Upper Arlington	40.0276	-83.0707
OH	Upper Sandusky	40.8307	-83.2707
OH	Urbana	40.1091	-83.755
OH	Urbancrest	39.9015	-83.0882
OH	Utica	40.2371	-82.4415
OH	Valley City	41.2336	-81.9396
OH	Valley Hi	40.3162	-83.676
OH	Valley View	41.3815	-81.6083
OH	Valleyview	39.9639	-83.0723
OH	Van Buren	41.1387	-83.6494
OH	Van Wert	40.8648	-84.5885
OH	Vandalia	39.879	-84.1922
OH	Vanlue	40.9741	-83.4848
OH	Vaughnsville	40.8802	-84.1453
OH	Venedocia	40.785	-84.4559
OH	Vermilion	41.408	-82.3173
OH	Verona	39.9013	-84.506
OH	Versailles	40.2223	-84.4827
OH	Vickery	41.3769	-82.9415
OH	Vienna Center	41.2345	-80.6541
OH	Vincent	39.3753	-81.6712
OH	Vinton	38.9804	-82.3323
OH	Wadsworth	41.0274	-81.7322
OH	Waite Hill	41.6087	-81.3888
OH	Wakeman	41.2532	-82.4027
OH	Walbridge	41.5861	-83.4874
OH	Waldo	40.4598	-83.0848
OH	Walnut Creek	40.5465	-81.7296
OH	Walton Hills	41.3709	-81.5587
OH	Wapakoneta	40.5652	-84.1907
OH	Warren	41.2396	-80.816
OH	Warrensville Heights	41.4372	-81.5218
OH	Warsaw	40.3356	-82.001
OH	Washington Court House	39.5379	-83.4278
OH	Washingtonville	40.8963	-80.768
OH	Waterford	39.5387	-81.6442
OH	Waterville	41.502	-83.7369
OH	Wauseon	41.5534	-84.1401
OH	Waverly	39.126	-82.9837
OH	Wayne	41.301	-83.4717
OH	Wayne Lakes	40.0217	-84.6632
OH	Waynesburg	40.6681	-81.2599
OH	Waynesfield	40.6025	-83.9739
OH	Waynesville	39.5319	-84.0909
OH	Wellington	41.1523	-82.2263
OH	Wellston	39.1174	-82.5376
OH	Wellsville	40.6039	-80.6557
OH	West Alexandria	39.7451	-84.5361
OH	West Carrollton	39.6697	-84.2555
OH	West Elkton	39.5881	-84.5598
OH	West Farmington	41.391	-80.974
OH	West Hill	41.23	-80.527
OH	West Jefferson	39.9494	-83.3084
OH	West Lafayette	40.276	-81.7517
OH	West Leipsic	41.1053	-84.0012
OH	West Liberty	40.2568	-83.7584
OH	West Logan	39.538	-82.4291
OH	West Manchester	39.9033	-84.6263
OH	West Mansfield	40.4014	-83.544
OH	West Millgrove	41.2427	-83.4914
OH	West Milton	39.9591	-84.3262
OH	West Portsmouth	38.7666	-83.0364
OH	West Rushville	39.7644	-82.4498
OH	West Salem	40.9698	-82.1079
OH	West Union	38.7917	-83.5441
OH	West Unity	41.589	-84.4303
OH	Westerville	40.1234	-82.9133
OH	Westfield Center	41.0283	-81.9315
OH	Westlake	41.4495	-81.9302
OH	Westminster	40.701	-83.9751
OH	Weston	41.346	-83.7946
OH	Wetherington	39.3633	-84.3767
OH	Wharton	40.8613	-83.4648
OH	Wheelersburg	38.7415	-82.8455
OH	White Oak	39.2106	-84.6062
OH	Whitehall	39.969	-82.8839
OH	Whitehouse	41.5216	-83.7958
OH	Whites Landing	41.4309	-82.8948
OH	Wickliffe	41.6063	-81.468
OH	Wightmans Grove	41.4237	-83.0458
OH	Wilberforce	39.715	-83.8844
OH	Wilkesville	39.0765	-82.3266
OH	Wilkshire Hills	40.6396	-81.4322
OH	Willard	41.0519	-82.7235
OH	Williamsburg	39.0581	-84.0483
OH	Williamsdale	39.4421	-84.5298
OH	Williamsport	39.5817	-83.1205
OH	Williston	41.6026	-83.3419
OH	Willoughby	41.6453	-81.4144
OH	Willoughby Hills	41.5842	-81.433
OH	Willowick	41.6343	-81.4679
OH	Willshire	40.7464	-84.792
OH	Wilmington	39.4291	-83.8162
OH	Wilmot	40.6552	-81.6346
OH	Wilson	39.8605	-81.069
OH	Winchester	38.9435	-83.6541
OH	Windham	41.2394	-81.0395
OH	Winesburg	40.6175	-81.6947
OH	Wintersville	40.378	-80.7099
OH	Withamsville	39.0628	-84.2808
OH	Wolfhurst	40.0689	-80.7808
OH	Woodlawn	39.2556	-84.4711
OH	Woodmere	41.4599	-81.4799
OH	Woodsdale	39.4328	-84.4847
OH	Woodsfield	39.763	-81.1168
OH	Woodstock	40.1736	-83.5281
OH	Woodville	41.451	-83.364
OH	Woodworth	40.9768	-80.6562
OH	Wooster	40.817	-81.9315
OH	Worthington	40.0969	-83.0202
OH	Wren	40.8027	-84.7723
OH	Wright-Patterson AFB	39.8228	-84.0485
OH	Wyoming	39.2297	-84.4816
OH	Xenia	39.6831	-83.9408
OH	Yankee Lake	41.2682	-80.5679
OH	Yellow Springs	39.7984	-83.892
OH	Yorkshire	40.3255	-84.4951
OH	Yorkville	40.1538	-80.7071
OH	Youngstown	41.0991	-80.6459
OH	Zaleski	39.2819	-82.3943
OH	Zanesfield	40.3386	-83.6779
OH	Zanesville	39.956	-82.0135
OH	Zoar	40.613	-81.423
OK	Achille	33.8353	-96.3888
OK	Ada	34.7679	-96.6691
OK	Adair	36.4364	-95.2734
OK	Adams	36.7546	-101.0752
OK	Adamson	34.9248	-95.5476
OK	Addington	34.2431	-97.9661
OK	Afton	36.6965	-94.9575
OK	Agra	35.8949	-96.8702
OK	Akins	35.504	-94.6668
OK	Albany	33.8745	-96.1552
OK	Albion	34.6621	-95.0994
OK	Alderson	34.9006	-95.6894
OK	Alex	34.9228	-97.7763
OK	Aline	36.5097	-98.4487
OK	Allen	34.8776	-96.4129
OK	Altus	34.6571	-99.309
OK	Alva	36.7896	-98.6649
OK	Amber	35.1602	-97.8821
OK	Ames	36.247	-98.1861
OK	Amorita	36.924	-98.2936
OK	Anadarko	35.0653	-98.2445
OK	Antlers	34.233	-95.6228
OK	Apache	34.8942	-98.3587
OK	Arapaho	35.5778	-98.9593
OK	Arcadia	35.6655	-97.3255
OK	Ardmore	34.1965	-97.1318
OK	Arkoma	35.3302	-94.4483
OK	Armstrong	34.0528	-96.3448
OK	Arnett	36.1345	-99.7727
OK	Arpelar	34.9328	-95.9517
OK	Asher	34.9884	-96.9254
OK	Ashland	34.7656	-96.0709
OK	Atoka	34.3864	-96.1311
OK	Atwood	34.9552	-96.3368
OK	Avant	36.4896	-96.0463
OK	Avard	36.6974	-98.7894
OK	Bache	34.8943	-95.6505
OK	Badger Lee	35.4737	-94.819
OK	Baker	36.8704	-101.0177
OK	Ballou	36.1421	-95.1998
OK	Barber	35.7521	-94.8484
OK	Barnsdall	36.5609	-96.1558
OK	Baron	35.9355	-94.6021
OK	Bartlesville	36.7377	-95.9485
OK	Bearden	35.3643	-96.3886
OK	Beaver	36.8151	-100.5235
OK	Bee	34.1246	-96.5688
OK	Beggs	35.7414	-96.0665
OK	Belfonte	35.5429	-94.5512
OK	Bell	35.7297	-94.5679
OK	Bennington	34.0054	-96.0384
OK	Bentley	34.2174	-96.0797
OK	Bernice	36.6234	-94.9135
OK	Bessie	35.3854	-98.9892
OK	Bethany	35.5072	-97.6417
OK	Bethel Acres	35.3114	-97.0451
OK	Big Cabin	36.5423	-95.222
OK	Billings	36.5376	-97.4417
OK	Binger	35.3105	-98.3431
OK	Bison	36.1959	-97.8979
OK	Bixby	35.9456	-95.8783
OK	Blackburn	36.3733	-96.5966
OK	Blackgum	35.612	-94.9921
OK	Blackwell	36.8013	-97.3009
OK	Blair	34.7802	-99.3334
OK	Blanchard	35.1523	-97.6652
OK	Blanco	34.7508	-95.7736
OK	Blue	33.9899	-96.2304
OK	Bluejacket	36.8004	-95.074
OK	Boise City	36.7313	-102.5095
OK	Bokchito	34.0154	-96.1416
OK	Bokoshe	35.1904	-94.7904
OK	Boley	35.4899	-96.48
OK	Boswell	34.0276	-95.87
OK	Bowlegs	35.1473	-96.6693
OK	Bowring	36.8787	-96.1197
OK	Box	35.57	-94.9728
OK	Boynton	35.6494	-95.6541
OK	Bradley	34.878	-97.7087
OK	Braggs	35.6633	-95.1983
OK	Braman	36.9236	-97.3358
OK	Bray	34.6084	-97.8175
OK	Breckenridge	36.4572	-97.7255
OK	Brent	35.3662	-94.7925
OK	Briartown	35.2973	-95.2386
OK	Bridge Creek	35.2335	-97.7347
OK	Bridgeport	35.5476	-98.3775
OK	Briggs	35.9218	-94.8785
OK	Bristow	35.8336	-96.3944
OK	Broken Arrow	36.0365	-95.781
OK	Broken Bow	34.0289	-94.7414
OK	Bromide	34.4183	-96.4948
OK	Brooksville	35.2097	-96.9611
OK	Brush Creek	36.4165	-94.7839
OK	Brushy	35.5616	-94.7475
OK	Bryant	35.3923	-96.0623
OK	Buffalo	36.8294	-99.6377
OK	Bug Tussle	35.0333	-95.6756
OK	Bull Hollow	36.3046	-94.9008
OK	Bunch	35.6989	-94.7402
OK	Burbank	36.6961	-96.7281
OK	Burlington	36.9002	-98.4234
OK	Burneyville	33.8901	-97.2924
OK	Burns Flat	35.3547	-99.175
OK	Bushyhead	36.4617	-95.5052
OK	Butler	36.5387	-94.7406
OK	Byars	34.872	-97.0542
OK	Byng	34.8657	-96.6678
OK	Byron	36.9014	-98.2944
OK	Cache	34.6276	-98.6195
OK	Caddo	34.1256	-96.2637
OK	Calera	33.9308	-96.4291
OK	Calumet	35.6014	-98.1248
OK	Calvin	34.9664	-96.2499
OK	Camargo	36.0179	-99.2885
OK	Cameron	35.1375	-94.5393
OK	Canadian	35.174	-95.6494
OK	Canadian Shores	35.1729	-95.7421
OK	Caney	35.8296	-94.84
OK	Caney Ridge	35.7639	-94.8828
OK	Canton	36.055	-98.5884
OK	Canute	35.422	-99.2779
OK	Capron	36.8967	-98.5776
OK	Carlisle	35.5069	-95.0322
OK	Carlton Landing	35.2117	-95.557
OK	Carmen	36.5791	-98.4579
OK	Carnegie	35.1027	-98.5996
OK	Carney	35.8059	-97.0155
OK	Carrier	36.4786	-98.0172
OK	Carter	35.2169	-99.5036
OK	Cartwright	33.8554	-96.557
OK	Cashion	35.8009	-97.6757
OK	Castle	35.4681	-96.3916
OK	Catoosa	36.1803	-95.7703
OK	Cave Spring	35.7282	-94.7581
OK	Cayuga	36.6374	-94.6517
OK	Cedar Crest	36.1232	-95.1731
OK	Cedar Lake	35.427	-98.193
OK	Cedar Valley	35.8729	-97.5005
OK	Cement	34.9362	-98.1363
OK	Centrahoma	34.6104	-96.3437
OK	Central High	34.6143	-98.0886
OK	Chance	36.0675	-94.6463
OK	Chandler	35.7128	-96.8362
OK	Chattanooga	34.4239	-98.654
OK	Checotah	35.4824	-95.5228
OK	Chelsea	36.532	-95.4346
OK	Cherokee	36.7507	-98.3577
OK	Cherry Tree	35.7465	-94.6439
OK	Chester	36.2157	-98.9213
OK	Chewey	36.1125	-94.7257
OK	Cheyenne	35.6109	-99.6764
OK	Chickasha	35.0405	-97.9472
OK	Choctaw	35.485	-97.2699
OK	Chouteau	36.1895	-95.3389
OK	Christie	35.976	-94.6469
OK	Cimarron City	35.8888	-97.6032
OK	Claremore	36.3146	-95.6083
OK	Clarita	34.4841	-96.4449
OK	Clarksville	35.8241	-95.5141
OK	Clayton	34.5861	-95.3557
OK	Clearview	35.3982	-96.187
OK	Cleo Springs	36.4049	-98.44
OK	Cleora	36.595	-94.9429
OK	Cleveland	36.3109	-96.4722
OK	Clinton	35.5071	-98.9705
OK	Cloud Creek	36.2938	-94.7544
OK	Coalgate	34.5323	-96.2212
OK	Colbert	33.8584	-96.5076
OK	Colcord	36.2647	-94.6923
OK	Cole	35.0985	-97.5627
OK	Coleman	34.2647	-96.4206
OK	Collinsville	36.3693	-95.8618
OK	Colony	35.3485	-98.6715
OK	Comanche	34.3625	-97.9799
OK	Commerce	36.9349	-94.8615
OK	Connerville	34.4421	-96.6297
OK	Cookson	35.7213	-94.9155
OK	Cooperton	34.8665	-98.8759
OK	Copan	36.9005	-95.9253
OK	Copeland	36.6638	-94.8271
OK	Corn	35.3791	-98.7817
OK	Cornish	34.1636	-97.5964
OK	Cottonwood	34.5547	-96.2032
OK	Council Hill	35.5558	-95.6525
OK	Covington	36.3075	-97.5864
OK	Coweta	35.9718	-95.671
OK	Cowlington	35.3096	-94.784
OK	Coyle	35.9518	-97.236
OK	Crescent	35.9519	-97.5944
OK	Crescent Springs	35.8976	-97.6028
OK	Cromwell	35.3407	-96.4596
OK	Crowder	35.1182	-95.6778
OK	Cumberland	34.0587	-96.5924
OK	Cushing	35.9797	-96.7618
OK	Custer City	35.6638	-98.8869
OK	Cyril	34.8985	-98.2029
OK	Dacoma	36.6596	-98.5635
OK	Dale	35.3842	-97.0434
OK	Davenport	35.7094	-96.7642
OK	Davidson	34.2421	-99.0781
OK	Davis	34.4294	-97.1744
OK	Deer Creek	36.8067	-97.5195
OK	Deer Lick	36.4595	-94.7468
OK	Del City	35.4483	-97.4408
OK	Delaware	36.779	-95.6425
OK	Dennis	36.5473	-94.8769
OK	Depew	35.8014	-96.5111
OK	Devol	34.1954	-98.5882
OK	Dewar	35.4579	-95.9491
OK	Dewey	36.7904	-95.9337
OK	Dibble	35.0197	-97.6271
OK	Dickson	34.1902	-96.9988
OK	Dill City	35.2818	-99.1336
OK	Disney	36.4741	-95.0178
OK	Dixon	35.161	-96.5184
OK	Dodge	36.5789	-94.6385
OK	Dotyville	36.8514	-94.9098
OK	Dougherty	34.3998	-97.0515
OK	Douglas	36.2605	-97.6666
OK	Dover	35.9813	-97.9108
OK	Dripping Springs	36.1709	-94.6852
OK	Drowning Creek	36.4778	-94.8942
OK	Drummond	36.3017	-98.0358
OK	Drumright	35.9899	-96.5974
OK	Dry Creek	35.7388	-94.8733
OK	Duchess Landing	35.3985	-95.4166
OK	Duncan	34.4816	-97.9605
OK	Durant	33.9952	-96.3925
OK	Durham	35.8439	-99.9261
OK	Dustin	35.2712	-96.0278
OK	Dwight Mission	35.558	-94.8505
OK	Eagle City	35.9338	-98.59
OK	Eagletown	34.0419	-94.5702
OK	Eakly	35.3054	-98.5562
OK	Earl	34.2034	-96.8921
OK	Earlsboro	35.3292	-96.8029
OK	East Duke	34.6628	-99.5696
OK	Edgewater Park	34.8247	-98.3752
OK	Edmond	35.6738	-97.4131
OK	El Reno	35.5418	-97.9613
OK	Eldon	35.9401	-94.8092
OK	Eldorado	34.4729	-99.6496
OK	Elgin	34.7859	-98.2966
OK	Elk City	35.3896	-99.4287
OK	Elm Grove	35.796	-94.5681
OK	Elmer	34.4808	-99.3521
OK	Elmore City	34.6293	-97.394
OK	Elohim City	35.6415	-94.5105
OK	Emet	34.206	-96.5393
OK	Empire City	34.4776	-98.0594
OK	Enid	36.4067	-97.8699
OK	Enterprise	35.2248	-95.3769
OK	Erick	35.2156	-99.8687
OK	Erin Springs	34.8107	-97.6053
OK	Etowah	35.1259	-97.1704
OK	Etta	35.8362	-94.903
OK	Eufaula	35.2921	-95.5864
OK	Evening Shade	35.621	-94.9054
OK	Fair Oaks	36.159	-95.6907
OK	Fairfax	36.5701	-96.7079
OK	Fairfield	35.8375	-94.6082
OK	Fairland	36.7514	-94.8473
OK	Fairmont	36.356	-97.7055
OK	Fairview	36.2706	-98.477
OK	Fallis	35.7493	-97.1182
OK	Fanshawe	34.962	-94.9112
OK	Fargo	36.3742	-99.6222
OK	Faxon	34.4603	-98.5794
OK	Fay	35.8161	-98.6587
OK	Felt	36.5634	-102.7948
OK	Finley	34.3273	-95.4977
OK	Fittstown	34.609	-96.6405
OK	Fitzhugh	34.6576	-96.7669
OK	Fletcher	34.8237	-98.2314
OK	Flint Creek	36.1769	-94.7467
OK	Flute Springs	35.6267	-94.8
OK	Foraker	36.8728	-96.5692
OK	Forest Park	35.5096	-97.4469
OK	Forgan	36.907	-100.538
OK	Fort Cobb	35.1153	-98.4453
OK	Fort Coffee	35.2942	-94.5714
OK	Fort Gibson	35.7822	-95.2601
OK	Fort Supply	36.5721	-99.5735
OK	Fort Towson	34.0314	-95.2776
OK	Foss	35.45	-99.1707
OK	Foster	34.606	-97.4899
OK	Fox	34.3579	-97.495
OK	Foyil	36.4303	-95.5205
OK	Francis	34.8746	-96.5927
OK	Frederick	34.35	-98.988
OK	Freedom	36.7675	-99.1123
OK	Friendship	34.6978	-99.2287
OK	Gage	36.3181	-99.7576
OK	Gans	35.3874	-94.6946
OK	Garber	36.4367	-97.581
OK	Garvin	33.9572	-94.931
OK	Gate	36.8517	-100.0552
OK	Geary	35.6371	-98.317
OK	Gene Autry	34.3144	-97.0422
OK	Geronimo	34.4831	-98.3877
OK	Gerty	34.8357	-96.2889
OK	Gideon	35.9972	-95.0279
OK	Glencoe	36.2341	-96.9329
OK	Glenpool	35.9495	-96.0068
OK	Golden	34.0307	-94.903
OK	Goldsby	35.1239	-97.4866
OK	Goltry	36.5319	-98.151
OK	Goodwell	36.5948	-101.622
OK	Gore	35.5429	-95.1128
OK	Gotebo	35.0712	-98.8743
OK	Gould	34.6691	-99.7736
OK	Gowen	34.8833	-95.4724
OK	Gracemont	35.1879	-98.2591
OK	Grainola	36.9379	-96.6488
OK	Grand Lake Towne	36.5056	-95.0278
OK	Grandfield	34.2307	-98.6873
OK	Grandview	35.9648	-94.9987
OK	Granite	34.9512	-99.3684
OK	Grant	33.9365	-95.5179
OK	Grayson	35.5054	-95.8716
OK	Greasy	35.6819	-94.7025
OK	Greenfield	35.7291	-98.3775
OK	Greenville	34.0044	-97.1213
OK	Gregory	36.1697	-95.5741
OK	Grove	36.585	-94.7872
OK	Guthrie	35.8765	-97.4087
OK	Guymon	36.6901	-101.477
OK	Haileyville	34.8542	-95.5786
OK	Hallett	36.2319	-96.5679
OK	Hammon	35.6323	-99.3832
OK	Hanna	35.2021	-95.8892
OK	Hanson	35.438	-94.6984
OK	Hardesty	36.6148	-101.1937
OK	Harrah	35.472	-97.1827
OK	Hartshorne	34.8388	-95.5619
OK	Haskell	35.819	-95.6804
OK	Hastings	34.2243	-98.1087
OK	Haworth	33.8409	-94.657
OK	Haywood	34.8919	-95.952
OK	Headrick	34.6269	-99.1373
OK	Healdton	34.2315	-97.4872
OK	Heavener	34.892	-94.6078
OK	Helena	36.5465	-98.2719
OK	Hendrix	33.7753	-96.4071
OK	Hennepin	34.5172	-97.3454
OK	Hennessey	36.1058	-97.8986
OK	Henryetta	35.4417	-95.9864
OK	Hickory	34.5565	-96.8534
OK	Hillsdale	36.5632	-97.9927
OK	Hinton	35.4932	-98.3547
OK	Hitchcock	35.9677	-98.3497
OK	Hitchita	35.5198	-95.7517
OK	Hobart	35.0246	-99.0876
OK	Hochatown	34.1657	-94.7716
OK	Hodgen	34.8404	-94.6339
OK	Hoffman	35.4888	-95.8447
OK	Holdenville	35.0835	-96.4014
OK	Hollis	34.6897	-99.9153
OK	Hollister	34.3409	-98.8711
OK	Homestead	36.15	-98.397
OK	Hominy	36.4219	-96.393
OK	Honey Hill	35.7647	-94.5749
OK	Hooker	36.8613	-101.2162
OK	Hoot Owl	36.36	-95.1214
OK	Hopeton	36.6882	-98.662
OK	Horntown	35.0836	-96.2376
OK	Hough	36.872	-101.5747
OK	Howe	34.9496	-94.6403
OK	Hoyt	35.2648	-95.3012
OK	Hugo	34.0116	-95.5122
OK	Hulbert	35.9317	-95.1455
OK	Hunter	36.564	-97.6625
OK	Hydro	35.5481	-98.5801
OK	IXL	35.5288	-96.3854
OK	Idabel	33.9074	-94.8222
OK	Indiahoma	34.6199	-98.752
OK	Indianola	36.4445	-94.6747
OK	Ingalls	36.1047	-96.8708
OK	Inola	36.1132	-95.5516
OK	Iron Post	36.1558	-95.1352
OK	Isabella	36.239	-98.3264
OK	Jay	36.4271	-94.7956
OK	Jefferson	36.7203	-97.7909
OK	Jenks	35.9982	-95.9734
OK	Jennings	36.1823	-96.5692
OK	Jet	36.6665	-98.1816
OK	Johnson	35.4138	-96.8493
OK	Johnson Prairie	36.0791	-94.9759
OK	Jones	35.5667	-97.2889
OK	Justice	36.2908	-95.5636
OK	Kansas	36.2054	-94.7889
OK	Katie	34.5907	-97.3256
OK	Kaw City	36.7667	-96.8618
OK	Keefton	35.5785	-95.3063
OK	Kellyville	35.969	-96.1939
OK	Kemp	33.7696	-96.3544
OK	Kendrick	35.7853	-96.7755
OK	Kenefic	34.15	-96.3644
OK	Kenton	36.9064	-102.9652
OK	Kenwood	36.3012	-94.9979
OK	Keota	35.2574	-94.9223
OK	Ketchum	36.5176	-95.0373
OK	Keyes	36.8076	-102.2517
OK	Keys	35.8028	-94.9414
OK	Kiefer	35.9438	-96.0531
OK	Kildare	36.8084	-97.05
OK	Kingfisher	35.8447	-97.9393
OK	Kingston	34.0004	-96.7065
OK	Kinta	35.1198	-95.2382
OK	Kiowa	34.7233	-95.9029
OK	Knowles	36.8729	-100.1924
OK	Konawa	34.9579	-96.7538
OK	Krebs	34.9298	-95.7186
OK	Kremlin	36.5466	-97.8323
OK	Lahoma	36.388	-98.0903
OK	Lake Aluma	35.5315	-97.4474
OK	Lake Ellsworth Addition	34.8368	-98.3213
OK	Lakeside Village	34.7989	-98.3811
OK	Lamar	35.0942	-96.1248
OK	Lambert	36.6832	-98.4237
OK	Lamont	36.6913	-97.5583
OK	Lane	34.2999	-95.9896
OK	Langley	36.4803	-95.0572
OK	Langston	35.9313	-97.2794
OK	Latta	34.7531	-96.7088
OK	Laverne	36.7053	-99.8967
OK	Lawrence Creek	36.0838	-96.4268
OK	Lawton	34.6192	-98.4211
OK	Lawtonka Acres	34.7805	-98.5296
OK	Le Flore	34.8946	-94.978
OK	Leach	36.1978	-94.9099
OK	Lebanon	33.9717	-96.9238
OK	Leedey	35.8684	-99.3449
OK	Lehigh	34.4747	-96.2217
OK	Lenapah	36.8513	-95.6357
OK	Leon	33.8773	-97.4291
OK	Leonard	35.9228	-95.801
OK	Lequire	35.1111	-95.1119
OK	Lexington	35.0176	-97.335
OK	Liberty	35.853	-95.9862
OK	Lima	35.1737	-96.5981
OK	Limestone	36.3143	-95.7477
OK	Lindsay	34.8405	-97.6099
OK	Little City	34.084	-96.616
OK	Little Ponderosa	36.9612	-100.8781
OK	Little Rock	36.215	-95.0912
OK	Loco	34.3295	-97.6806
OK	Locust Grove	36.1982	-95.1689
OK	Lone Chimney	36.2326	-96.7929
OK	Lone Grove	34.181	-97.2533
OK	Lone Wolf	34.9904	-99.2456
OK	Long	35.4978	-94.5389
OK	Longdale	36.1338	-98.5512
OK	Longtown	35.2424	-95.5186
OK	Lookeba	35.363	-98.3641
OK	Lost City	36.0006	-95.1223
OK	Lotsee	36.1334	-96.2091
OK	Loveland	34.305	-98.7713
OK	Lovell	36.056	-97.6365
OK	Lowrey	36.1	-94.9309
OK	Loyal	35.9728	-98.1182
OK	Lucien	36.2748	-97.455
OK	Luther	35.6682	-97.1905
OK	Lyons Switch	35.789	-94.6853
OK	Macomb	35.1479	-97.0087
OK	Madill	34.0871	-96.7747
OK	Mallard Bay	35.8622	-95.2638
OK	Manchester	36.9945	-98.0351
OK	Mangum	34.8786	-99.5039
OK	Manitou	34.5072	-98.981
OK	Mannford	36.1329	-96.3304
OK	Mannsville	34.1831	-96.8889
OK	Maramec	36.2419	-96.6805
OK	Marble City	35.5839	-94.8174
OK	Marietta	33.9362	-97.1247
OK	Marland	36.561	-97.1528
OK	Marlow	34.6311	-97.9567
OK	Marshall	36.1497	-97.6232
OK	Martha	34.726	-99.3867
OK	Maud	35.1335	-96.778
OK	May	36.6167	-99.7486
OK	Maysville	34.8647	-97.3736
OK	Mazie	36.1426	-95.3302
OK	McAlester	34.9261	-95.7736
OK	McBride	33.9345	-96.6364
OK	McCord	36.6731	-97.0359
OK	McCurtain	35.1506	-94.9672
OK	McLoud	35.4122	-97.1066
OK	Mead	33.998	-96.5186
OK	Medford	36.8018	-97.7371
OK	Medicine Park	34.732	-98.489
OK	Meeker	35.4893	-96.8976
OK	Mehan	36.0458	-96.9401
OK	Meno	36.3882	-98.1779
OK	Meridian	35.8442	-97.2456
OK	Miami	36.8877	-94.8709
OK	Middleberg	35.1066	-97.7342
OK	Midwest City	35.4588	-97.3746
OK	Milburn	34.2387	-96.5524
OK	Milfay	35.751	-96.5592
OK	Mill Creek	34.4026	-96.8252
OK	Millerton	33.9849	-95.023
OK	Minco	35.3156	-97.9514
OK	Moffett	35.4047	-94.4557
OK	Monroe	34.9937	-94.5155
OK	Moodys	36.0341	-94.9564
OK	Moore	35.3285	-97.4748
OK	Mooreland	36.4377	-99.2048
OK	Morris	35.6052	-95.8608
OK	Morrison	36.2917	-97.0348
OK	Mounds	35.8759	-96.0661
OK	Mountain Park	34.6988	-98.9523
OK	Mountain View	35.0995	-98.7497
OK	Moyers	34.325	-95.6511
OK	Mulberry	35.8687	-94.6994
OK	Muldrow	35.4034	-94.5975
OK	Mule Barn	36.2179	-96.3123
OK	Mulhall	36.1121	-97.3428
OK	Murphy	36.1341	-95.2414
OK	Muskogee	35.7438	-95.3564
OK	Mustang	35.3918	-97.7251
OK	Mutual	36.2305	-99.168
OK	Narcissa	36.801	-94.9279
OK	Nardin	36.8041	-97.4499
OK	Nash	36.665	-98.052
OK	Nashoba	34.4807	-95.2103
OK	Nelagoney	36.626	-96.2441
OK	Nescatunga	36.7543	-98.1561
OK	New Alluwe	36.6101	-95.4886
OK	New Cordell	35.2969	-98.9838
OK	New Eucha	36.3912	-94.8522
OK	New Woodville	33.9688	-96.6548
OK	Newcastle	35.2424	-97.5953
OK	Newkirk	36.8818	-97.0553
OK	Nichols Hills	35.5464	-97.5433
OK	Nicoma Park	35.4918	-97.3243
OK	Nicut	35.6024	-94.5629
OK	Ninnekah	34.964	-97.9447
OK	Noble	35.1349	-97.3711
OK	Norge	34.9888	-97.994
OK	Norman	35.2406	-97.3453
OK	North Enid	36.4458	-97.8634
OK	North Miami	36.9201	-94.8797
OK	Norwood	35.8447	-95.1512
OK	Notchietown	35.5854	-95.0895
OK	Nowata	36.6993	-95.6375
OK	Oak Grove	36.2056	-96.3384
OK	Oak Hill-Piney	36.3787	-94.7266
OK	Oakhurst	36.0806	-96.0624
OK	Oakland	34.0932	-96.8024
OK	Oaks	36.1698	-94.8529
OK	Oakwood	35.9316	-98.7031
OK	Ochelata	36.6027	-95.9751
OK	Oilton	36.0827	-96.5814
OK	Okarche	35.7249	-97.9757
OK	Okay	35.865	-95.3077
OK	Okeene	36.1171	-98.3167
OK	Okemah	35.4293	-96.3003
OK	Oklahoma City	35.4671	-97.5137
OK	Okmulgee	35.6252	-95.954
OK	Oktaha	35.5775	-95.4779
OK	Old Eucha	36.3551	-94.9379
OK	Old Green	35.9853	-94.6082
OK	Olive	36.0238	-96.4815
OK	Olustee	34.5478	-99.4241
OK	Oologah	36.4438	-95.7089
OK	Optima	36.7613	-101.3492
OK	Orlando	36.1484	-97.3748
OK	Osage	36.2957	-96.4172
OK	Owasso	36.2872	-95.8354
OK	Paden	35.5084	-96.5671
OK	Panama	35.1712	-94.6684
OK	Panola	34.9221	-95.2087
OK	Paoli	34.827	-97.2623
OK	Paradise Hill	35.6073	-95.0731
OK	Park Hill	35.8344	-94.9721
OK	Pauls Valley	34.7102	-97.224
OK	Pawhuska	36.6691	-96.3312
OK	Pawnee	36.3515	-96.8005
OK	Peavine	35.9003	-94.6066
OK	Peckham	36.8867	-97.1781
OK	Peggs	36.0673	-95.0718
OK	Pensacola	36.4592	-95.1278
OK	Peoria	36.9156	-94.6696
OK	Perkins	35.9798	-97.0313
OK	Perry	36.2801	-97.3082
OK	Pershing	36.5901	-96.2731
OK	Pettit	35.7737	-94.9768
OK	Phillips	34.5042	-96.2222
OK	Pickett	34.7795	-96.7755
OK	Piedmont	35.6748	-97.7535
OK	Pin Oak Acres	36.1226	-95.2889
OK	Piney	35.8905	-94.5559
OK	Pinhook Corner	35.5331	-94.8917
OK	Pink	35.2327	-97.1
OK	Pittsburg	34.7116	-95.8502
OK	Platter	33.9079	-96.534
OK	Pocasset	35.178	-97.9592
OK	Pocola	35.2515	-94.4679
OK	Ponca City	36.721	-97.0684
OK	Pond Creek	36.6678	-97.8024
OK	Pontotoc	34.4888	-96.629
OK	Porter	35.8684	-95.516
OK	Porum	35.3571	-95.2634
OK	Poteau	35.0667	-94.6103
OK	Prague	35.4968	-96.6999
OK	Preston	35.7114	-95.9889
OK	Proctor	35.9804	-94.7363
OK	Prue	36.2494	-96.2665
OK	Pryor Creek	36.2997	-95.3113
OK	Pump Back	36.2607	-95.1211
OK	Pumpkin Hollow	36.006	-94.8414
OK	Purcell	35.0237	-97.3737
OK	Putnam	35.8559	-98.9682
OK	Quapaw	36.949	-94.7865
OK	Quay	36.1607	-96.7083
OK	Quinlan	36.4562	-99.0457
OK	Quinton	35.1261	-95.3665
OK	Ralston	36.5035	-96.7374
OK	Ramona	36.5376	-95.9263
OK	Randlett	34.1773	-98.4639
OK	Ratliff City	34.4524	-97.5174
OK	Rattan	34.196	-95.4045
OK	Ravia	34.2412	-96.7568
OK	Reagan	34.3441	-96.7134
OK	Red Oak	34.9513	-95.0794
OK	Red Rock	36.4601	-97.1796
OK	Redbird	35.8871	-95.5873
OK	Redbird Smith	35.5639	-95.0241
OK	Remy	35.4614	-94.4996
OK	Renfrow	36.9248	-97.657
OK	Rentiesville	35.5335	-95.4848
OK	Reydon	35.6498	-99.9236
OK	Ringling	34.1773	-97.5915
OK	Ringwood	36.3836	-98.24
OK	Ripley	36.0158	-96.9038
OK	River Bottom	35.6357	-95.2378
OK	Rock Island	35.1849	-94.4826
OK	Rocky	35.1564	-99.0596
OK	Rocky Ford	36.1558	-94.911
OK	Rocky Mountain	35.7903	-94.7713
OK	Rocky Point	36.0256	-95.3221
OK	Roff	34.6289	-96.8415
OK	Roland	35.4141	-94.5149
OK	Roosevelt	34.8483	-99.0223
OK	Rose	36.2124	-95.0381
OK	Rosedale	34.9189	-97.1851
OK	Rosston	36.8129	-99.9327
OK	Rush Springs	34.7789	-97.9573
OK	Ryan	34.0214	-97.9542
OK	Salina	36.2916	-95.1554
OK	Sallisaw	35.4604	-94.8066
OK	Sams Corner	36.1983	-95.2167
OK	Sand Hill	35.6343	-95.2012
OK	Sand Point	33.9602	-96.5711
OK	Sand Springs	36.1365	-96.132
OK	Sapulpa	36.0042	-96.1233
OK	Sasakwa	34.9468	-96.5253
OK	Savanna	34.8371	-95.8336
OK	Sawyer	34.0187	-95.3785
OK	Sayre	35.2957	-99.6282
OK	Schulter	35.5113	-95.9565
OK	Scipio	35.0513	-95.9556
OK	Seiling	36.1447	-98.9254
OK	Selman	36.8014	-99.4893
OK	Seminole	35.2348	-96.6493
OK	Sentinel	35.157	-99.1735
OK	Sequoyah	36.3797	-95.5968
OK	Seward	35.7967	-97.487
OK	Shady Grove	35.4685	-95.4115
OK	Shady Point	35.1276	-94.6686
OK	Shamrock	35.9107	-96.5777
OK	Sharon	36.2755	-99.3381
OK	Shattuck	36.265	-99.8774
OK	Shawnee	35.3694	-96.9564
OK	Shidler	36.7805	-96.66
OK	Short	35.5682	-94.4954
OK	Silo	34.0357	-96.4745
OK	Simms	35.3987	-95.1647
OK	Skedee	36.3805	-96.7039
OK	Skiatook	36.3465	-95.9454
OK	Slaughterville	35.0946	-97.2828
OK	Slick	35.7788	-96.2648
OK	Smith Village	35.4508	-97.457
OK	Smithville	34.4728	-94.6465
OK	Snake Creek	36.1786	-95.0937
OK	Snyder	34.6554	-98.9534
OK	Soper	34.0321	-95.6966
OK	Sour John	35.6206	-95.1433
OK	South Coffeyville	36.9921	-95.6218
OK	Sparks	35.6109	-96.8185
OK	Sparrowhawk	35.9706	-94.8928
OK	Spaulding	35.0131	-96.4404
OK	Spavinaw	36.3939	-95.0502
OK	Spencer	35.5108	-97.3716
OK	Sperry	36.2977	-95.9957
OK	Spiro	35.2405	-94.6243
OK	Sportmans Shores	36.464	-95.0829
OK	Sportsmen Acres	36.2456	-95.2517
OK	Springer	34.2956	-97.1175
OK	St. Louis	35.0813	-96.8598
OK	Steely Hollow	35.9917	-94.9359
OK	Sterling	34.7494	-98.1725
OK	Stidham	35.3686	-95.7008
OK	Stigler	35.2589	-95.1168
OK	Stillwater	36.1315	-97.0745
OK	Stilwell	35.8147	-94.6316
OK	Stonewall	34.6498	-96.5268
OK	Stoney Point	35.5647	-94.6762
OK	Strang	36.4123	-95.1347
OK	Stratford	34.7953	-96.9605
OK	Stringtown	34.4696	-96.0555
OK	Strong City	35.6698	-99.6004
OK	Stroud	35.7689	-96.6501
OK	Stuart	34.9011	-96.0994
OK	Sugden	34.0825	-97.9788
OK	Sulphur	34.5021	-96.9852
OK	Summit	35.6696	-95.4207
OK	Sumner	36.3183	-97.1179
OK	Sunray	34.4093	-97.9542
OK	Sweetwater	35.415	-99.9203
OK	Swink	34.0173	-95.2018
OK	Sycamore	36.399	-94.715
OK	Taft	35.7603	-95.546
OK	Tagg Flats	36.3387	-94.9036
OK	Tahlequah	35.9105	-94.9777
OK	Talala	36.5295	-95.7011
OK	Talihina	34.7528	-95.0436
OK	Taloga	36.0402	-98.964
OK	Tamaha	35.3982	-95.0142
OK	Tatums	34.4776	-97.4646
OK	Taylor Ferry	35.9345	-95.3054
OK	Tecumseh	35.2643	-96.9334
OK	Temple	34.2721	-98.2346
OK	Tenkiller	35.8025	-94.8523
OK	Teresita	36.123	-94.9804
OK	Terlton	36.1876	-96.4918
OK	Terral	33.8966	-97.9382
OK	Texanna	35.3579	-95.5118
OK	Texhoma	36.5054	-101.7874
OK	Texola	35.2225	-99.993
OK	Thackerville	33.7875	-97.1392
OK	The Village	35.5703	-97.5575
OK	Thomas	35.7452	-98.7451
OK	Tiawah	36.2483	-95.5362
OK	Tipton	34.4994	-99.1363
OK	Tishomingo	34.239	-96.6824
OK	Titanic	35.8907	-94.7406
OK	Tonkawa	36.6706	-97.315
OK	Tonkawa Tribal Housing	36.6697	-97.2663
OK	Toppers	35.9662	-95.3197
OK	Tribbey	35.1038	-97.1056
OK	Tryon	35.8771	-96.9696
OK	Tullahassee	35.8348	-95.4469
OK	Tulsa	36.1279	-95.9023
OK	Tupelo	34.6027	-96.4208
OK	Turley	36.2469	-95.9662
OK	Turpin	36.8705	-100.8825
OK	Tushka	34.3186	-96.1673
OK	Tuskahoma	34.6297	-95.2826
OK	Tuttle	35.3139	-97.7536
OK	Twin Lakes	35.8685	-97.665
OK	Twin Oaks	36.1974	-94.8378
OK	Tyrone	36.9557	-101.068
OK	Union City	35.3995	-97.9067
OK	Utica	33.9066	-96.2217
OK	Valley Brook	35.4027	-97.4814
OK	Valley Park	36.2788	-95.7357
OK	Valliant	34.0075	-95.0849
OK	Vanoss	34.7578	-96.8712
OK	Velma	34.4564	-97.6638
OK	Vera	36.4526	-95.8929
OK	Verden	35.0833	-98.0861
OK	Verdigris	36.2535	-95.6604
OK	Vernon	35.2265	-95.9386
OK	Vian	35.5042	-94.9698
OK	Vici	36.1488	-99.2994
OK	Vinita	36.6488	-95.161
OK	Wagoner	35.9657	-95.3777
OK	Wainwright	35.6135	-95.5656
OK	Wakita	36.8819	-97.9239
OK	Walters	34.3584	-98.3569
OK	Wanette	34.9626	-97.0317
OK	Wann	36.9147	-95.8047
OK	Wapanucka	34.3735	-96.4251
OK	Wardville	34.6546	-96.0309
OK	Warner	35.4917	-95.3089
OK	Warr Acres	35.5261	-97.6181
OK	Warwick	35.6903	-97.005
OK	Washington	35.0547	-97.4907
OK	Washita	35.1044	-98.3413
OK	Watonga	35.8475	-98.4027
OK	Watova	36.6197	-95.6604
OK	Watts	36.1065	-94.5739
OK	Wauhillau	35.861	-94.7595
OK	Waukomis	36.2861	-97.9027
OK	Waurika	34.1837	-98.0263
OK	Wayne	34.9169	-97.3165
OK	Waynoka	36.583	-98.879
OK	Weatherford	35.539	-98.685
OK	Webb City	36.8083	-96.7133
OK	Webbers Falls	35.517	-95.1642
OK	Welch	36.8744	-95.0944
OK	Weleetka	35.3403	-96.136
OK	Welling	35.8811	-94.8703
OK	Wellston	35.6839	-97.0634
OK	Welty	35.6272	-96.4172
OK	West Peavine	35.9115	-94.6528
OK	West Siloam Springs	36.176	-94.5988
OK	Westport	36.1934	-96.3371
OK	Westville	35.9897	-94.5747
OK	Wetumka	35.2419	-96.2368
OK	Wewoka	35.1441	-96.4968
OK	Whippoorwill	36.912	-96.1277
OK	White Eagle	36.6267	-97.0812
OK	White Oak	36.6091	-95.2755
OK	White Water	36.5017	-94.7289
OK	Whitefield	35.2543	-95.2448
OK	Whitehorn Cove	35.9949	-95.2873
OK	Whitesboro	34.7047	-94.8735
OK	Wickliffe	36.3121	-95.1074
OK	Wilburton	34.9184	-95.304
OK	Willow	35.0515	-99.5099
OK	Wilson	34.1687	-97.4254
OK	Winchester	35.7906	-95.9981
OK	Wister	34.9697	-94.7206
OK	Woodall	35.8246	-95.0823
OK	Woodlawn Park	35.5096	-97.6499
OK	Woodward	36.4248	-99.4047
OK	Wright City	34.0663	-95.007
OK	Wyandotte	36.8071	-94.7293
OK	Wynnewood	34.6428	-97.1625
OK	Wynona	36.5458	-96.3264
OK	Yale	36.1151	-96.7011
OK	Yeager	35.1568	-96.34
OK	Yukon	35.5184	-97.7662
OK	Zeb	35.7966	-95.0551
OK	Zena	36.5084	-94.8481
OK	Zion	35.7878	-94.6425
OR	Adair Village	44.6707	-123.216
OR	Adams	45.7664	-118.5641
OR	Adrian	43.7408	-117.0709
OR	Albany	44.6269	-123.0967
OR	Aloha	45.492	-122.8725
OR	Alpine	44.3303	-123.3628
OR	Alsea	44.3818	-123.5958
OR	Altamont	42.1978	-121.7248
OR	Amity	45.1162	-123.1997
OR	Annex	44.2342	-116.9924
OR	Antelope	44.9113	-120.7236
OR	Arlington	45.7253	-120.189
OR	Ashland	42.1922	-122.6983
OR	Astoria	46.1874	-123.8151
OR	Athena	45.8133	-118.4926
OR	Aumsville	44.8462	-122.8699
OR	Aurora	45.2283	-122.7572
OR	Baker City	44.7749	-117.832
OR	Bandon	43.1147	-124.4155
OR	Banks	45.6149	-123.1071
OR	Barlow	45.2524	-122.7223
OR	Barnesdale	45.6487	-123.8543
OR	Barview	43.3479	-124.3065
OR	Bay City	45.5211	-123.8861
OR	Bayshore	44.4408	-124.081
OR	Bayside Gardens	45.7143	-123.9165
OR	Beatty	42.4419	-121.2716
OR	Beaver	45.279	-123.8246
OR	Beaver Marsh	43.1364	-121.8042
OR	Beavercreek	45.281	-122.5085
OR	Beaverton	45.4778	-122.8169
OR	Bellfountain	44.3654	-123.3559
OR	Bend	44.0567	-121.308
OR	Bethany	45.5613	-122.8369
OR	Biggs Junction	45.664	-120.8392
OR	Black Butte Ranch	44.3642	-121.6686
OR	Blodgett	44.597	-123.521
OR	Bly	42.3917	-121.0435
OR	Boardman	45.8365	-119.6928
OR	Bonanza	42.2003	-121.4067
OR	Boring	45.4313	-122.3725
OR	Brogan	44.2475	-117.5187
OR	Brookings	42.0724	-124.3049
OR	Brooks	45.0509	-122.9574
OR	Brownsville	44.3922	-122.9833
OR	Bull Mountain	45.4126	-122.832
OR	Bunker Hill	43.3474	-124.2123
OR	Burns	43.5883	-119.0613
OR	Butte Falls	42.5414	-122.5691
OR	Butteville	45.2524	-122.8345
OR	Camp Sherman	44.4493	-121.6496
OR	Canby	45.2651	-122.6884
OR	Cannon Beach	45.8881	-123.9601
OR	Canyon City	44.393	-118.9495
OR	Canyonville	42.9273	-123.2789
OR	Cape Meares	45.5267	-123.9518
OR	Carlton	45.2945	-123.1754
OR	Cascade Locks	45.676	-121.8687
OR	Cascadia	44.393	-122.5026
OR	Cave Junction	42.1667	-123.6481
OR	Cayuse	45.6765	-118.5735
OR	Cedar Hills	45.5044	-122.8066
OR	Cedar Mill	45.5355	-122.8006
OR	Central Point	42.3764	-122.9107
OR	Chemult	43.2151	-121.785
OR	Chenoweth	45.6164	-121.2343
OR	Cherry Grove	45.4507	-123.2481
OR	Cheshire	44.1901	-123.2834
OR	Chiloquin	42.5764	-121.8678
OR	Clatskanie	46.1046	-123.2045
OR	Cloverdale	45.2006	-123.8842
OR	Coburg	44.1385	-123.057
OR	Columbia City	45.8975	-122.8124
OR	Condon	45.2366	-120.1859
OR	Coos Bay	43.3811	-124.2326
OR	Coquille	43.1803	-124.1842
OR	Cornelius	45.5189	-123.051
OR	Corvallis	44.5699	-123.2783
OR	Cottage Grove	43.7959	-123.0572
OR	Cove	45.2964	-117.8102
OR	Crabtree	44.6376	-122.9059
OR	Crane	43.4179	-118.5875
OR	Crawfordsville	44.3561	-122.8649
OR	Crescent	43.4534	-121.6997
OR	Crescent Lake	43.5096	-121.9353
OR	Creswell	43.9226	-123.014
OR	Crooked River Ranch	44.4242	-121.2757
OR	Culver	44.5234	-121.211
OR	Dallas	44.9221	-123.3129
OR	Damascus	45.4264	-122.443
OR	Days Creek	42.9705	-123.1657
OR	Dayton	45.2199	-123.0781
OR	Dayville	44.4668	-119.5322
OR	Deer Island	45.933	-122.8498
OR	Depoe Bay	44.8091	-124.0597
OR	Deschutes River Woods	43.9874	-121.3591
OR	Detroit	44.7338	-122.1517
OR	Dexter	43.9223	-122.8277
OR	Dillard	43.1082	-123.4262
OR	Dilley	45.4917	-123.1223
OR	Donald	45.2215	-122.8378
OR	Drain	43.6623	-123.3143
OR	Dufur	45.4531	-121.1287
OR	Dundee	45.2758	-123.0074
OR	Dunes City	43.9105	-124.0911
OR	Dunthorpe	45.4409	-122.6591
OR	Durham	45.3945	-122.758
OR	Eagle Crest	44.2614	-121.2995
OR	Eagle Point	42.4677	-122.8016
OR	Echo	45.7431	-119.1918
OR	Elgin	45.5647	-117.9213
OR	Elkton	43.6374	-123.5691
OR	Elmira	44.0715	-123.3571
OR	Enterprise	45.4258	-117.2788
OR	Eola	44.9312	-123.1207
OR	Estacada	45.2982	-122.3324
OR	Eugene	44.0568	-123.119
OR	Fair Oaks	43.4109	-123.2195
OR	Fairview	45.5476	-122.4368
OR	Falcon Heights	42.1314	-121.7566
OR	Falls City	44.8648	-123.4376
OR	Florence	43.9916	-124.1065
OR	Foots Creek	42.3881	-123.141
OR	Forest Grove	45.5248	-123.1099
OR	Fort Hill	45.067	-123.5605
OR	Fort Klamath	42.705	-121.9943
OR	Fossil	44.9981	-120.2146
OR	Four Corners	44.9291	-122.9732
OR	Garden Home-Whitford	45.4634	-122.7608
OR	Gardiner	43.7327	-124.1068
OR	Garibaldi	45.5608	-123.9113
OR	Gaston	45.4349	-123.1451
OR	Gates	44.756	-122.4201
OR	Gearhart	46.0317	-123.9185
OR	Gervais	45.108	-122.8964
OR	Gilchrist	43.4785	-121.6939
OR	Gladstone	45.3856	-122.5928
OR	Glasgow	43.4377	-124.1951
OR	Glendale	42.7381	-123.4294
OR	Glide	43.2919	-123.0736
OR	Gold Beach	42.4133	-124.4222
OR	Gold Hill	42.4358	-123.0526
OR	Gopher Flats	45.6659	-118.7225
OR	Government Camp	45.3022	-121.7526
OR	Grand Ronde	45.0738	-123.621
OR	Granite	44.8103	-118.4192
OR	Grants Pass	42.4323	-123.3318
OR	Grass Valley	45.3591	-120.7842
OR	Green	43.1514	-123.3874
OR	Green Meadows	45.613	-118.8
OR	Greenhorn	44.7087	-118.4967
OR	Gresham	45.5023	-122.4416
OR	Haines	44.9123	-117.9396
OR	Halfway	44.878	-117.1097
OR	Halsey	44.3828	-123.1095
OR	Happy Valley	45.436	-122.5101
OR	Harbor	42.0367	-124.252
OR	Harper	43.857	-117.6265
OR	Harrisburg	44.2703	-123.1626
OR	Hayesville	44.9793	-122.9737
OR	Hebo	45.226	-123.8586
OR	Heceta Beach	44.0242	-124.1178
OR	Helix	45.8506	-118.659
OR	Heppner	45.3529	-119.5605
OR	Hermiston	45.8329	-119.2852
OR	Hillsboro	45.5268	-122.9354
OR	Hines	43.5574	-119.082
OR	Holley	44.349	-122.7856
OR	Hood River	45.7091	-121.526
OR	Hubbard	45.1815	-122.8083
OR	Huntington	44.3501	-117.2668
OR	Idanha	44.7015	-122.0832
OR	Idaville	45.5097	-123.8633
OR	Imbler	45.4621	-117.9632
OR	Independence	44.8578	-123.1977
OR	Ione	45.5029	-119.822
OR	Irrigon	45.8951	-119.4888
OR	Island City	45.3358	-118.0492
OR	Jacksonville	42.3126	-122.9692
OR	Jasper	43.987	-122.9163
OR	Jeffers Gardens	46.1518	-123.8521
OR	Jefferson	44.7166	-123.006
OR	Jennings Lodge	45.3935	-122.6155
OR	John Day	44.4181	-118.9563
OR	Johnson City	45.4042	-122.5782
OR	Jordan Valley	42.9793	-117.0574
OR	Joseph	45.3525	-117.2304
OR	Junction City	44.2119	-123.2002
OR	Juniper Canyon	44.1998	-120.7467
OR	Juntura	43.7487	-118.0788
OR	Keizer	45.003	-123.0245
OR	Keno	42.1311	-121.9283
OR	Kerby	42.1998	-123.6457
OR	King City	45.4012	-122.8069
OR	Kings Valley	44.6985	-123.4269
OR	Kirkpatrick	45.6796	-118.6499
OR	Klamath Falls	42.2188	-121.7787
OR	Knappa	46.1708	-123.5798
OR	La Grande	45.3245	-118.0869
OR	La Pine	43.6868	-121.4853
OR	Labish Village	45.0191	-122.9736
OR	Lacomb	44.5844	-122.7417
OR	Lafayette	45.2469	-123.1119
OR	Lake Oswego	45.4136	-122.7
OR	Lakeside	43.5845	-124.1719
OR	Lakeview	42.1914	-120.3525
OR	Langlois	42.9259	-124.4532
OR	Lebanon	44.531	-122.9081
OR	Lexington	45.4462	-119.688
OR	Lincoln Beach	44.8732	-124.0314
OR	Lincoln City	44.9779	-124.0061
OR	Lonerock	45.0887	-119.8841
OR	Long Creek	44.7142	-119.1042
OR	Lookingglass	43.1848	-123.4999
OR	Lostine	45.4867	-117.4295
OR	Lowell	43.9201	-122.7818
OR	Lyons	44.7793	-122.6118
OR	Madras	44.6639	-121.1604
OR	Malin	42.0134	-121.4097
OR	Manzanita	45.7166	-123.9351
OR	Mapleton	44.0334	-123.8648
OR	Marcola	44.1751	-122.8582
OR	Marion	44.7512	-122.9277
OR	Marlene Village	45.5173	-122.8199
OR	Maupin	45.1707	-121.0884
OR	Maywood Park	45.5525	-122.5618
OR	McKay	45.4923	-118.6842
OR	McMinnville	45.211	-123.1918
OR	Meacham	45.5231	-118.4395
OR	Medford	42.3369	-122.8518
OR	Mehama	44.7912	-122.6284
OR	Melrose	43.2529	-123.4575
OR	Merlin	42.5199	-123.4323
OR	Merrill	42.026	-121.6008
OR	Metolius	44.5875	-121.176
OR	Metzger	45.4493	-122.7621
OR	Mill City	44.752	-122.477
OR	Millersburg	44.6789	-123.0725
OR	Milton-Freewater	45.934	-118.391
OR	Milwaukie	45.4448	-122.6208
OR	Mission	45.6586	-118.6655
OR	Mitchell	44.5737	-120.1529
OR	Molalla	45.1493	-122.5849
OR	Monmouth	44.8513	-123.2286
OR	Monroe	44.3169	-123.2989
OR	Monument	44.8208	-119.4209
OR	Moro	45.4838	-120.7333
OR	Mosier	45.685	-121.3982
OR	Mount Angel	45.0695	-122.7972
OR	Mount Hood	45.5339	-121.5662
OR	Mount Hood Villages	45.324	-121.9905
OR	Mount Vernon	44.4169	-119.1132
OR	Mulino	45.222	-122.5572
OR	Myrtle Creek	43.0241	-123.2784
OR	Myrtle Point	43.0627	-124.1331
OR	Neahkahnie	45.7323	-123.9398
OR	Nehalem	45.7195	-123.894
OR	Neotsu	44.9961	-123.9776
OR	Nesika Beach	42.5077	-124.4022
OR	Neskowin	45.1208	-123.9763
OR	Netarts	45.4356	-123.9344
OR	New Hope	42.3693	-123.3589
OR	New Pine Creek	42.0014	-120.3043
OR	Newberg	45.3072	-122.9602
OR	Newport	44.6214	-124.0438
OR	North Bend	43.4072	-124.2345
OR	North Plains	45.5975	-122.9947
OR	North Powder	45.03	-117.9204
OR	Nyssa	43.8779	-116.9956
OR	O'Brien	42.0799	-123.7046
OR	Oak Grove	45.4127	-122.6344
OR	Oak Hills	45.5404	-122.8413
OR	Oakland	43.423	-123.2972
OR	Oakridge	43.7451	-122.465
OR	Oatfield	45.4125	-122.5941
OR	Oceanside	45.4549	-123.9613
OR	Ochoco West	44.4033	-120.9208
OR	Odell	45.6355	-121.5522
OR	Ontario	44.025	-116.9788
OR	Oregon City	45.3413	-122.5923
OR	Oregon Shores	42.538	-121.9207
OR	Orient	45.4694	-122.355
OR	Pacific City	45.2053	-123.9542
OR	Paisley	42.6925	-120.5453
OR	Parkdale	45.513	-121.5921
OR	Pendleton	45.6756	-118.8197
OR	Peoria	44.4507	-123.2043
OR	Philomath	44.542	-123.3595
OR	Phoenix	42.2748	-122.8153
OR	Pilot Rock	45.4928	-118.8302
OR	Pine Grove	45.1135	-121.3553
OR	Pine Hollow	45.2352	-121.2837
OR	Pistol River	42.2879	-124.3988
OR	Pleasant Valley	45.3761	-123.7952
OR	Plush	42.405	-119.8993
OR	Port Orford	42.7493	-124.4981
OR	Portland	45.537	-122.65
OR	Powers	42.885	-124.0762
OR	Prairie City	44.4611	-118.7094
OR	Prescott	46.0476	-122.8871
OR	Prineville	44.2985	-120.8607
OR	Prineville Lake Acres	44.1676	-120.7889
OR	Pronghorn	44.1881	-121.1817
OR	Prospect	42.7547	-122.4711
OR	Rainier	46.0714	-122.9414
OR	Raleigh Hills	45.4851	-122.7567
OR	Redmond	44.2607	-121.1824
OR	Redwood	42.4209	-123.3928
OR	Reedsport	43.6989	-124.1119
OR	Rhododendron	45.3053	-121.8479
OR	Richland	44.7695	-117.1686
OR	Rickreall	44.9319	-123.2344
OR	Riddle	42.9542	-123.3645
OR	River Point	46.1444	-123.8049
OR	River Road	44.0836	-123.1321
OR	Rivergrove	45.3852	-122.7335
OR	Riverside	45.6768	-118.7368
OR	Rockaway Beach	45.617	-123.9389
OR	Rockcreek	45.5525	-122.8759
OR	Rocky Point	42.4336	-122.1189
OR	Rogue River	42.4355	-123.1682
OR	Rose Lodge	45.0187	-123.8882
OR	Roseburg	43.2236	-123.352
OR	Roseburg North	43.2696	-123.3475
OR	Rowena	45.6701	-121.2749
OR	Ruch	42.2314	-123.0403
OR	Rufus	45.689	-120.7461
OR	Running Y Ranch	42.2733	-121.875
OR	Salem	44.9239	-123.023
OR	San Marine	44.3547	-124.094
OR	Sandy	45.3981	-122.2688
OR	Santa Clara	44.115	-123.1343
OR	Saunders Lake	43.5197	-124.2117
OR	Scappoose	45.7581	-122.8731
OR	Scio	44.7043	-122.8511
OR	Scotts Mills	45.041	-122.6689
OR	Seaside	45.989	-123.921
OR	Selma	42.2797	-123.6151
OR	Seneca	44.1352	-118.9763
OR	Seventh Mountain	44.0043	-121.3837
OR	Shady Cove	42.6053	-122.8194
OR	Shaniko	45.0037	-120.7522
OR	Shedd	44.458	-123.1119
OR	Sheridan	45.0959	-123.3981
OR	Sherwood	45.3595	-122.8424
OR	Siletz	44.7218	-123.9187
OR	Silver Lake	43.1264	-121.0495
OR	Silverton	45.0034	-122.7809
OR	Sisters	44.2924	-121.553
OR	Sodaville	44.483	-122.8691
OR	South Lebanon	44.5064	-122.9006
OR	Sportsmans Park	45.2195	-121.3956
OR	Sprague River	42.4566	-121.5021
OR	Spray	44.8331	-119.7941
OR	Springfield	44.0538	-122.9811
OR	St. Helens	45.8568	-122.8163
OR	St. Paul	45.2122	-122.9772
OR	Stafford	45.3826	-122.6765
OR	Stanfield	45.7823	-119.2161
OR	Stayton	44.8055	-122.7998
OR	Sublimity	44.8294	-122.7923
OR	Summerville	45.4897	-118.0041
OR	Summit	44.636	-123.5767
OR	Sumpter	44.7435	-118.1975
OR	Sunriver	43.8821	-121.435
OR	Sutherlin	43.3862	-123.3227
OR	Svensen	46.1564	-123.6554
OR	Sweet Home	44.404	-122.7015
OR	Takilma	42.0408	-123.6223
OR	Talent	42.2405	-122.7812
OR	Tangent	44.5476	-123.1108
OR	Terrebonne	44.3533	-121.1808
OR	Tetherow	44.0389	-121.3665
OR	The Dalles	45.5984	-121.1524
OR	Three Rivers	43.8366	-121.4646
OR	Tigard	45.4229	-122.7844
OR	Tillamook	45.4561	-123.8331
OR	Toledo	44.6197	-123.9337
OR	Trail	42.6665	-122.8128
OR	Trent	43.9436	-122.8578
OR	Tri-City	42.9893	-123.2999
OR	Troutdale	45.5392	-122.3927
OR	Tualatin	45.3769	-122.7747
OR	Tumalo	44.1561	-121.328
OR	Turner	44.8485	-122.9513
OR	Tutuilla	45.6142	-118.7065
OR	Tygh Valley	45.2418	-121.1693
OR	Ukiah	45.1347	-118.9332
OR	Umapine	45.9759	-118.5009
OR	Umatilla	45.9176	-119.332
OR	Union	45.2089	-117.8679
OR	Unity	44.4516	-118.1863
OR	Vale	43.9839	-117.2421
OR	Veneta	44.0472	-123.3513
OR	Vernonia	45.864	-123.1836
OR	Waldport	44.4184	-124.0662
OR	Wallowa	45.5703	-117.5286
OR	Wallowa Lake	45.3005	-117.2152
OR	Wamic	45.2256	-121.2927
OR	Warm Springs	44.7913	-121.2477
OR	Warren	45.816	-122.8827
OR	Warrenton	46.1731	-123.9297
OR	Wasco	45.5917	-120.6975
OR	Waterloo	44.4947	-122.8243
OR	Wedderburn	42.4342	-124.4201
OR	West Haven-Sylvan	45.5164	-122.7654
OR	West Linn	45.3666	-122.6389
OR	West Scio	44.7098	-122.8812
OR	West Slope	45.4962	-122.773
OR	Westfir	43.7579	-122.5031
OR	Weston	45.8147	-118.4255
OR	Westport	46.1304	-123.3714
OR	Wheeler	45.6873	-123.8871
OR	White City	42.4317	-122.8322
OR	Willamina	45.0786	-123.4849
OR	Williams	42.2194	-123.2922
OR	Wilsonville	45.3113	-122.7709
OR	Wimer	42.5525	-123.1459
OR	Winchester Bay	43.67	-124.1869
OR	Winston	43.1201	-123.4245
OR	Wood Village	45.5358	-122.4205
OR	Woodburn	45.1473	-122.8604
OR	Yachats	44.3118	-124.1014
OR	Yamhill	45.3408	-123.1845
OR	Yoncalla	43.6002	-123.2924
PA	Aaronsburg	40.9042	-77.4513
PA	Abbottstown	39.8818	-76.9928
PA	Ackermanville	40.834	-75.2265
PA	Acosta	40.11	-79.0699
PA	Adamsburg	40.3124	-79.6543
PA	Adamstown	40.2445	-76.0647
PA	Adamsville	41.5111	-80.3715
PA	Addison	39.7452	-79.3343
PA	Akron	40.1578	-76.2034
PA	Alba	41.7059	-76.8276
PA	Albion	41.89	-80.3648
PA	Albrightsville	41.0117	-75.6068
PA	Alburtis	40.5066	-75.6002
PA	Aldan	39.9224	-75.2881
PA	Alexandria	40.5584	-78.0999
PA	Alfarata	40.6619	-77.4559
PA	Aliquippa	40.6158	-80.2552
PA	Alleghenyville	40.2341	-75.9776
PA	Allenport	40.0888	-79.8594
PA	Allensville	40.5293	-77.8112
PA	Allentown	40.5936	-75.4784
PA	Allenwood	41.1081	-76.8982
PA	Allison	39.9853	-79.8731
PA	Allison Park	40.573	-79.9603
PA	Allport	40.9665	-78.2049
PA	Almedia	41.0143	-76.3846
PA	Alsace Manor	40.3972	-75.8557
PA	Altamont	40.785	-76.2169
PA	Altoona	40.5081	-78.4011
PA	Alverda	40.6345	-78.8584
PA	Ambler	40.1564	-75.2215
PA	Ambridge	40.5916	-80.2269
PA	Ambridge Heights	40.5928	-80.2141
PA	Amity Gardens	40.2694	-75.7308
PA	Ancient Oaks	40.5361	-75.5858
PA	Andalusia	40.0683	-74.9721
PA	Annville	40.3325	-76.5077
PA	Apollo	40.585	-79.5647
PA	Applewold	40.8082	-79.522
PA	Arcadia University	40.0915	-75.1652
PA	Archbald	41.5064	-75.5505
PA	Ardmore	40.0032	-75.2947
PA	Arendtsville	39.9233	-77.2999
PA	Aristes	40.8144	-76.3368
PA	Arlington Heights	41.0001	-75.2083
PA	Armagh	40.4536	-79.0325
PA	Arnold	40.5789	-79.7653
PA	Arnold City	40.1173	-79.8226
PA	Arnot	41.6616	-77.1222
PA	Arona	40.2682	-79.6554
PA	Ashland	40.7811	-76.345
PA	Ashley	41.2127	-75.8994
PA	Ashville	40.56	-78.5473
PA	Aspers	39.9787	-77.2273
PA	Aspinwall	40.4928	-79.9031
PA	Atglen	39.9475	-75.975
PA	Athens	41.9375	-76.514
PA	Atkinson Mills	40.4493	-77.8034
PA	Atlantic	41.5053	-80.3406
PA	Atlas	40.7974	-76.4283
PA	Atlasburg	40.3435	-80.3803
PA	Atwood	40.7515	-79.2521
PA	Auburn	40.5954	-76.0972
PA	Audubon	40.1303	-75.428
PA	Austin	41.6373	-78.0903
PA	Avalon	40.5012	-80.0685
PA	Avella	40.2737	-80.4672
PA	Avis	41.1857	-77.3165
PA	Avoca	41.3382	-75.7422
PA	Avon	40.3426	-76.3793
PA	Avondale	39.8262	-75.7813
PA	Avonia	42.0485	-80.2836
PA	Avonmore	40.5271	-79.4698
PA	Baden	40.6397	-80.2225
PA	Baidland	40.1887	-79.955
PA	Baileyville	40.7121	-77.9961
PA	Bainbridge	40.0898	-76.6551
PA	Bairdford	40.6279	-79.8813
PA	Bakerstown	40.6538	-79.9395
PA	Bala Cynwyd	40.0116	-75.2279
PA	Bald Eagle	40.7195	-78.1872
PA	Baldwin	40.3806	-79.9452
PA	Bally	40.4004	-75.5876
PA	Bangor	40.868	-75.2085
PA	Barkeyville	41.1966	-79.9826
PA	Barrville	40.6682	-77.6822
PA	Bath	40.7292	-75.3906
PA	Baumstown	40.2773	-75.8119
PA	Beallsville	40.0619	-80.0302
PA	Bear Creek Village	41.186	-75.754
PA	Bear Lake	41.9934	-79.5013
PA	Bear Rocks	40.1275	-79.4636
PA	Beaver	40.6935	-80.3076
PA	Beaver Falls	40.7594	-80.3226
PA	Beaver Meadows	40.9299	-75.9131
PA	Beaver Springs	40.7448	-77.2162
PA	Beaverdale	40.326	-78.698
PA	Beavertown	40.7497	-77.171
PA	Bechtelsville	40.3702	-75.6308
PA	Bedford	40.0151	-78.503
PA	Beech Creek	41.0727	-77.5804
PA	Beech Mountain Lakes	41.0438	-75.9318
PA	Belfast	40.7821	-75.2743
PA	Bell Acres	40.5898	-80.1738
PA	Belle Vernon	40.1235	-79.862
PA	Bellefonte	40.9142	-77.7682
PA	Belleville	40.6066	-77.7198
PA	Bellevue	40.4939	-80.0553
PA	Bellwood	40.6007	-78.3333
PA	Belmont	40.2813	-78.8846
PA	Belsano	40.5198	-78.8711
PA	Ben Avon	40.5052	-80.0821
PA	Ben Avon Heights	40.5125	-80.0731
PA	Bendersville	39.9813	-77.2493
PA	Benson	40.2027	-78.9293
PA	Bentleyville	40.1178	-80.0044
PA	Benton	41.1957	-76.3843
PA	Berlin	39.9215	-78.9509
PA	Bernville	40.4338	-76.1112
PA	Berrysburg	40.6029	-76.8101
PA	Berwick	41.055	-76.251
PA	Berwyn	40.0388	-75.4421
PA	Bessemer	40.9772	-80.4887
PA	Bethany	41.6144	-75.2885
PA	Bethel	40.4765	-76.288
PA	Bethel Park	40.3238	-80.0364
PA	Bethlehem	40.6264	-75.3679
PA	Beurys Lake	40.7178	-76.3799
PA	Big Bass Lake	41.2497	-75.4797
PA	Big Beaver	40.8226	-80.3577
PA	Big Run	40.9707	-78.8774
PA	Bigler	40.9875	-78.3093
PA	Biglerville	39.9295	-77.2468
PA	Birchwood Lakes	41.2509	-74.9107
PA	Bird-in-Hand	40.0367	-76.1895
PA	Birdsboro	40.2623	-75.8101
PA	Birmingham	40.6472	-78.1957
PA	Black Lick	40.4691	-79.1881
PA	Blain	40.3365	-77.5124
PA	Blain City	40.7569	-78.5311
PA	Blaine Hill	40.2741	-79.8745
PA	Blairsville	40.4325	-79.2599
PA	Blakely	41.4859	-75.6013
PA	Blanchard	41.067	-77.6059
PA	Blandburg	40.6837	-78.4158
PA	Blandon	40.4451	-75.8795
PA	Blawnox	40.4933	-79.8593
PA	Bloomfield	40.4189	-77.189
PA	Blooming Glen	40.3681	-75.2405
PA	Blooming Valley	41.677	-80.0309
PA	Bloomsburg	41.0027	-76.4566
PA	Blossburg	41.6795	-77.069
PA	Blue Ball	40.1113	-76.0551
PA	Blue Bell	40.1474	-75.2687
PA	Blue Knob	40.3529	-78.5532
PA	Blue Ridge Summit	39.7256	-77.4688
PA	Boalsburg	40.778	-77.7744
PA	Bobtown	39.7603	-79.9848
PA	Boiling Springs	40.1593	-77.1399
PA	Bolivar	40.395	-79.1521
PA	Bonneauville	39.8104	-77.1363
PA	Boothwyn	39.8357	-75.4453
PA	Boston	40.3117	-79.8235
PA	Boswell	40.1615	-79.0275
PA	Bowers	40.4859	-75.7432
PA	Bowmanstown	40.8014	-75.6611
PA	Bowmansville	40.2017	-76.021
PA	Boyers	41.1075	-79.9009
PA	Boyertown	40.3323	-75.6375
PA	Brackenridge	40.608	-79.74
PA	Braddock	40.4017	-79.8686
PA	Braddock Hills	40.4146	-79.8613
PA	Bradenville	40.3236	-79.3403
PA	Bradford	41.961	-78.6409
PA	Bradford Woods	40.6369	-80.0809
PA	Branchdale	40.6732	-76.3222
PA	Brandonville	40.8601	-76.1689
PA	Brave	39.7256	-80.2602
PA	Breinigsville	40.5389	-75.6348
PA	Brentwood	40.3734	-79.9758
PA	Bressler	40.2319	-76.819
PA	Briar Creek	41.0492	-76.284
PA	Brickerville	40.2268	-76.2865
PA	Bridgeport	40.1041	-75.3435
PA	Bridgeville	40.3582	-80.1076
PA	Bridgewater	40.7051	-80.3004
PA	Brisbin	40.8385	-78.3512
PA	Bristol	40.1028	-74.8523
PA	Brittany Farms-The Highlands	40.2685	-75.2166
PA	Broad Top City	40.2012	-78.1406
PA	Brockton	40.7508	-76.0676
PA	Brockway	41.2471	-78.7924
PA	Brodheadsville	40.9284	-75.4019
PA	Brookhaven	39.8711	-75.3913
PA	Brooks Mill	40.3738	-78.4234
PA	Brookville	41.1617	-79.0827
PA	Broomall	39.9688	-75.3541
PA	Browndale	41.6549	-75.4557
PA	Brownstown	40.1271	-76.2182
PA	Brownsville	40.0189	-79.89
PA	Browntown	41.3139	-75.7827
PA	Bruin	41.0544	-79.7273
PA	Bryn Athyn	40.1411	-75.0674
PA	Bryn Mawr	40.0208	-75.3162
PA	Buck Run	40.7068	-76.3212
PA	Buckhorn	41.0204	-76.4932
PA	Buena Vista	40.2777	-79.8005
PA	Buffington	39.93	-79.8391
PA	Bulger	40.3766	-80.323
PA	Bunola	40.2336	-79.9505
PA	Burgettstown	40.3813	-80.3926
PA	Burlington	41.7841	-76.6073
PA	Burnham	40.6343	-77.563
PA	Burnside	40.8124	-78.798
PA	Burnt Cabins	40.078	-77.8981
PA	Butler	40.8616	-79.8962
PA	Byrnedale	41.2927	-78.5023
PA	Cairnbrook	40.1246	-78.8189
PA	California	40.0667	-79.912
PA	Callensburg	41.1257	-79.5577
PA	Callery	40.7394	-80.038
PA	Callimont	39.8012	-78.9216
PA	Caln	39.9971	-75.7829
PA	Calumet	40.2189	-79.4892
PA	Cambridge	40.081	-75.9435
PA	Cambridge Springs	41.802	-80.0598
PA	Camp Hill	40.2422	-76.9274
PA	Campbelltown	40.276	-76.5829
PA	Canadohta Lake	41.8115	-79.8358
PA	Canan Station	40.4627	-78.432
PA	Canoe Creek	40.4736	-78.279
PA	Canonsburg	40.2642	-80.1868
PA	Canton	41.6571	-76.8527
PA	Carbondale	41.5714	-75.5048
PA	Carlisle	40.2	-77.2041
PA	Carlisle Barracks	40.2098	-77.1727
PA	Carmichaels	39.8976	-79.975
PA	Carnegie	40.408	-80.086
PA	Carnot-Moon	40.5187	-80.2177
PA	Carroll Valley	39.7502	-77.3869
PA	Carrolltown	40.6045	-78.707
PA	Carson Valley	40.4491	-78.4486
PA	Casanova	40.9556	-78.1585
PA	Cashtown	39.8844	-77.3507
PA	Cassandra	40.4086	-78.6407
PA	Casselman	39.8854	-79.2107
PA	Cassville	40.2928	-78.0272
PA	Castanea	41.1171	-77.427
PA	Castle Shannon	40.3664	-80.0195
PA	Catasauqua	40.6538	-75.461
PA	Catawissa	40.9531	-76.4599
PA	Cecil-Bishop	40.3185	-80.1919
PA	Cedar Crest	40.3966	-77.8857
PA	Cementon	40.6875	-75.5178
PA	Centerport	40.4859	-76.0044
PA	Centerville	40.0325	-79.9595
PA	Central City	40.1096	-78.8043
PA	Centralia	40.8045	-76.344
PA	Centre Hall	40.8447	-77.6851
PA	Cetronia	40.5857	-75.5438
PA	Chadds Ford	39.8759	-75.6082
PA	Chalfant	40.4101	-79.8386
PA	Chalfont	40.289	-75.2096
PA	Chalkhill	39.8478	-79.6182
PA	Chambersburg	39.9314	-77.6556
PA	Chapman	40.76	-75.4006
PA	Charleroi	40.1379	-79.8998
PA	Charlottsville	40.6457	-78.2754
PA	Chase	41.2806	-75.9644
PA	Cheltenham Village	40.0631	-75.0935
PA	Cherry Tree	40.7257	-78.8125
PA	Cherry Valley	41.1594	-79.8012
PA	Cherryville	40.7566	-75.5325
PA	Chest Springs	40.5781	-78.6105
PA	Chester	39.8456	-75.3719
PA	Chester Heights	39.8926	-75.469
PA	Chester Hill	40.891	-78.2307
PA	Chesterbrook	40.0704	-75.4551
PA	Chestnut Hill	40.7228	-75.2072
PA	Cheswick	40.543	-79.801
PA	Chevy Chase Heights	40.6404	-79.1456
PA	Chewton	40.8976	-80.3185
PA	Cheyney University	39.9342	-75.5306
PA	Chicora	40.9525	-79.7391
PA	Chinchilla	41.4858	-75.6665
PA	Christiana	39.9545	-75.9973
PA	Church Hill	40.6926	-77.5949
PA	Churchill	40.4388	-79.8416
PA	Churchtown	40.1393	-75.9532
PA	Churchville	40.1945	-75.0018
PA	Clairton	40.2967	-79.889
PA	Clappertown	40.4027	-78.2778
PA	Clarence	41.0463	-77.9503
PA	Clarendon	41.7806	-79.094
PA	Clarion	41.2094	-79.3801
PA	Clark	41.2877	-80.4047
PA	Clarks Green	41.5009	-75.6953
PA	Clarks Summit	41.4902	-75.7065
PA	Clarksville	39.9744	-80.0439
PA	Clay	40.219	-76.239
PA	Claysburg	40.2914	-78.4514
PA	Claysville	40.1206	-80.4133
PA	Clearfield	41.0215	-78.4394
PA	Clearville	39.9188	-78.3838
PA	Cleona	40.3385	-76.4771
PA	Clifton Heights	39.9301	-75.2958
PA	Clinton	40.4923	-80.297
PA	Clintondale	41.0185	-77.5208
PA	Clintonville	41.201	-79.8745
PA	Clymer	40.6685	-79.0136
PA	Coal Center	40.07	-79.9012
PA	Coaldale	40.8197	-75.9161
PA	Coalmont	40.2112	-78.2
PA	Coalport	40.7464	-78.5297
PA	Coatesville	39.9852	-75.819
PA	Coburn	40.8661	-77.4639
PA	Cochranton	41.5191	-80.047
PA	Cochranville	39.8886	-75.9298
PA	Cokeburg	40.1	-80.0655
PA	Collegeville	40.1869	-75.4575
PA	Collingdale	39.9151	-75.2776
PA	Collinsburg	40.2209	-79.7812
PA	Colonial Park	40.2987	-76.807
PA	Colony Park	40.3492	-75.9798
PA	Columbia	40.0349	-76.4959
PA	Columbus	41.9479	-79.5832
PA	Colver	40.5427	-78.7892
PA	Colwyn	39.9118	-75.2531
PA	Commodore	40.7151	-78.9348
PA	Conashaugh Lakes	41.304	-74.9925
PA	Conestoga	39.9398	-76.336
PA	Confluence	39.8099	-79.3559
PA	Conneaut Lake	41.6027	-80.3094
PA	Conneaut Lakeshore	41.619	-80.3121
PA	Conneautville	41.7578	-80.3686
PA	Connellsville	40.0159	-79.5896
PA	Connoquenessing	40.8174	-80.0152
PA	Conshohocken	40.0772	-75.3041
PA	Continental Courts	40.8705	-77.8657
PA	Conway	40.6663	-80.2402
PA	Conyngham	40.9912	-76.0599
PA	Coopersburg	40.5104	-75.3919
PA	Cooperstown	41.4998	-79.8736
PA	Coplay	40.6707	-75.4955
PA	Coral	40.5036	-79.1752
PA	Coraopolis	40.5146	-80.1618
PA	Cornwall	40.2611	-76.411
PA	Cornwells Heights	40.0771	-74.9516
PA	Corry	41.9282	-79.6331
PA	Corsica	41.1813	-79.2026
PA	Cotton Town	40.2799	-78.4812
PA	Coudersport	41.7758	-78.016
PA	Coulter	40.3001	-79.7941
PA	Courtdale	41.2849	-75.9143
PA	Cove Forge	40.4791	-78.1734
PA	Crabtree	40.3638	-79.4695
PA	Crafton	40.4333	-80.0711
PA	Cranesville	41.9026	-80.3365
PA	Creekside	40.6819	-79.1936
PA	Crenshaw	41.2517	-78.7541
PA	Cresson	40.4626	-78.5866
PA	Cressona	40.6304	-76.1939
PA	Cross Creek	40.3264	-80.4091
PA	Cross Keys	40.4457	-78.4293
PA	Cross Roads	39.82	-76.5728
PA	Crown	41.3939	-79.2638
PA	Croydon	40.0903	-74.8967
PA	Crucible	39.9479	-79.9666
PA	Culp	40.5825	-78.2633
PA	Cumbola	40.7138	-76.1432
PA	Curryville	40.2759	-78.338
PA	Curtisville	40.6497	-79.8492
PA	Curwensville	40.9729	-78.5186
PA	Daisytown	40.3201	-78.9037
PA	Dale	40.3122	-78.9051
PA	Dallas	41.3315	-75.9729
PA	Dallastown	39.8997	-76.6409
PA	Dalmatia	40.6489	-76.9042
PA	Dalton	41.5376	-75.7383
PA	Danville	40.9617	-76.612
PA	Darby	39.921	-75.2611
PA	Darlington	40.8103	-80.4234
PA	Dauberville	40.4608	-75.9951
PA	Dauphin	40.3683	-76.9302
PA	Davidsville	40.2348	-78.9356
PA	Dawson	40.0472	-79.6569
PA	Dayton	40.8812	-79.2411
PA	DeSales University	40.5382	-75.3781
PA	Deemston	40.0273	-80.0334
PA	Deer Lake	39.8473	-79.5895
PA	Defiance	40.1599	-78.2318
PA	Delano	40.8404	-76.067
PA	Delaware Water Gap	40.9679	-75.1338
PA	Delmont	40.4144	-79.5729
PA	Delta	39.7267	-76.3271
PA	Denver	40.2341	-76.1412
PA	Derry	40.3334	-79.3011
PA	Devon	40.0489	-75.4268
PA	Dewart	41.1099	-76.8707
PA	Dickson City	41.4683	-75.6358
PA	Dillsburg	40.1115	-77.0325
PA	Dilworthtown	39.9019	-75.5714
PA	Distant	40.9742	-79.3583
PA	Dixonville	40.7162	-79.0106
PA	Donaldson	40.6363	-76.4059
PA	Donegal	40.112	-79.3808
PA	Donora	40.1795	-79.8624
PA	Dormont	40.394	-80.0377
PA	Dorneyville	40.5766	-75.5196
PA	Dorseyville	40.5798	-79.8897
PA	Douglassville	40.2599	-75.7242
PA	Dover	40.0033	-76.8484
PA	Downingtown	40.0083	-75.7022
PA	Doylestown	40.3142	-75.1277
PA	Dravosburg	40.3506	-79.8902
PA	Drexel Hill	39.9495	-75.3039
PA	Drifting	41.0217	-78.114
PA	Driftwood	41.344	-78.123
PA	Dry Tavern	39.9399	-80.0095
PA	Dryville	40.4617	-75.7548
PA	DuBois	41.1223	-78.7562
PA	Dublin	40.3769	-75.2059
PA	Duboistown	41.2232	-77.0379
PA	Dudley	40.2053	-78.1783
PA	Dumb Hundred	40.317	-78.4105
PA	Dunbar	39.9783	-79.6147
PA	Duncannon	40.3952	-77.0277
PA	Duncansville	40.4263	-78.4303
PA	Dunlevy	40.1096	-79.8588
PA	Dunlo	40.2934	-78.7176
PA	Dunmore	41.414	-75.6063
PA	Dunnstown	41.1501	-77.4207
PA	Dupont	41.3238	-75.7419
PA	Duquesne	40.3735	-79.8502
PA	Duryea	41.3513	-75.7761
PA	Dushore	41.526	-76.3985
PA	Eagle	40.0762	-75.6847
PA	Eagle Creek	40.8988	-77.8935
PA	Eagle Lake	41.2801	-75.4729
PA	Eagles Mere	41.4098	-76.5831
PA	Eagleview	40.0594	-75.6807
PA	Eagleville	40.1599	-75.409
PA	Earlston	40.0041	-78.3732
PA	East Altoona	40.5469	-78.3636
PA	East Bangor	40.8803	-75.1864
PA	East Berlin	39.9368	-76.9795
PA	East Berwick	41.0697	-76.2174
PA	East Brady	40.9819	-79.6103
PA	East Butler	40.8788	-79.8473
PA	East Conemaugh	40.3476	-78.8861
PA	East Earl	40.1102	-76.026
PA	East Freedom	40.3552	-78.4305
PA	East Greenville	40.4057	-75.506
PA	East Lansdowne	39.944	-75.2608
PA	East Marianna	40.0216	-80.0883
PA	East McKeesport	40.3848	-79.8074
PA	East Petersburg	40.1034	-76.3497
PA	East Pittsburgh	40.3969	-79.8382
PA	East Prospect	39.971	-76.5214
PA	East Rochester	40.6982	-80.269
PA	East Salem	40.6087	-77.2369
PA	East Sharpsburg	40.3345	-78.3722
PA	East Side	41.0624	-75.7622
PA	East Smithfield	41.8691	-76.6306
PA	East Stroudsburg	41.0049	-75.1715
PA	East Uniontown	39.896	-79.6976
PA	East Vandergrift	40.5974	-79.5629
PA	East Washington	40.1744	-80.2324
PA	East Waterford	40.3711	-77.6047
PA	East York	39.9687	-76.6755
PA	Eastlawn Gardens	40.748	-75.2847
PA	Easton	40.686	-75.2185
PA	Eastvale	40.7666	-80.3148
PA	Eau Claire	41.1368	-79.7985
PA	Ebensburg	40.4881	-78.7265
PA	Economy	40.6437	-80.1863
PA	Eddington	40.0865	-74.9445
PA	Eddystone	39.8548	-75.3371
PA	Edenborn	39.8821	-79.8877
PA	Edenburg	40.5655	-75.9596
PA	Edgewood	40.4313	-79.884
PA	Edgeworth	40.5544	-80.1923
PA	Edie	40.0863	-79.1279
PA	Edinboro	41.875	-80.1242
PA	Edinburg	41.009	-80.4303
PA	Edwardsville	41.2602	-75.9099
PA	Effort	40.9415	-75.4377
PA	Egypt	40.6853	-75.533
PA	Ehrenfeld	40.3752	-78.7773
PA	Eighty Four	40.1777	-80.1303
PA	Elberta	40.5125	-78.3242
PA	Elco	40.0818	-79.8817
PA	Elderton	40.6945	-79.3421
PA	Eldorado	40.4812	-78.4393
PA	Eldred	41.9568	-78.3806
PA	Elgin	41.907	-79.7465
PA	Elim	40.2972	-78.9455
PA	Elizabeth	40.2716	-79.8872
PA	Elizabethtown	40.1533	-76.5987
PA	Elizabethville	40.5472	-76.816
PA	Elk Grove	41.3066	-76.4088
PA	Elkins Park	40.0775	-75.128
PA	Elkland	41.9891	-77.3141
PA	Ellport	40.8616	-80.2621
PA	Ellsworth	40.1053	-80.0226
PA	Ellwood City	40.862	-80.2829
PA	Elmora	40.6034	-78.7496
PA	Elrama	40.2517	-79.9243
PA	Elverson	40.1537	-75.8308
PA	Elysburg	40.868	-76.5492
PA	Emeigh	40.6969	-78.7848
PA	Emerald Lakes	41.0841	-75.4137
PA	Emigsville	40.008	-76.7303
PA	Emlenton	41.1802	-79.7086
PA	Emmaus	40.5352	-75.4979
PA	Emporium	41.5104	-78.234
PA	Emsworth	40.5109	-80.0962
PA	Englewood	40.7815	-76.2449
PA	Enhaut	40.2324	-76.8254
PA	Enlow	40.4523	-80.2317
PA	Enola	40.2906	-76.9355
PA	Enon Valley	40.8558	-80.4562
PA	Ephrata	40.1809	-76.1802
PA	Erie	42.1166	-80.0735
PA	Ernest	40.6789	-79.1658
PA	Espy	41.005	-76.4172
PA	Etna	40.4952	-79.9496
PA	Evans City	40.7685	-80.0584
PA	Evansburg	40.1898	-75.4341
PA	Everett	40.0109	-78.3559
PA	Everson	40.0906	-79.587
PA	Exeter	41.3332	-75.8212
PA	Export	40.4169	-79.6231
PA	Exton	40.0299	-75.6331
PA	Eyers Grove	41.0955	-76.5196
PA	Factoryville	41.56	-75.7826
PA	Fairchance	39.8251	-79.754
PA	Fairdale	39.8932	-79.9667
PA	Fairfield	39.789	-77.3698
PA	Fairhope	40.115	-79.8388
PA	Fairless Hills	40.1777	-74.851
PA	Fairview	42.0255	-80.2547
PA	Fairview-Ferndale	40.7806	-76.574
PA	Falls Creek	41.142	-78.8069
PA	Fallston	40.7268	-80.3137
PA	Falmouth	40.1299	-76.7024
PA	Farmersville	40.1242	-76.1521
PA	Farmington	39.8082	-79.5629
PA	Farrell	41.2111	-80.4973
PA	Farwell	41.3332	-77.7213
PA	Fawn Grove	39.7312	-76.4521
PA	Fawn Lake Forest	41.5142	-75.0544
PA	Faxon	41.2557	-76.9771
PA	Fayette City	40.1007	-79.8383
PA	Fayetteville	39.9114	-77.5651
PA	Feasterville	40.154	-74.9916
PA	Fellsburg	40.1842	-79.827
PA	Felton	39.8571	-76.5611
PA	Fenelton	40.8724	-79.7287
PA	Ferndale	40.2905	-78.9198
PA	Fernville	41.002	-76.4774
PA	Finleyville	40.2528	-80.002
PA	Fisherville	40.4726	-78.1698
PA	Fivepointville	40.1827	-76.0633
PA	Fleetwood	40.4565	-75.8216
PA	Flemington	41.1272	-77.4702
PA	Flinton	40.7161	-78.5179
PA	Flourtown	40.1052	-75.2069
PA	Flying Hills	40.2779	-75.9132
PA	Folcroft	39.8882	-75.2758
PA	Folsom	39.8924	-75.3287
PA	Foot of Ten	40.4181	-78.4616
PA	Force	41.2593	-78.5041
PA	Ford City	40.7696	-79.533
PA	Ford Cliff	40.7608	-79.5358
PA	Forest City	41.6527	-75.4692
PA	Forest Hills	40.4251	-79.8545
PA	Forest Lake	41.8882	-75.9594
PA	Forestville	41.1021	-80.0014
PA	Forksville	41.4896	-76.6028
PA	Fort Fetter	40.4301	-78.4043
PA	Fort Indiantown Gap	40.4444	-76.5821
PA	Fort Loudon	39.9219	-77.9072
PA	Fort Washington	40.1408	-75.1926
PA	Forty Fort	41.2801	-75.8732
PA	Foster Brook	41.9834	-78.6024
PA	Fostoria	40.6192	-78.3197
PA	Foundryville	41.0769	-76.235
PA	Fountain Hill	40.6028	-75.3961
PA	Fountain Springs	40.7722	-76.3285
PA	Fox Chapel	40.526	-79.8889
PA	Fox Chase	40.3948	-75.9634
PA	Foxburg	41.1415	-79.6778
PA	Frackville	40.7833	-76.2329
PA	Frankfort Springs	40.481	-80.4428
PA	Franklin	41.383	-79.8321
PA	Franklin Forge	40.4711	-78.2321
PA	Franklin Park	40.5921	-80.0987
PA	Franklintown	40.0761	-77.0296
PA	Frankstown	40.4445	-78.3558
PA	Frazer	40.0374	-75.5555
PA	Fredericksburg	40.4441	-76.4377
PA	Fredericktown	40.0019	-80.0092
PA	Fredonia	41.3219	-80.2581
PA	Freeburg	40.7625	-76.9409
PA	Freedom	40.6851	-80.2536
PA	Freeland	41.0212	-75.8963
PA	Freemansburg	40.628	-75.3399
PA	Freeport	40.6862	-79.6826
PA	Frenchville	41.1017	-78.2252
PA	Friedens	40.0449	-79.0028
PA	Friedensburg	40.6078	-76.2284
PA	Friendsville	41.9179	-76.0477
PA	Friesville	40.2943	-78.4637
PA	Frisco	40.8516	-80.2685
PA	Frizzleburg	41.074	-80.4389
PA	Frystown	40.4554	-76.3247
PA	Fullerton	40.6307	-75.4802
PA	Galeton	41.7343	-77.6435
PA	Gallitzin	40.481	-78.5546
PA	Ganister	40.4736	-78.2267
PA	Gap	39.9899	-76.0212
PA	Garden View	41.2565	-77.0481
PA	Gardners	40.0064	-77.2083
PA	Garrett	39.8644	-79.0618
PA	Gastonville	40.2668	-80.0096
PA	Geeseytown	40.4516	-78.344
PA	Geistown	40.2936	-78.8726
PA	Genesee	41.9912	-77.8655
PA	Geneva	41.562	-80.226
PA	Georgetown	39.9418	-76.0811
PA	Gettysburg	39.8306	-77.2341
PA	Gibraltar	40.2794	-75.8563
PA	Gibsonia	40.6322	-79.9683
PA	Gilberton	40.7951	-76.2233
PA	Gilbertsville	40.323	-75.6086
PA	Girard	42.0041	-80.3192
PA	Girardville	40.7924	-76.2829
PA	Glasgow	40.6445	-80.5077
PA	Glassport	40.3258	-79.886
PA	Glen Campbell	40.8197	-78.8296
PA	Glen Hope	40.8034	-78.4921
PA	Glen Lyon	41.1774	-76.0865
PA	Glen Osborne	40.5298	-80.1671
PA	Glen Richey	40.9495	-78.4714
PA	Glen Rock	39.7935	-76.7307
PA	Glenburn	41.5164	-75.7243
PA	Glendale	40.3979	-80.0932
PA	Glendon	40.6576	-75.24
PA	Glenfield	40.5224	-80.1406
PA	Glenmoore	40.0861	-75.789
PA	Glenolden	39.8996	-75.292
PA	Glenshaw	40.5391	-79.9735
PA	Glenside	40.1032	-75.1519
PA	Gold Key Lake	41.3143	-74.9435
PA	Goldsboro	40.1557	-76.7533
PA	Goodville	40.1269	-76.0027
PA	Gordon	40.7501	-76.3399
PA	Gordonville	40.0211	-76.1365
PA	Gouglersville	40.2704	-76.0188
PA	Gouldsboro	41.2457	-75.4417
PA	Graceton	40.5071	-79.1687
PA	Grampian	40.9644	-78.6117
PA	Grantley	39.9401	-76.731
PA	Granville	40.5541	-77.6152
PA	Grapeville	40.3253	-79.606
PA	Grassflat	41.0079	-78.1087
PA	Gratz	40.6073	-76.7157
PA	Gray	40.133	-79.0924
PA	Grazierville	40.6575	-78.2713
PA	Great Bend	41.973	-75.7452
PA	Green Hills	40.1154	-80.3054
PA	Green Lane	40.3366	-75.4718
PA	Green Tree	40.4171	-80.0543
PA	Greencastle	39.7907	-77.7267
PA	Greenfields	40.3632	-75.9562
PA	Greenock	40.3132	-79.8042
PA	Greens Landing	41.9362	-76.5456
PA	Greensboro	39.7921	-79.913
PA	Greensburg	40.3112	-79.5444
PA	Greenville	41.4051	-80.3838
PA	Greenwood	40.5371	-78.3545
PA	Grier City	40.8268	-76.0579
PA	Grill	40.2986	-75.9347
PA	Grindstone	40.0219	-79.8231
PA	Grove City	41.1571	-80.0886
PA	Guilford	39.9173	-77.5995
PA	Guys Mills	41.632	-79.9767
PA	Halfway House	40.2796	-75.6405
PA	Halifax	40.4629	-76.9325
PA	Hallam	40.0024	-76.6042
PA	Hallstead	41.9618	-75.747
PA	Hamburg	40.5562	-75.9824
PA	Hamorton	39.8676	-75.6516
PA	Hampton	39.9244	-77.0499
PA	Hannasville	41.4718	-79.9314
PA	Hanover	39.8118	-76.9836
PA	Harford	41.782	-75.7062
PA	Harlansburg	41.0187	-80.1848
PA	Harleigh	40.9862	-75.9703
PA	Harleysville	40.2784	-75.3879
PA	Harmonsburg	41.6655	-80.3142
PA	Harmony	40.8013	-80.1249
PA	Harrisburg	40.2759	-76.885
PA	Harrison City	40.3548	-79.6502
PA	Harrisville	41.1364	-80.0107
PA	Hartleton	40.9002	-77.1564
PA	Hartstown	41.5485	-80.3846
PA	Harveys Lake	41.3647	-76.0447
PA	Harwick	40.5562	-79.8054
PA	Hasson Heights	41.4486	-79.6766
PA	Hastings	40.6647	-78.7093
PA	Hatboro	40.1774	-75.1055
PA	Hatfield	40.2771	-75.2989
PA	Haverford College	40.0093	-75.3074
PA	Hawk Run	40.9243	-78.2031
PA	Hawley	41.4759	-75.176
PA	Hawthorn	41.0205	-79.2832
PA	Haysville	40.5261	-80.1547
PA	Hayti	39.9869	-75.8441
PA	Hazen	40.8172	-80.2474
PA	Hazleton	40.9505	-75.9725
PA	Hebron	40.3389	-76.3997
PA	Heckscherville	40.721	-76.2669
PA	Hegins	40.6524	-76.4876
PA	Heidelberg	40.3915	-80.0922
PA	Heidlersburg	39.9471	-77.1496
PA	Heilwood	40.6219	-78.9152
PA	Hellertown	40.5813	-75.3379
PA	Hemlock Farms	41.3158	-75.0498
PA	Hendersonville	40.3007	-80.1583
PA	Henrietta	40.2625	-78.2977
PA	Hereford	40.4509	-75.5504
PA	Herminie	40.2632	-79.7136
PA	Hermitage	41.2296	-80.4407
PA	Herndon	40.7123	-76.8526
PA	Hershey	40.28	-76.6443
PA	Hickory	40.2957	-80.3051
PA	Hickory Hills	41.0344	-75.8206
PA	Highland Park	40.6217	-77.5706
PA	Highspire	40.2086	-76.7855
PA	Hilldale	41.2869	-75.8361
PA	Hiller	40.0078	-79.91
PA	Hillsville	41.0118	-80.4973
PA	Hinkletown	40.1452	-76.1208
PA	Hokendauqua	40.6585	-75.4952
PA	Holiday Pocono	41.0308	-75.6107
PA	Hollidaysburg	40.4311	-78.393
PA	Holters Crossing	40.972	-77.7241
PA	Homeacre-Lyndora	40.8721	-79.9211
PA	Homer City	40.5407	-79.1599
PA	Homestead	40.4073	-79.9099
PA	Hometown	40.8216	-75.9866
PA	Homewood	40.8133	-80.3294
PA	Homewood at Martinsburg	40.3045	-78.3324
PA	Honesdale	41.5757	-75.2508
PA	Honey Brook	40.0936	-75.9107
PA	Hookstown	40.5989	-80.4737
PA	Hooversville	40.1505	-78.9133
PA	Hop Bottom	41.7037	-75.7657
PA	Hopeland	40.2288	-76.2624
PA	Hopewell	40.1352	-78.2657
PA	Hopwood	39.8773	-79.7017
PA	Horsham	40.1825	-75.1387
PA	Hostetter	40.264	-79.3978
PA	Houserville	40.8266	-77.8227
PA	Houston	40.2495	-80.2111
PA	Houtzdale	40.8251	-78.351
PA	Howard	41.0114	-77.6573
PA	Hublersburg	40.9609	-77.6091
PA	Hudson	41.2772	-75.8312
PA	Hughestown	41.3289	-75.77
PA	Hughesville	41.239	-76.7254
PA	Hulmeville	40.1433	-74.9069
PA	Hummels Wharf	40.8312	-76.8423
PA	Hummelstown	40.2653	-76.7129
PA	Hunker	40.204	-79.6155
PA	Hunterstown	39.8848	-77.155
PA	Huntingdon	40.4982	-78.0073
PA	Hustontown	40.0483	-78.0274
PA	Hyde	41.007	-78.4678
PA	Hyde Park	40.3758	-75.9241
PA	Hydetown	41.6516	-79.7241
PA	Hyndman	39.8209	-78.7215
PA	Hyner	41.3375	-77.6418
PA	Ickesburg	40.4587	-77.3541
PA	Idaville	40.0216	-77.2062
PA	Imperial	40.4537	-80.2499
PA	Indian Lake	40.0418	-78.8669
PA	Indian Mountain Lake	41.0003	-75.5075
PA	Indian Rocks	41.3722	-75.3228
PA	Indiana	40.622	-79.1553
PA	Industry	40.6568	-80.4109
PA	Ingram	40.4448	-80.0685
PA	Inkerman	41.2969	-75.8166
PA	Intercourse	40.0364	-76.1058
PA	Iola	41.1338	-76.5307
PA	Ironville	40.6586	-78.2157
PA	Irvona	40.7738	-78.5503
PA	Irwin	40.3251	-79.6998
PA	Ivyland	40.208	-75.0735
PA	Jackson Center	41.2731	-80.1397
PA	Jacksonville	40.5609	-79.3018
PA	Jacksonwald	40.3311	-75.8361
PA	Jacobus	39.8825	-76.7121
PA	James City	41.6157	-78.8474
PA	Jamestown	41.4841	-80.4372
PA	Jamison City	41.2973	-76.3703
PA	Jeannette	40.3278	-79.6139
PA	Jeddo	40.9904	-75.8958
PA	Jefferson	39.8123	-76.843
PA	Jefferson Hills	40.2972	-79.9425
PA	Jenkintown	40.0963	-75.1298
PA	Jennerstown	40.1633	-79.061
PA	Jermyn	41.5273	-75.5454
PA	Jerome	40.2135	-78.9809
PA	Jersey Shore	41.2007	-77.2666
PA	Jerseytown	41.089	-76.5802
PA	Jessup	41.4522	-75.5413
PA	Jim Thorpe	40.8572	-75.7763
PA	Joffre	40.3809	-80.3532
PA	Johnsonburg	41.4922	-78.6788
PA	Johnstown	40.3261	-78.9191
PA	Jonestown	40.413	-76.4807
PA	Jugtown	40.3362	-78.327
PA	Julian	40.8615	-77.9429
PA	Juniata Gap	40.5518	-78.4332
PA	Juniata Terrace	40.5855	-77.5784
PA	Kane	41.663	-78.809
PA	Kapp Heights	40.8995	-76.8089
PA	Karns City	40.997	-79.7264
PA	Karthaus	41.122	-78.1206
PA	Kelayres	40.9007	-76.0046
PA	Kempton	40.6288	-75.8556
PA	Kenhorst	40.3068	-75.9438
PA	Kenilworth	40.2249	-75.6343
PA	Kenmar	41.2545	-76.955
PA	Kennerdell	41.2787	-79.822
PA	Kennett Square	39.8438	-75.7113
PA	Kerrtown	41.6266	-80.1691
PA	Kersey	41.3573	-78.6092
PA	Kimberton	40.1321	-75.5737
PA	King of Prussia	40.096	-75.3791
PA	Kingston	41.2648	-75.8866
PA	Kirkwood	39.8471	-76.0834
PA	Kiskimere	40.619	-79.5857
PA	Kistler	40.377	-77.8654
PA	Kittanning	40.8287	-79.5187
PA	Klahr	40.2978	-78.513
PA	Klingerstown	40.6589	-76.6931
PA	Knox	41.2344	-79.5361
PA	Knoxville	41.9605	-77.4379
PA	Koppel	40.8359	-80.3183
PA	Kratzerville	40.8561	-76.8912
PA	Kreamer	40.7985	-76.9731
PA	Kulpmont	40.7954	-76.4721
PA	Kulpsville	40.2439	-75.3407
PA	Kutztown	40.5213	-75.7773
PA	Kutztown University	40.5104	-75.7844
PA	Kylertown	40.9989	-78.168
PA	Laboratory	40.1514	-80.2147
PA	Laceyville	41.6459	-76.1587
PA	Laflin	41.2898	-75.7944
PA	Lake Arthur Estates	40.9616	-80.1483
PA	Lake City	42.0177	-80.3463
PA	Lake Heritage	39.8079	-77.1842
PA	Lake Latonka	41.2819	-80.1859
PA	Lake Meade	39.9842	-77.0374
PA	Lake Wallenpaupack Estates	41.364	-75.3273
PA	Lake Winola	41.5153	-75.8485
PA	Lake Wynonah	40.5911	-76.1704
PA	Lakemont	40.4642	-78.3928
PA	Lakeside	41.8624	-75.6483
PA	Lamar	41.01	-77.5234
PA	Lampeter	39.9936	-76.2453
PA	Lancaster	40.0421	-76.301
PA	Landingville	40.6232	-76.1227
PA	Landisburg	40.343	-77.3056
PA	Landisville	40.0901	-76.4053
PA	Lanesboro	41.9637	-75.5762
PA	Langeloth	40.3631	-80.4137
PA	Langhorne	40.1775	-74.9234
PA	Langhorne Manor	40.166	-74.9183
PA	Lansdale	40.2417	-75.2812
PA	Lansdowne	39.9408	-75.276
PA	Lanse	40.9611	-78.1157
PA	Lansford	40.833	-75.8844
PA	Laporte	41.4171	-76.4924
PA	Larke	40.4249	-78.2086
PA	Larksville	41.264	-75.9309
PA	Latrobe	40.3124	-79.3826
PA	Lattimer	40.9929	-75.9607
PA	Laurel Lake	41.9527	-75.9226
PA	Laurel Mountain	40.2112	-79.185
PA	Laurel Run	41.2195	-75.8446
PA	Laureldale	40.3897	-75.9135
PA	Laurelton	40.879	-77.2043
PA	Laurys Station	40.7235	-75.5431
PA	Lavelle	40.7623	-76.3869
PA	Lawnton	40.2653	-76.7984
PA	Lawrence	40.3031	-80.1196
PA	Lawrence Park	42.1506	-80.023
PA	Lawrenceville	41.9961	-77.1304
PA	Lawson Heights	40.2938	-79.3873
PA	LeRaysville	41.8376	-76.1737
PA	Leamersville	40.3743	-78.4313
PA	Lebanon	40.3412	-76.4227
PA	Lebanon South	40.3281	-76.4068
PA	Leechburg	40.6304	-79.6022
PA	Leeper	41.3705	-79.3056
PA	Leesport	40.4444	-75.9672
PA	Leetsdale	40.5639	-80.216
PA	Lehighton	40.8277	-75.7165
PA	Leith-Hatfield	39.8772	-79.7313
PA	Lemont	40.8119	-77.8162
PA	Lemont Furnace	39.9111	-79.663
PA	Lemoyne	40.2442	-76.8991
PA	Lenape Heights	40.7634	-79.5216
PA	Lenhartsville	40.5713	-75.8897
PA	Lenkerville	40.5327	-76.9594
PA	Leola	40.093	-76.189
PA	Level Green	40.3902	-79.7215
PA	Levittown	40.1523	-74.8523
PA	Lewis Run	41.8676	-78.654
PA	Lewisberry	40.1356	-76.8609
PA	Lewisburg	40.9641	-76.89
PA	Lewistown	40.5972	-77.5715
PA	Liberty	40.3217	-79.8632
PA	Lightstreet	41.0398	-76.4187
PA	Ligonier	40.2449	-79.2375
PA	Lilly	40.4242	-78.6202
PA	Lima	39.9194	-75.4415
PA	Lime Ridge	41.0261	-76.3501
PA	Lincoln	40.2914	-79.8599
PA	Lincoln Park	40.3147	-75.9886
PA	Lincoln University	39.8065	-75.9279
PA	Lincolnville	41.7903	-79.8393
PA	Linds Crossing	40.4401	-78.3233
PA	Linesville	41.6564	-80.4224
PA	Linglestown	40.3443	-76.7948
PA	Linntown	40.9563	-76.9005
PA	Linwood	39.8254	-75.4252
PA	Lionville	40.0537	-75.6448
PA	Lititz	40.154	-76.3043
PA	Little Britain	39.779	-76.1087
PA	Little Meadows	41.989	-76.1277
PA	Littlestown	39.7455	-77.0857
PA	Liverpool	40.5735	-76.9926
PA	Llewellyn	40.6724	-76.2776
PA	Lock Haven	41.1371	-77.4532
PA	Locust Gap	40.77	-76.4406
PA	Locustdale	40.7785	-76.3736
PA	Loganton	41.0342	-77.3023
PA	Loganville	39.8559	-76.7079
PA	Long Branch	40.0983	-79.8801
PA	Longfellow	40.5066	-77.6656
PA	Loop	40.4263	-78.3619
PA	Lorain	40.296	-78.8961
PA	Lorane	40.2942	-75.8482
PA	Loretto	40.5084	-78.6351
PA	Lower Allen	40.2267	-76.9028
PA	Lower Burrell	40.5833	-79.718
PA	Loyalhanna	40.3144	-79.3561
PA	Loysville	40.3702	-77.3354
PA	Lucerne Mines	40.5565	-79.1539
PA	Lumber City	40.6579	-77.6012
PA	Luthersburg	41.0498	-78.7132
PA	Luzerne	41.2869	-75.8968
PA	Lykens	40.5641	-76.6984
PA	Lynnwood-Pricedale	40.1301	-79.8519
PA	Lyons	40.4806	-75.7589
PA	Mackeyville	41.0537	-77.4637
PA	Macungie	40.5159	-75.5541
PA	Madera	40.8292	-78.4303
PA	Madison	40.2456	-79.6749
PA	Madisonburg	40.9268	-77.5186
PA	Mahaffey	40.8739	-78.7271
PA	Mahanoy City	40.8126	-76.1382
PA	Mainesburg	41.782	-76.9947
PA	Mainville	40.9826	-76.3695
PA	Maitland	40.6237	-77.4993
PA	Malvern	40.0331	-75.5154
PA	Mammoth	40.1987	-79.4629
PA	Manchester	40.0612	-76.7194
PA	Manheim	40.1633	-76.396
PA	Manns Choice	40.0033	-78.5908
PA	Manor	40.3459	-79.6693
PA	Manorville	40.7878	-79.5208
PA	Mansfield	41.8062	-77.0784
PA	Maple Glen	40.1778	-75.1792
PA	Mapleton	40.392	-77.9416
PA	Mapletown	39.8052	-79.9401
PA	Marcus Hook	39.8129	-75.4162
PA	Marianna	40.0128	-80.1121
PA	Marianne	41.2447	-79.433
PA	Marienville	41.4688	-79.1181
PA	Marietta	40.057	-76.5517
PA	Marion	39.8606	-77.7015
PA	Marion Center	40.7705	-79.0472
PA	Marion Heights	40.8037	-76.4643
PA	Marklesburg	40.384	-78.1686
PA	Markleysburg	39.7361	-79.4519
PA	Marlin	40.679	-76.244
PA	Mars	40.697	-80.0141
PA	Marshallton	40.7851	-76.5365
PA	Martins Creek	40.7827	-75.1902
PA	Martinsburg	40.3109	-78.3243
PA	Martinsburg Junction	40.3102	-78.3365
PA	Maryd	40.7594	-76.0557
PA	Marysville	40.3376	-76.9321
PA	Masontown	39.8487	-79.9087
PA	Masthope	41.5166	-75.0254
PA	Matamoras	41.3666	-74.6997
PA	Mather	39.9356	-80.0745
PA	Mattawana	40.4968	-77.7273
PA	Maxatawny	40.5412	-75.6919
PA	Mayfield	41.5397	-75.5311
PA	Maytown	40.0836	-76.5664
PA	McAdoo	40.901	-75.9924
PA	McAlisterville	40.638	-77.273
PA	McClure	40.7078	-77.3114
PA	McConnellsburg	39.932	-77.9958
PA	McConnellstown	40.4644	-78.0669
PA	McDonald	40.3701	-80.2325
PA	McElhattan	41.1539	-77.3521
PA	McEwensville	41.0723	-76.8188
PA	McGovern	40.2362	-80.2268
PA	McKean	41.9985	-80.1396
PA	McKeansburg	40.6823	-76.0196
PA	McKee	40.3605	-78.4211
PA	McKees Rocks	40.469	-80.0633
PA	McKeesport	40.3419	-79.845
PA	McKinley	40.084	-75.1107
PA	McKnightstown	39.8735	-77.3302
PA	McMurray	40.2815	-80.0874
PA	McSherrystown	39.8035	-77.0199
PA	McVeytown	40.4986	-77.7411
PA	Meadowlands	40.2173	-80.23
PA	Meadowood	40.8407	-79.896
PA	Meadville	41.6479	-80.1474
PA	Mechanicsburg	40.2114	-77.0059
PA	Mechanicsville	40.6908	-76.1807
PA	Media	39.92	-75.3883
PA	Mehoopany	41.567	-76.0622
PA	Melrose Park	40.0639	-75.1275
PA	Mercer	41.2265	-80.2363
PA	Mercersburg	39.8319	-77.9029
PA	Meridian	40.8526	-79.9549
PA	Merion Station	40.0036	-75.2501
PA	Mertztown	40.5017	-75.6646
PA	Meshoppen	41.6093	-76.0418
PA	Messiah College	40.1574	-76.9821
PA	Mexico	40.5416	-77.3583
PA	Meyersdale	39.8133	-79.0277
PA	Middleburg	40.7895	-77.0449
PA	Middleport	40.7278	-76.0868
PA	Middletown	40.644	-75.3246
PA	Midland	40.6344	-80.458
PA	Midway	40.3687	-80.2912
PA	Mifflin	40.5686	-77.4045
PA	Mifflinburg	40.9196	-77.0474
PA	Mifflintown	40.5712	-77.3951
PA	Mifflinville	41.0307	-76.3028
PA	Mildred	41.476	-76.3802
PA	Milesburg	40.9424	-77.7917
PA	Milford	41.3237	-74.801
PA	Milford Square	40.4332	-75.405
PA	Mill Creek	40.437	-77.931
PA	Mill Hall	41.1052	-77.4885
PA	Mill Run	40.5055	-78.4331
PA	Mill Village	41.8775	-79.9726
PA	Millbourne	39.9637	-75.2526
PA	Millersburg	40.5432	-76.9529
PA	Millerstown	40.5557	-77.1515
PA	Millersville	40.0053	-76.3518
PA	Millerton	41.9868	-76.9397
PA	Millheim	40.8936	-77.4765
PA	Millsboro	39.9901	-80.0022
PA	Millvale	40.4817	-79.9738
PA	Millville	41.121	-76.5256
PA	Millwood	40.3504	-79.2853
PA	Milroy	40.7194	-77.59
PA	Milton	41.0021	-76.8523
PA	Mineral Springs	40.996	-78.3689
PA	Minersville	40.6908	-76.2594
PA	Mingoville	40.937	-77.6596
PA	Misericordia University	41.346	-75.971
PA	Mocanaqua	41.1386	-76.1331
PA	Modena	39.9639	-75.8051
PA	Mohnton	40.2875	-75.9869
PA	Mohrsville	40.4754	-75.9799
PA	Monaca	40.6834	-80.2734
PA	Monessen	40.152	-79.883
PA	Monongahela	40.1912	-79.9225
PA	Monroe	41.7121	-76.4751
PA	Monroeville	40.4263	-79.7614
PA	Mont Alto	39.8404	-77.5557
PA	Mont Clare	40.1367	-75.4993
PA	Montandon	40.9655	-76.853
PA	Montgomery	41.1737	-76.8688
PA	Montgomeryville	40.2502	-75.2405
PA	Montoursville	41.2465	-76.9167
PA	Montrose	41.8334	-75.8761
PA	Montrose Manor	40.3063	-75.9872
PA	Monument	41.1112	-77.7042
PA	Moores Mill	40.4931	-78.2665
PA	Moose Run	40.9531	-77.8032
PA	Moosic	41.356	-75.7047
PA	Morea	40.7892	-76.1728
PA	Morgan Hill	40.6665	-75.204
PA	Morgantown	40.1501	-75.8873
PA	Morris Run	41.6762	-77.0187
PA	Morrisdale	40.9489	-78.2283
PA	Morrisville	40.2076	-74.7803
PA	Morton	39.9116	-75.3268
PA	Moscow	41.3422	-75.5279
PA	Moshannon	41.0342	-78.0069
PA	Mount Aetna	40.4204	-76.2964
PA	Mount Bethel	40.8996	-75.1127
PA	Mount Carbon	40.6733	-76.1884
PA	Mount Carmel	40.7959	-76.412
PA	Mount Cobb	41.4259	-75.4976
PA	Mount Eagle	40.98	-77.7058
PA	Mount Gretna	40.2456	-76.4715
PA	Mount Gretna Heights	40.2497	-76.4657
PA	Mount Holly Springs	40.1093	-77.1829
PA	Mount Jackson	40.9681	-80.4323
PA	Mount Jewett	41.7291	-78.6403
PA	Mount Joy	40.1106	-76.5057
PA	Mount Morris	39.7332	-80.082
PA	Mount Oliver	40.4113	-79.9856
PA	Mount Penn	40.3286	-75.8897
PA	Mount Pleasant	40.1509	-79.5434
PA	Mount Pleasant Mills	40.7247	-77.0265
PA	Mount Pocono	41.1225	-75.3578
PA	Mount Royal	40.038	-76.887
PA	Mount Union	40.3841	-77.8815
PA	Mount Wolf	40.0617	-76.7052
PA	Mountain Top	41.1353	-75.9044
PA	Mountainhome	41.1779	-75.2633
PA	Mountville	40.0407	-76.4349
PA	Muhlenberg Park	40.3868	-75.9398
PA	Muir	40.5943	-76.5187
PA	Muncy	41.2022	-76.7855
PA	Mundys Corner	40.4431	-78.8325
PA	Munhall	40.3936	-79.901
PA	Murrysville	40.4429	-79.6583
PA	Muse	40.2923	-80.2056
PA	Myerstown	40.3721	-76.3056
PA	Nanticoke	41.2005	-75.9997
PA	Nanty-Glo	40.4706	-78.834
PA	Naomi	40.1093	-79.8441
PA	Narberth	40.0077	-75.2635
PA	Natrona	40.6119	-79.7225
PA	Natrona Heights	40.6237	-79.7262
PA	Nazareth	40.74	-75.3126
PA	Nealmont	40.6666	-78.2188
PA	Needmore	39.8475	-78.1432
PA	Nemacolin	39.8843	-79.9301
PA	Nescopeck	41.053	-76.2123
PA	Nesquehoning	40.8781	-75.822
PA	New Albany	41.6012	-76.446
PA	New Alexandria	40.3945	-79.4175
PA	New Baltimore	39.9835	-78.7723
PA	New Beaver	40.8807	-80.3814
PA	New Bedford	41.0894	-80.4935
PA	New Berlin	40.8816	-76.9812
PA	New Berlinville	40.3459	-75.6313
PA	New Bethlehem	41.0063	-79.3253
PA	New Boston	40.7984	-76.1505
PA	New Brighton	40.7356	-80.3095
PA	New Britain	40.2996	-75.1781
PA	New Buffalo	40.4543	-76.9705
PA	New Castle	40.9956	-80.3458
PA	New Castle Northwest	41.0221	-80.3558
PA	New Centerville	39.9423	-79.1917
PA	New Columbia	41.0375	-76.8782
PA	New Columbus	41.1732	-76.2868
PA	New Cumberland	40.2288	-76.8783
PA	New Eagle	40.2072	-79.9533
PA	New Florence	40.3791	-79.0751
PA	New Freedom	39.7353	-76.6967
PA	New Freeport	39.7595	-80.4267
PA	New Galilee	40.8334	-80.401
PA	New Holland	40.1013	-76.0901
PA	New Hope	40.3614	-74.9568
PA	New Jerusalem	40.4409	-75.7592
PA	New Kensington	40.5725	-79.7531
PA	New Kingstown	40.2335	-77.0694
PA	New Lebanon	41.4201	-80.08
PA	New Market	40.223	-76.8561
PA	New Milford	41.8761	-75.7266
PA	New Morgan	40.1902	-75.9005
PA	New Oxford	39.863	-77.0555
PA	New Paris	40.1084	-78.6431
PA	New Philadelphia	40.7178	-76.1167
PA	New Ringgold	40.6892	-75.9928
PA	New Salem	39.9301	-79.826
PA	New Schaefferstown	40.4534	-76.1692
PA	New Stanton	40.2223	-79.6088
PA	New Tripoli	40.6739	-75.7476
PA	New Washington	40.8209	-78.7026
PA	New Wilmington	41.1176	-80.3315
PA	Newburg	40.8394	-78.685
PA	Newell	40.0746	-79.8918
PA	Newmanstown	40.3515	-76.2117
PA	Newport	40.479	-77.1339
PA	Newry	40.3933	-78.4357
PA	Newton Hamilton	40.393	-77.8353
PA	Newtown	40.6532	-76.3456
PA	Newtown Grant	40.2605	-74.9489
PA	Newville	40.1699	-77.4018
PA	Nicholson	41.6286	-75.7894
PA	Nicktown	40.6138	-78.8047
PA	Nittany	40.9947	-77.5521
PA	Nixon	40.7858	-79.9375
PA	Noblestown	40.3955	-80.2019
PA	Norristown	40.1221	-75.3399
PA	North Apollo	40.5938	-79.5566
PA	North Belle Vernon	40.132	-79.864
PA	North Bend	41.347	-77.7027
PA	North Braddock	40.4017	-79.8537
PA	North Catasauqua	40.6636	-75.4739
PA	North Charleroi	40.1504	-79.9081
PA	North East	42.2134	-79.8334
PA	North Irwin	40.3389	-79.7114
PA	North Philipsburg	40.9092	-78.2087
PA	North Towanda	41.7888	-76.4538
PA	North Vandergrift	40.6087	-79.5518
PA	North Wales	40.2112	-75.2744
PA	North Warren	41.8831	-79.1664
PA	North Washington	41.0488	-79.8143
PA	North York	39.978	-76.7309
PA	Northampton	40.6882	-75.4874
PA	Northern Cambria	40.6571	-78.7777
PA	Northumberland	40.8972	-76.793
PA	Northwest Harborcreek	42.1482	-79.9947
PA	Northwood	40.6864	-78.2271
PA	Norvelt	40.205	-79.497
PA	Norwood	39.886	-75.2958
PA	Nottingham	39.7478	-76.0316
PA	Noxen	41.422	-76.0692
PA	Nuangola	41.1584	-75.978
PA	Numidia	40.8786	-76.4047
PA	Nuremberg	40.9378	-76.1685
PA	Oak Hills	40.8263	-79.9151
PA	Oak Lane	40.0562	-75.1146
PA	Oakdale	40.4002	-80.1872
PA	Oakland	40.3055	-78.8818
PA	Oakmont	40.5198	-79.8367
PA	Oaks	40.1316	-75.4565
PA	Oakwood	41.0109	-80.3795
PA	Oberlin	40.2398	-76.8157
PA	Ohiopyle	39.8641	-79.4947
PA	Ohioville	40.6847	-80.4837
PA	Oil City	41.4288	-79.7078
PA	Oklahoma	41.1117	-78.7331
PA	Old Forge	41.3704	-75.7409
PA	Old Orchard	40.6575	-75.2609
PA	Oley	40.3898	-75.7872
PA	Oliver	39.9153	-79.7213
PA	Olivia	40.714	-78.2003
PA	Olyphant	41.4515	-75.5758
PA	Oneida	40.9072	-76.1238
PA	Orangeville	41.077	-76.4135
PA	Orbisonia	40.2429	-77.893
PA	Orchard Hills	40.5816	-79.5453
PA	Ore Hill	40.2923	-78.4033
PA	Oreland	40.115	-75.1804
PA	Oreminea	40.4034	-78.2546
PA	Orrstown	40.0588	-77.6082
PA	Orrtanna	39.8441	-77.3605
PA	Orviston	41.1073	-77.7534
PA	Orwigsburg	40.6542	-76.104
PA	Orwin	40.5839	-76.5314
PA	Osceola Mills	40.8525	-78.2698
PA	Oswayo	41.9209	-78.021
PA	Oval	41.1522	-77.1745
PA	Oxford	39.7856	-75.9797
PA	Paint	40.2421	-78.8501
PA	Palmdale	40.296	-76.6236
PA	Palmer Heights	40.6891	-75.2676
PA	Palmerton	40.8041	-75.6171
PA	Palmyra	40.31	-76.5948
PA	Palo Alto	40.6861	-76.1699
PA	Paoli	40.042	-75.4903
PA	Paradise	40.0062	-76.1223
PA	Pardeesville	41.0006	-75.9681
PA	Paris	40.4104	-80.5067
PA	Park Crest	40.8194	-76.0616
PA	Park Forest Village	40.7996	-77.9084
PA	Park Place	40.838	-76.0992
PA	Parker	41.0906	-79.6846
PA	Parkesburg	39.9601	-75.9162
PA	Parkhill	40.3593	-78.8728
PA	Parkland	40.1596	-74.9316
PA	Parkside	39.8674	-75.378
PA	Parkville	39.7859	-76.9685
PA	Parryville	40.8224	-75.6706
PA	Patterson Heights	40.7386	-80.3261
PA	Patton	40.6324	-78.6499
PA	Paxtang	40.2623	-76.8342
PA	Paxtonia	40.3166	-76.7885
PA	Paxtonville	40.7746	-77.0762
PA	Pen Argyl	40.8678	-75.2539
PA	Pen Mar	39.7263	-77.516
PA	Penbrook	40.278	-76.8483
PA	Penfield	41.2155	-78.5734
PA	Penn	40.3292	-79.6421
PA	Penn Estates	41.0335	-75.24
PA	Penn Farms	40.416	-78.4134
PA	Penn Lake Park	41.1147	-75.7751
PA	Penn State Berks	40.3613	-75.976
PA	Penn State Erie	42.1178	-79.9858
PA	Penn Wynne	39.9867	-75.2715
PA	Penndel	40.1552	-74.9147
PA	Penns Creek	40.8633	-77.0555
PA	Pennsburg	40.3936	-75.4964
PA	Pennsbury Village	40.4282	-80.1011
PA	Pennside	40.3379	-75.8767
PA	Pennville	39.7868	-76.992
PA	Pennwyn	40.289	-75.9736
PA	Penryn	40.1958	-76.3698
PA	Perkasie	40.3717	-75.2928
PA	Perryopolis	40.0868	-79.7526
PA	Peru	40.8544	-77.7672
PA	Petersburg	40.5726	-78.0506
PA	Petrolia	41.0216	-79.7168
PA	Philadelphia	40.0094	-75.1333
PA	Philipsburg	40.8929	-78.2167
PA	Phoenixville	40.1352	-75.5227
PA	Picture Rocks	41.2777	-76.706
PA	Pikes Creek	41.3086	-76.1028
PA	Pillow	40.6405	-76.8029
PA	Pine Glen	41.0887	-78.058
PA	Pine Grove	40.5534	-76.386
PA	Pine Grove Mills	40.7315	-77.8884
PA	Pine Ridge	41.144	-74.987
PA	Pine Run	40.6864	-80.2394
PA	Pinecroft	40.5644	-78.3534
PA	Pitcairn	40.4078	-79.7764
PA	Pittsburgh	40.4399	-79.9757
PA	Pittston	41.3279	-75.7857
PA	Plainfield	40.2012	-77.2833
PA	Plains	41.2758	-75.8519
PA	Platea	41.951	-80.3304
PA	Pleasant Gap	40.8673	-77.7441
PA	Pleasant Hill	40.3372	-76.4446
PA	Pleasant Hills	40.3298	-79.9596
PA	Pleasant View	40.6093	-79.5751
PA	Pleasantville	41.5935	-79.5808
PA	Pleasureville	40.0012	-76.7057
PA	Plum	40.5019	-79.7482
PA	Plumsteadville	40.3846	-75.1393
PA	Plumville	40.7925	-79.1794
PA	Plymouth	41.2409	-75.952
PA	Plymouth Meeting	40.1097	-75.2804
PA	Plymptonville	41.0436	-78.4508
PA	Pocono Mountain Lake Estates	41.1553	-74.9651
PA	Pocono Pines	41.1163	-75.4588
PA	Pocono Ranch Lands	41.1717	-74.9513
PA	Pocono Springs	41.28	-75.4014
PA	Pocono Woodland Lakes	41.3236	-74.8908
PA	Point Marion	39.7356	-79.9005
PA	Point View	40.4895	-78.2419
PA	Polk	41.3684	-79.9293
PA	Pomeroy	39.9648	-75.8829
PA	Port Allegany	41.8152	-78.2765
PA	Port Carbon	40.6969	-76.1666
PA	Port Clinton	40.5833	-76.0308
PA	Port Matilda	40.8	-78.0526
PA	Port Royal	40.5338	-77.3895
PA	Port Trevorton	40.6925	-76.8937
PA	Port Vue	40.3379	-79.8741
PA	Portage	40.3869	-78.6747
PA	Portersville	40.9243	-80.1469
PA	Portland	40.9221	-75.0983
PA	Potlicker Flats	40.727	-77.606
PA	Potters Mills	40.8024	-77.6271
PA	Pottsgrove	40.2644	-75.6093
PA	Pottstown	40.2509	-75.6448
PA	Pottsville	40.6799	-76.2092
PA	Pringle	41.2773	-75.9013
PA	Progress	40.2901	-76.8394
PA	Prompton	41.5937	-75.3246
PA	Prospect	40.8992	-80.0486
PA	Prospect Park	39.8861	-75.3074
PA	Pughtown	40.1709	-75.6576
PA	Pulaski	41.1114	-80.4306
PA	Punxsutawney	40.9437	-78.9748
PA	Puzzletown	40.3795	-78.4917
PA	Pymatuning Central	41.5884	-80.4784
PA	Pymatuning North	41.6661	-80.4653
PA	Pymatuning South	41.5125	-80.4763
PA	Quakertown	40.4397	-75.3458
PA	Quarryville	39.8955	-76.162
PA	Queens Gate	39.9406	-76.6874
PA	Quentin	40.2831	-76.4362
PA	Railroad	39.7596	-76.6961
PA	Rainsburg	39.8957	-78.5173
PA	Ramblewood	40.7238	-77.9432
PA	Ramey	40.8025	-78.4006
PA	Rankin	40.4134	-79.8838
PA	Ranshaw	40.7856	-76.5174
PA	Raubsville	40.6256	-75.2057
PA	Rauchtown	41.1276	-77.2426
PA	Ravine	40.5686	-76.3937
PA	Reading	40.3392	-75.9263
PA	Reamstown	40.2124	-76.1176
PA	Rebersburg	40.9427	-77.444
PA	Red Hill	40.3771	-75.4838
PA	Red Lion	39.8986	-76.6077
PA	Reedsville	40.6649	-77.593
PA	Reese	40.4349	-78.3001
PA	Refton	39.9511	-76.244
PA	Rehrersburg	40.458	-76.2453
PA	Reiffton	40.3106	-75.8614
PA	Reightown	40.6019	-78.3437
PA	Reinerton	40.5914	-76.5359
PA	Reinholds	40.2709	-76.1236
PA	Renfrew	40.8066	-79.9623
PA	Rennerdale	40.4002	-80.1396
PA	Renningers	40.6497	-76.1484
PA	Renovo	41.3278	-77.7672
PA	Republic	39.9664	-79.8769
PA	Reservoir	40.4027	-78.3848
PA	Revloc	40.4914	-78.7637
PA	Rew	41.8992	-78.5388
PA	Reynolds Heights	41.3431	-80.4022
PA	Reynoldsville	41.0949	-78.8877
PA	Rheems	40.1257	-76.5706
PA	Rices Landing	39.9449	-79.9982
PA	Riceville	41.7793	-79.8046
PA	Richboro	40.2254	-74.993
PA	Richfield	40.6837	-77.1237
PA	Richland	40.3574	-76.2569
PA	Richlandtown	40.4725	-75.3212
PA	Riddlesburg	40.1571	-78.2529
PA	Ridgway	41.4319	-78.7271
PA	Ridley Park	39.878	-75.3255
PA	Riegelsville	40.5954	-75.1975
PA	Rimersburg	41.0408	-79.5024
PA	Ringtown	40.8565	-76.235
PA	Riverside	40.949	-76.6419
PA	Riverview Park	40.3918	-75.9501
PA	Roaring Spring	40.3348	-78.396
PA	Robertsdale	40.1832	-78.1153
PA	Robeson Extension	40.4672	-78.1996
PA	Robesonia	40.3486	-76.1386
PA	Robinson	40.4034	-79.1403
PA	Rochester	40.7025	-80.2837
PA	Rockdale Acres	41.764	-79.9233
PA	Rockhill	40.2411	-77.8995
PA	Rockledge	40.0823	-75.0898
PA	Rockwood	39.9158	-79.1573
PA	Rogersville	39.8808	-80.2692
PA	Rohrerstown	40.0523	-76.3597
PA	Rohrsburg	41.1302	-76.4253
PA	Rome	41.858	-76.3411
PA	Ronco	39.868	-79.9228
PA	Ronks	40.0284	-76.1761
PA	Roots	40.6137	-78.3652
PA	Roscoe	40.0782	-79.864
PA	Rose Valley	39.8948	-75.3852
PA	Rosebud	40.7493	-78.5459
PA	Rosemont	40.0306	-75.327
PA	Roseto	40.8782	-75.2203
PA	Roseville	41.8637	-76.9576
PA	Roslyn	40.1311	-75.1374
PA	Rossiter	40.9008	-78.9359
PA	Rosslyn Farms	40.4224	-80.0885
PA	Rote	41.078	-77.4115
PA	Rothsville	40.1531	-76.2478
PA	Roulette	41.7768	-78.1551
PA	Rouseville	41.4685	-79.6812
PA	Rouzerville	39.7341	-77.528
PA	Rowes Run	40.0089	-79.8177
PA	Royalton	40.1858	-76.724
PA	Royer	40.4223	-78.2723
PA	Royersford	40.1863	-75.5389
PA	Runville	40.9573	-77.8334
PA	Rupert	40.9755	-76.4816
PA	Rural Valley	40.7991	-79.3149
PA	Russell	41.9374	-79.1403
PA	Russellton	40.6081	-79.8401
PA	Rutherford	40.2696	-76.7678
PA	Rutledge	39.9009	-75.3274
PA	S.N.P.J.	40.929	-80.4962
PA	Sabinsville	41.8671	-77.528
PA	Sadsburyville	39.9823	-75.8939
PA	Saegertown	41.7146	-80.1309
PA	Sagamore	40.7814	-79.231
PA	Saginaw	40.065	-76.6711
PA	Salisbury	39.7535	-79.0844
PA	Salix	40.2964	-78.7593
PA	Salladasburg	41.2808	-77.2318
PA	Salona	41.0873	-77.4537
PA	Saltillo	40.2118	-78.0062
PA	Saltsburg	40.4846	-79.4482
PA	Salunga	40.0929	-76.4282
PA	Sanatoga	40.2508	-75.5882
PA	Sand Hill	40.3614	-76.4217
PA	Sandy	41.1023	-78.7772
PA	Sandy Lake	41.3502	-80.0837
PA	Sandy Ridge	40.8112	-78.2308
PA	Sankertown	40.4714	-78.592
PA	Saw Creek	41.1195	-75.0463
PA	Saxonburg	40.751	-79.815
PA	Saxton	40.2127	-78.2471
PA	Saylorsburg	40.899	-75.3168
PA	Sayre	41.9857	-76.5208
PA	Scalp Level	40.2495	-78.8443
PA	Schaefferstown	40.2968	-76.2939
PA	Schellsburg	40.0482	-78.6434
PA	Schenley	40.6862	-79.6489
PA	Schlusser	40.2446	-77.1863
PA	Schnecksville	40.6709	-75.6207
PA	Schoeneck	40.2444	-76.1782
PA	Schubert	40.5005	-76.2186
PA	Schuylkill Haven	40.6283	-76.1725
PA	Schwenksville	40.2579	-75.4657
PA	Scotland	39.9698	-77.5844
PA	Scottdale	40.1034	-79.5898
PA	Scranton	41.4042	-75.6659
PA	Selinsgrove	40.8001	-76.8654
PA	Sellersville	40.3605	-75.3069
PA	Seltzer	40.6959	-76.2365
PA	Seneca	41.3772	-79.7052
PA	Seven Fields	40.6867	-80.0639
PA	Seven Springs	40.0267	-79.2941
PA	Seven Valleys	39.8545	-76.7667
PA	Seward	40.4131	-79.0219
PA	Sewickley	40.5397	-80.1789
PA	Sewickley Heights	40.5595	-80.1528
PA	Sewickley Hills	40.5681	-80.1271
PA	Shade Gap	40.1803	-77.8662
PA	Shamokin	40.7881	-76.555
PA	Shamokin Dam	40.8582	-76.8258
PA	Shanksville	40.0174	-78.9069
PA	Shanor-Northvue	40.9138	-79.919
PA	Sharon	41.234	-80.4998
PA	Sharon Hill	39.9074	-75.2678
PA	Sharpsburg	40.4932	-79.9215
PA	Sharpsville	41.259	-80.4818
PA	Shartlesville	40.5162	-76.1001
PA	Shavertown	41.3188	-75.9404
PA	Sheakleyville	41.4438	-80.2067
PA	Sheatown	41.1938	-76.0189
PA	Sheffield	41.701	-79.0299
PA	Shelltown	40.4568	-78.2067
PA	Shellytown	40.4092	-78.2106
PA	Shelocta	40.6563	-79.3003
PA	Shenandoah	40.8171	-76.2007
PA	Shenandoah Heights	40.8334	-76.2062
PA	Sheppton	40.8964	-76.1196
PA	Shickshinny	41.1542	-76.1509
PA	Shillington	40.3026	-75.9671
PA	Shiloh	39.9732	-76.792
PA	Shinglehouse	41.967	-78.1905
PA	Shippensburg	40.0487	-77.5232
PA	Shippensburg University	40.0617	-77.5228
PA	Shippenville	41.251	-79.4626
PA	Shippingport	40.6251	-80.4159
PA	Shiremanstown	40.2224	-76.9556
PA	Shirleysburg	40.2974	-77.8764
PA	Shoemakersville	40.4999	-75.9698
PA	Shrewsbury	39.7713	-76.6799
PA	Sickles Corner	40.5533	-78.2798
PA	Sidman	40.3236	-78.7523
PA	Sierra View	40.9898	-75.4202
PA	Siglerville	40.7368	-77.5319
PA	Silkworth	41.2748	-76.073
PA	Silverdale	40.3467	-75.2711
PA	Simpson	41.595	-75.4796
PA	Sinking Spring	40.3247	-76.0225
PA	Sinnamahoning	41.3223	-78.0957
PA	Skelp	40.6184	-78.2618
PA	Ski Gap	40.316	-78.5172
PA	Skippack	40.2212	-75.4011
PA	Skyline View	40.3376	-76.7256
PA	Slabtown	40.9031	-76.4019
PA	Slatedale	40.7439	-75.6585
PA	Slatington	40.7536	-75.6108
PA	Slickville	40.4621	-79.5184
PA	Sligo	41.1102	-79.5031
PA	Slippery Rock	41.0695	-80.0579
PA	Slippery Rock University	41.0647	-80.0419
PA	Slovan	40.3595	-80.385
PA	Smethport	41.8084	-78.4447
PA	Smicksburg	40.8701	-79.1713
PA	Smith Corner	40.3575	-78.4862
PA	Smithfield	39.8022	-79.8087
PA	Smithton	40.1538	-79.7417
PA	Smock	39.9997	-79.7774
PA	Smoketown	40.0362	-76.2045
PA	Snow Shoe	41.0277	-77.9497
PA	Snydertown	40.8727	-76.6735
PA	Somerset	40.005	-79.0779
PA	Soudersburg	40.0153	-76.1536
PA	Souderton	40.311	-75.3224
PA	South Bethlehem	40.9992	-79.3395
PA	South Coatesville	39.9717	-75.8118
PA	South Connellsville	39.9925	-79.5755
PA	South Fork	40.362	-78.7896
PA	South Greensburg	40.2782	-79.5474
PA	South Heights	40.5751	-80.2361
PA	South Montrose	41.7956	-75.8912
PA	South New Castle	40.9747	-80.3456
PA	South Philipsburg	40.887	-78.2186
PA	South Pottstown	40.2356	-75.663
PA	South Renovo	41.3247	-77.7423
PA	South Temple	40.3988	-75.9225
PA	South Uniontown	39.8939	-79.7466
PA	South Waverly	41.9942	-76.5444
PA	South Williamsport	41.2294	-77.0005
PA	Southmont	40.3108	-78.9327
PA	Southpointe	40.2973	-80.1822
PA	Southview	40.332	-80.2561
PA	Southwest Greensburg	40.2919	-79.5478
PA	Spartansburg	41.8232	-79.6818
PA	Speers	40.1224	-79.8806
PA	Spinnerstown	40.4431	-75.4491
PA	Spring Church	40.6056	-79.4844
PA	Spring City	40.1769	-75.5465
PA	Spring Drive Mobile Home Park	40.307	-78.33
PA	Spring Grove	39.8809	-76.864
PA	Spring Hill	40.3704	-78.6692
PA	Spring House	40.1772	-75.2195
PA	Spring Mills	40.8534	-77.5653
PA	Spring Mount	40.2744	-75.4691
PA	Spring Ridge	40.3533	-75.9892
PA	Springboro	41.8006	-80.3717
PA	Springdale	40.5408	-79.781
PA	Springmont	40.3274	-76.0042
PA	Springville	41.6945	-75.927
PA	Sproul	40.2723	-78.4582
PA	Spry	39.9125	-76.6863
PA	St. Benedict	40.6299	-78.7245
PA	St. Clair	40.7211	-76.1903
PA	St. Clairsville	40.1559	-78.5108
PA	St. Davids	40.0388	-75.3739
PA	St. Lawrence	40.3259	-75.8638
PA	St. Marys	41.455	-78.5202
PA	St. Michael	40.3247	-78.7664
PA	St. Petersburg	41.161	-79.6545
PA	St. Vincent College	40.2913	-79.4055
PA	Star Junction	40.061	-79.7656
PA	Starbrick	41.8414	-79.2128
PA	Starrucca	41.8909	-75.4498
PA	State College	40.791	-77.8568
PA	State Line	39.7329	-77.7247
PA	Steelton	40.2258	-76.8254
PA	Stevens	40.2165	-76.1669
PA	Stewartstown	39.7528	-76.5925
PA	Stiles	40.6663	-75.507
PA	Stillwater	41.1526	-76.3757
PA	Stockdale	40.0831	-79.8508
PA	Stockertown	40.7549	-75.2629
PA	Stoneboro	41.3304	-80.1181
PA	Stonerstown	40.2157	-78.2571
PA	Stony Creek Mills	40.3493	-75.8641
PA	Stonybrook	39.9811	-76.6306
PA	Stormstown	40.7896	-78.0204
PA	Stouchsburg	40.3807	-76.2314
PA	Stowe	40.2509	-75.6819
PA	Stoystown	40.1032	-78.9546
PA	Strabane	40.2504	-80.1985
PA	Strasburg	39.9845	-76.1862
PA	Strattanville	41.2025	-79.3269
PA	Strausstown	40.4918	-76.1842
PA	Strodes Mills	40.5444	-77.6775
PA	Strong	40.7975	-76.4401
PA	Stroudsburg	40.9832	-75.1943
PA	Sturgeon	40.3835	-80.2152
PA	Sugar Grove	41.9837	-79.3396
PA	Sugar Notch	41.1939	-75.9314
PA	Sugarcreek	41.4402	-79.8288
PA	Summerhill	40.3762	-78.7619
PA	Summerville	41.1164	-79.1883
PA	Summit Hill	40.825	-75.8462
PA	Summit Station	40.562	-76.2012
PA	Sun Valley	40.9804	-75.4665
PA	Sunbrook	40.4339	-78.4324
PA	Sunbury	40.8615	-76.7867
PA	Sunrise Lake	41.3132	-74.9631
PA	Susquehanna Depot	41.9409	-75.6082
PA	Susquehanna Trails	39.7584	-76.3684
PA	Sutersville	40.2345	-79.8015
PA	Swarthmore	39.9023	-75.3487
PA	Swartzville	40.2289	-76.0795
PA	Swedeland	40.0873	-75.3334
PA	Sweden Valley	41.7595	-77.9538
PA	Swedesburg	40.102	-75.3323
PA	Swissvale	40.4203	-79.886
PA	Swoyersville	41.2977	-75.8799
PA	Sykesville	41.0447	-78.8112
PA	Sylvan Hills	40.4487	-78.3839
PA	Sylvania	41.8012	-76.8658
PA	Table Rock	39.9121	-77.2165
PA	Tamaqua	40.8041	-75.9266
PA	Tarentum	40.6045	-79.76
PA	Tatamy	40.7407	-75.2561
PA	Taylor	41.3958	-75.7147
PA	Taylorstown	40.1568	-80.3866
PA	Telford	40.3256	-75.3273
PA	Temple	40.4081	-75.9229
PA	Templeton	40.918	-79.4601
PA	Terre Hill	40.1605	-76.0496
PA	Tharptown	40.8034	-76.5712
PA	The Escape	41.3679	-75.3064
PA	The Hideout	41.4355	-75.3499
PA	Thompson	41.8637	-75.5141
PA	Thompsontown	40.5658	-77.2361
PA	Thompsonville	40.2736	-80.1133
PA	Thornburg	40.4346	-80.0841
PA	Thorndale	40.001	-75.7517
PA	Three Springs	40.197	-77.9819
PA	Throop	41.4382	-75.5927
PA	Tidioute	41.6861	-79.392
PA	Timber Hills	40.2435	-76.4849
PA	Timblin	40.969	-79.1984
PA	Tioga	41.9078	-77.1352
PA	Tionesta	41.4979	-79.4494
PA	Tipton	40.6374	-78.2948
PA	Titusville	41.6272	-79.6698
PA	Toftrees	40.8248	-77.8848
PA	Topton	40.5034	-75.7025
PA	Toughkenamon	39.832	-75.7557
PA	Towamensing Trails	40.9942	-75.5818
PA	Towanda	41.7709	-76.4465
PA	Tower City	40.5884	-76.5531
PA	Townville	41.6791	-79.88
PA	Trafford	40.3846	-79.7576
PA	Trainer	39.824	-75.4048
PA	Trappe	40.1991	-75.4754
PA	Treasure Lake	41.1682	-78.7205
PA	Tremont	40.6302	-76.3912
PA	Tresckow	40.916	-75.9657
PA	Trevorton	40.7841	-76.671
PA	Trevose	40.1509	-74.982
PA	Trexlertown	40.5568	-75.5936
PA	Trooper	40.1488	-75.3991
PA	Troutville	41.0294	-78.7877
PA	Troxelville	40.8088	-77.2047
PA	Troy	41.7833	-76.7922
PA	Trucksville	41.31	-75.9281
PA	Trumbauersville	40.4134	-75.3775
PA	Tullytown	40.1408	-74.811
PA	Tunkhannock	41.5411	-75.9491
PA	Tunnelhill	40.4783	-78.5423
PA	Turbotville	41.1019	-76.7694
PA	Turtle Creek	40.4086	-79.8215
PA	Tuscarora	40.7688	-76.0377
PA	Twilight	40.1158	-79.8936
PA	Twin Rocks	40.5026	-78.8568
PA	Tyler Run	39.9305	-76.7011
PA	Tylersburg	41.3828	-79.3165
PA	Tylersville	40.9898	-77.4449
PA	Tyrone	40.6765	-78.246
PA	Tyrone Forge	40.6603	-78.2224
PA	Ulster	41.8485	-76.507
PA	Ulysses	41.9031	-77.7548
PA	Union City	41.8977	-79.8432
PA	Union Dale	41.713	-75.4832
PA	Union Deposit	40.2933	-76.6807
PA	Uniontown	39.8993	-79.7245
PA	Unionville	40.9423	-79.9613
PA	University of Pittsburgh Bradford	41.9443	-78.6728
PA	University of Pittsburgh Johnstown	40.2626	-78.8296
PA	Upland	39.8562	-75.3796
PA	Upper Exeter	41.4045	-75.8547
PA	Ursina	39.8153	-79.3325
PA	Utica	41.4372	-79.9654
PA	Vail	40.7011	-78.2138
PA	Valencia	40.6767	-79.9883
PA	Valley Green	40.1567	-76.7946
PA	Valley View	40.6481	-76.5352
PA	Valley-Hi	40.0321	-78.1926
PA	Van Voorhis	40.1599	-79.9731
PA	Vanderbilt	40.034	-79.6628
PA	Vandergrift	40.5994	-79.5755
PA	Vandling	41.6275	-75.4743
PA	Venango	41.7727	-80.1121
PA	Verona	40.5057	-79.8419
PA	Versailles	40.3182	-79.8308
PA	Vicksburg	40.9384	-76.9905
PA	Village Green-Green Ridge	39.8639	-75.4257
PA	Village Shires	40.2001	-74.9706
PA	Villanova	40.0405	-75.341
PA	Vinco	40.4099	-78.8449
PA	Vintondale	40.4807	-78.9108
PA	Virginville	40.5171	-75.8573
PA	Volant	41.1124	-80.2599
PA	Vowinckel	41.4047	-79.2313
PA	Wagner	40.6777	-77.3847
PA	Wakefield	39.777	-76.1839
PA	Wall	40.3916	-79.7859
PA	Wallaceton	40.9656	-78.2876
PA	Wallenpaupack Lake Estates	41.3969	-75.2727
PA	Waller	41.237	-76.4156
PA	Walnutport	40.7515	-75.5952
PA	Walnuttown	40.4467	-75.8405
PA	Wampum	40.8851	-80.3404
PA	Wanamie	41.1745	-76.0422
PA	Warfordsburg	39.7511	-78.1889
PA	Warminster Heights	40.1884	-75.0841
PA	Warren	41.8429	-79.1439
PA	Warrior Run	41.1886	-75.9496
PA	Warriors Mark	40.7028	-78.1315
PA	Washington	40.1742	-80.2468
PA	Washington Boro	40.0066	-76.469
PA	Washingtonville	41.0523	-76.6749
PA	Waterford	41.9452	-79.9851
PA	Watsontown	41.0853	-76.8649
PA	Wattsburg	42.0027	-79.8048
PA	Waverly	41.5276	-75.703
PA	Waymart	41.5864	-75.4037
PA	Wayne	40.0396	-75.3927
PA	Wayne Heights	39.7455	-77.5436
PA	Waynesboro	39.7524	-77.5823
PA	Waynesburg	39.8983	-80.1855
PA	Weatherly	40.942	-75.8209
PA	Webster	40.1924	-79.8507
PA	Weedville	41.2758	-78.4902
PA	Weigelstown	39.9852	-76.8307
PA	Weissport	40.829	-75.7009
PA	Weissport East	40.8369	-75.6864
PA	Wellersburg	39.7306	-78.848
PA	Wells Tannery	40.0898	-78.165
PA	Wellsboro	41.7455	-77.3037
PA	Wellsville	40.0513	-76.9407
PA	Wernersville	40.3304	-76.0827
PA	Wescosville	40.5614	-75.55
PA	Wesleyville	42.1369	-80.0123
PA	West Alexander	40.107	-80.5092
PA	West Brownsville	40.0315	-79.8917
PA	West Chester	39.9599	-75.6054
PA	West Conshohocken	40.0703	-75.3188
PA	West Decatur	40.9291	-78.2817
PA	West Easton	40.6784	-75.2361
PA	West Elizabeth	40.2706	-79.8962
PA	West Fairview	40.2787	-76.9208
PA	West Falls	41.4517	-75.864
PA	West Grove	39.8202	-75.8285
PA	West Hamburg	40.5518	-76.0049
PA	West Hazleton	40.9743	-76.0254
PA	West Hills	40.8429	-79.5441
PA	West Homestead	40.3938	-79.9102
PA	West Kittanning	40.8127	-79.5312
PA	West Lawn	40.3289	-75.9938
PA	West Leechburg	40.6335	-79.619
PA	West Liberty	41.0093	-80.0666
PA	West Mayfield	40.7802	-80.3387
PA	West Middlesex	41.1742	-80.4555
PA	West Middletown	40.2432	-80.4253
PA	West Mifflin	40.3577	-79.9054
PA	West Milton	41.0183	-76.8766
PA	West Myerstown	40.3698	-76.3198
PA	West Nanticoke	41.22	-76.0091
PA	West Newton	40.2072	-79.7712
PA	West Pittsburg	40.9309	-80.3622
PA	West Pittston	41.3296	-75.8
PA	West Reading	40.3338	-75.9469
PA	West Sunbury	41.0061	-79.8965
PA	West View	40.5182	-80.0333
PA	West Waynesburg	39.9001	-80.2006
PA	West Wilmerding	40.397	-79.8218
PA	West Wyoming	41.3216	-75.8578
PA	West Wyomissing	40.3222	-75.9951
PA	West York	39.9534	-76.761
PA	Westfield	41.9177	-77.5403
PA	Westland	40.2789	-80.2732
PA	Westmont	40.3194	-78.9524
PA	Weston	40.9426	-76.1401
PA	Westover	40.7411	-78.688
PA	Westwood	40.333	-78.9537
PA	Wheatland	41.1969	-80.4958
PA	Whitaker	40.4005	-79.8854
PA	White Haven	41.0597	-75.7869
PA	White Mills	41.5393	-75.1994
PA	White Oak	40.3388	-79.7961
PA	Whitehall	40.3602	-79.9898
PA	Whitfield	40.335	-76.006
PA	Wickerham Manor-Fisher	40.1771	-79.9079
PA	Wiconsico	40.5742	-76.6773
PA	Wilburton Number One	40.8128	-76.394
PA	Wilburton Number Two	40.8191	-76.3647
PA	Wilcox	41.572	-78.6868
PA	Wilkes-Barre	41.2466	-75.8757
PA	Wilkinsburg	40.4442	-79.8733
PA	Williamsburg	40.463	-78.2049
PA	Williamsport	41.24	-77.0356
PA	Williamstown	40.5809	-76.617
PA	Willow Grove	40.1472	-75.1169
PA	Willow Street	39.9809	-76.2719
PA	Wilmerding	40.3942	-79.81
PA	Wilmore	40.3873	-78.7172
PA	Wilson	40.6844	-75.2417
PA	Winburne	40.9627	-78.1494
PA	Wind Gap	40.849	-75.291
PA	Wind Ridge	39.9111	-80.4322
PA	Windber	40.2355	-78.8247
PA	Windsor	39.9163	-76.584
PA	Winfield	40.8947	-76.8603
PA	Winterstown	39.8408	-76.6174
PA	Witmer	40.0506	-76.2102
PA	Wolfdale	40.1978	-80.3001
PA	Womelsdorf	40.367	-76.1868
PA	Wood	40.1665	-78.1386
PA	Woodbourne	40.202	-74.8872
PA	Woodbury	40.2253	-78.366
PA	Woodcock	41.7541	-80.0846
PA	Woodland	41.007	-78.3407
PA	Woodland Heights	41.4113	-79.7015
PA	Woodlyn	39.8774	-75.3445
PA	Woodside	40.23	-74.8594
PA	Woodward	40.8996	-77.3457
PA	Woolrich	41.1857	-77.3711
PA	Wopsononock	40.566	-78.4495
PA	Wormleysburg	40.2606	-76.9103
PA	Worthington	40.838	-79.635
PA	Worthville	41.0245	-79.1411
PA	Woxall	40.3183	-75.453
PA	Wrightsville	40.0239	-76.5312
PA	Wurtemburg	40.8554	-80.2481
PA	Wyalusing	41.6726	-76.2612
PA	Wyano	40.2015	-79.6939
PA	Wylandville	40.2099	-80.1263
PA	Wyncote	40.0915	-75.1463
PA	Wyndmoor	40.0856	-75.1941
PA	Wynnewood	39.9976	-75.2692
PA	Wyoming	41.3057	-75.8429
PA	Wyomissing	40.3347	-75.9661
PA	Yardley	40.2403	-74.8389
PA	Yarnell	41.0003	-77.8143
PA	Yatesboro	40.8005	-79.3328
PA	Yatesville	41.3038	-75.7822
PA	Yeadon	39.9325	-75.2527
PA	Yeagertown	40.6411	-77.5803
PA	Yellow Springs	40.5177	-78.1956
PA	Yoe	39.9096	-76.6366
PA	York	39.9648	-76.7318
PA	York Haven	40.1104	-76.715
PA	York Springs	40.0093	-77.1159
PA	Yorkana	39.976	-76.5847
PA	Yorklyn	39.9929	-76.6428
PA	Youngstown	40.2798	-79.3659
PA	Youngsville	41.8525	-79.3167
PA	Youngwood	40.2443	-79.5807
PA	Yukon	40.2144	-79.6885
PA	Zelienople	40.7857	-80.1387
PA	Zion	40.9168	-77.6908
PR	Aceitunas	18.4455	-67.0669
PR	Adjuntas	18.1638	-66.7235
PR	Aguada	18.3803	-67.1884
PR	Aguadilla	18.4384	-67.1548
PR	Aguas Buenas	18.2582	-66.1064
PR	Aguas Claras	18.2447	-65.6662
PR	Aguilita	18.0285	-66.5341
PR	Aibonito	18.1401	-66.2664
PR	Alianza	18.4534	-66.8556
PR	Animas	18.4457	-66.6364
PR	Anon Raices	18.1391	-66.5858
PR	AntÃ³n RuÃ­z	18.1883	-65.8079
PR	Arecibo	18.4549	-66.7354
PR	Arroyo	17.9696	-66.0599
PR	AÃ±asco	18.2855	-67.1401
PR	Bairoa La Veinticinco	18.2636	-66.0215
PR	Bajadero	18.4204	-66.672
PR	Bajandas	18.1601	-65.7831
PR	Barahona	18.3522	-66.4443
PR	Barceloneta	18.453	-66.5381
PR	Barranquitas	18.1848	-66.3102
PR	Bartolo	18.362	-65.8414
PR	BayamÃ³n	18.3801	-66.1633
PR	BenÃ­tez	18.2725	-65.8788
PR	Betances	18.0296	-67.1335
PR	BoquerÃ³n	18.2001	-65.8439
PR	BreÃ±as	18.4733	-66.3346
PR	Brisas del Campanero	18.4316	-66.2261
PR	Buena Vista	17.9965	-66.0516
PR	BÃºfalo	18.4165	-66.575
PR	Cabo Rojo	18.0867	-67.1483
PR	CabÃ¡n	18.445	-67.1363
PR	Cacao	18.452	-66.9563
PR	Caguas	18.2321	-66.039
PR	Calzada	18.0055	-66.5643
PR	Cambalache	18.3583	-65.8867
PR	Campanilla	18.4224	-66.2392
PR	Campanillas	18.4386	-66.216
PR	Campo Rico	18.339	-65.8943
PR	Camuy	18.4826	-66.8474
PR	Candelaria	18.4064	-66.218
PR	Candelaria Arenas	18.4173	-66.2205
PR	Candelero Abajo	18.0942	-65.8165
PR	Candelero Arriba	18.1017	-65.8342
PR	Canovanillas	18.3345	-65.904
PR	CanÃ³vanas	18.3692	-65.9009
PR	Capitanejo	18.0131	-66.5356
PR	Carolina	18.4121	-65.9798
PR	Carrizales	18.4811	-66.7879
PR	CataÃ±o	18.4381	-66.1388
PR	Cayey	18.1153	-66.1629
PR	Cayuco	18.2923	-66.7348
PR	CaÃ±o Martin PeÃ±a	18.4304	-66.0501
PR	Ceiba	18.265	-65.6488
PR	Celada	18.2667	-65.9625
PR	Central Aguirre	17.9567	-66.2283
PR	Cerrillos Hoyos	18.0655	-66.5689
PR	Ciales	18.3341	-66.4719
PR	Cidra	18.1775	-66.1585
PR	Coamo	18.0783	-66.3632
PR	Coco	18.0013	-66.2607
PR	ComerÃ­o	18.2195	-66.2251
PR	Comunas	18.0846	-65.8435
PR	CoquÃ­	17.9793	-66.2256
PR	CorazÃ³n	17.994	-66.0834
PR	Corcovado	18.461	-66.7778
PR	Corozal	18.341	-66.3125
PR	Corral Viejo	18.0755	-66.6523
PR	Coto Laurel	18.0491	-66.5517
PR	Coto Norte	18.4328	-66.4408
PR	Culebra	18.3103	-65.3027
PR	Daguao	18.2217	-65.6798
PR	Del Carmen	18.4678	-66.8489
PR	Dorado	18.469	-66.2711
PR	Duque	18.2374	-65.7424
PR	El Combate	17.9831	-67.2089
PR	El MangÃ³	18.2345	-65.8751
PR	El Negro	18.0369	-65.8494
PR	El Ojo	18.0038	-66.3918
PR	El Paraiso	18.0648	-66.6021
PR	El Tumbao	18.0009	-66.9021
PR	El VeintisÃ©is	18.4393	-66.2034
PR	Emajagua	18.0015	-65.883
PR	Esperanza	18.1023	-65.4797
PR	Espino	18.2793	-67.1198
PR	Fajardo	18.3333	-65.6576
PR	Ferrer	18.4054	-67.0672
PR	Florida	18.3645	-66.5613
PR	FrontÃ³n	18.3097	-66.5603
PR	FrÃ¡nquez	18.3401	-66.4276
PR	Fuig	17.9863	-66.9171
PR	G. L. GarcÃ­a	18.1259	-66.1026
PR	Galateo	18.364	-66.2618
PR	Garrochales	18.4572	-66.5676
PR	Guayabal	18.076	-66.5017
PR	Guayama	17.9738	-66.1115
PR	Guayanilla	18.0218	-66.791
PR	Guaynabo	18.384	-66.1149
PR	Gurabo	18.2526	-65.9786
PR	GuÃ¡nica	17.9684	-66.9292
PR	H. Rivera ColÃ³n	18.3493	-66.2763
PR	Hacienda San JosÃ©	18.2397	-66.0737
PR	Hatillo	18.4838	-66.8222
PR	Hato Arriba	18.352	-67.0336
PR	Hato Candal	18.3732	-65.7906
PR	Hato Viejo	18.3598	-66.4811
PR	Honduras	18.1412	-66.2005
PR	Hormigueros	18.1436	-67.1206
PR	Humacao	18.1518	-65.8206
PR	ImbÃ©ry	18.4371	-66.5565
PR	Indios	17.9973	-66.8194
PR	Ingenio	18.4452	-66.2239
PR	Isabela	18.5017	-67.0237
PR	Isleta	18.3758	-67.1123
PR	Jagual	18.161	-65.9991
PR	Jaguas	18.3074	-66.4777
PR	Jauca	17.9626	-66.367
PR	Jayuya	18.2198	-66.5983
PR	Jobos	17.9607	-66.1655
PR	Juana DÃ­az	18.0533	-66.5043
PR	Juncal	18.3124	-66.9218
PR	Juncos	18.2258	-65.9159
PR	La Alianza	18.395	-66.5975
PR	La Dolores	18.3726	-65.8547
PR	La Fermina	18.1734	-65.8519
PR	La Liga	18.2893	-66.0508
PR	La Luisa	18.4488	-66.5078
PR	La Parguera	17.9749	-67.0459
PR	La Pica	18.4652	-66.8619
PR	La Playa	18.2856	-67.1888
PR	La Plena	18.0412	-66.2063
PR	La Yuca	18.0727	-66.6077
PR	Lajas	18.0429	-67.0571
PR	Lamboglia	17.9848	-65.9858
PR	Lares	18.2968	-66.8834
PR	Las Carolinas	18.2538	-66.0643
PR	Las Croabas	18.3677	-65.6306
PR	Las Gaviotas	18.4368	-66.1907
PR	Las MarÃ­as	18.2546	-66.9869
PR	Las Ochenta	17.9839	-66.3177
PR	Las Ollas	18.0147	-66.4212
PR	Las Piedras	18.1787	-65.8711
PR	Lassalle	18.3856	-67.0616
PR	Liborio NegrÃ³n Torres	18.0431	-66.9428
PR	Lluveras	18.038	-66.9038
PR	Lomas	18.2688	-65.9096
PR	Lomas Verdes	18.3823	-67.1201
PR	Los HÃ©roes	18.3911	-67.1187
PR	Los Llanos	18.058	-66.4091
PR	Los Panes	18.1849	-66.0761
PR	Los Prados	18.233	-66.0621
PR	LoÃ­za	18.4331	-65.878
PR	Luis LlorÃ©ns Torres	18.0565	-66.5267
PR	Luis M. CintrÃ³n	18.3014	-65.6378
PR	Luquillo	18.3757	-65.7209
PR	Luyando	18.3575	-67.1553
PR	Magas Arriba	18.0234	-66.7664
PR	Maguayo	18.01	-67.0854
PR	ManatÃ­	18.4313	-66.4771
PR	MansiÃ³n del Mar	18.4469	-66.1786
PR	MansiÃ³n del Sol	18.437	-66.1937
PR	Mariano ColÃ³n	18.0287	-66.3356
PR	Maricao	18.1818	-66.9774
PR	Martorell	18.073	-65.8977
PR	MarueÃ±o	18.0584	-66.6569
PR	MarÃ­a Antonia	17.9783	-66.8899
PR	Maunabo	18.0063	-65.9012
PR	MayagÃ¼ez	18.2012	-67.1418
PR	Miranda	18.3871	-66.3726
PR	Moca	18.3942	-67.1138
PR	Monserrate	18.4371	-66.3566
PR	Monte Grande	18.0894	-67.12
PR	Monte Verde	18.0982	-66.62
PR	Mora	18.4627	-67.0321
PR	Morovis	18.3269	-66.4061
PR	Mucarabones	18.3907	-66.2177
PR	Naguabo	18.2117	-65.737
PR	Naranjito	18.3028	-66.2496
PR	Olimpo	18.0032	-66.1101
PR	Orocovis	18.2259	-66.3902
PR	Pabellones	18.4412	-66.2156
PR	Pajonal	18.3847	-66.556
PR	Palma Sola	18.3239	-65.8715
PR	Palmarejo	18.3148	-66.2923
PR	Palmas	17.9884	-66.0251
PR	Palmas del Mar	18.0909	-65.8016
PR	Palmer	18.3704	-65.7734
PR	Palo Seco	18.0093	-65.937
PR	Palomas	18.2353	-66.2534
PR	Parcelas La Milagrosa	18.1715	-66.1868
PR	Parcelas Mandry	18.081	-66.5627
PR	Parcelas Nuevas	18.14	-66.1702
PR	Parcelas PeÃ±uelas	18.009	-66.3534
PR	Parcelas Viejas Borinquen	18.1739	-66.0406
PR	Parcelas de Navarro	18.2301	-66.0042
PR	Pastos	18.1193	-66.2601
PR	Patillas	18.0069	-66.0135
PR	PeÃ±a Pobre	18.2174	-65.8222
PR	PeÃ±uelas	18.0596	-66.7211
PR	Piedra Aguza	18.0351	-66.4946
PR	Piedra Gorda	18.4342	-66.8861
PR	PiÃ±as	18.1902	-66.2332
PR	Playa Fortuna	18.3782	-65.7438
PR	Playita	18.0405	-65.9071
PR	Playita Cortada	17.9734	-66.439
PR	Pole Ojea	17.9724	-67.182
PR	Ponce	17.9997	-66.6237
PR	Potala Pastillo	17.992	-66.4967
PR	Pueblito del Carmen	18.0315	-66.1656
PR	Pueblito del RÃ­o	18.228	-65.8615
PR	Puerto Real	18.0764	-67.1873
PR	Punta Santiago	18.1609	-65.7588
PR	PÃ¡jaros	18.3609	-66.2184
PR	Quebrada	18.3604	-66.8355
PR	Quebrada Prieta	18.2943	-65.9038
PR	Quebrada del Agua	18.0386	-66.6839
PR	Quebradillas	18.4713	-66.9349
PR	Rafael CapÃ³	18.3989	-66.792
PR	Rafael GonzÃ¡lez	18.4254	-66.7844
PR	Rafael HernÃ¡ndez	18.4719	-67.0786
PR	Ramos	18.3389	-65.7111
PR	RincÃ³n	18.1499	-66.1569
PR	RodrÃ­guez Hevia	18.202	-66.1822
PR	Rosa SÃ¡nchez	18.0618	-65.9136
PR	RÃ­o Blanco	18.2123	-65.793
PR	RÃ­o CaÃ±as Abajo	18.0397	-66.4682
PR	RÃ­o Grande	18.3789	-65.8389
PR	RÃ­o Lajas	18.3965	-66.2635
PR	Sabana	18.4643	-66.3517
PR	Sabana Eneas	18.081	-67.0852
PR	Sabana Grande	18.0826	-66.964
PR	Sabana Hoyos	18.4213	-66.6084
PR	Sabana Seca	18.4273	-66.1809
PR	Salinas	17.9779	-66.2962
PR	San Antonio	18.4471	-66.2994
PR	San GermÃ¡n	18.083	-67.046
PR	San Isidro	18.3921	-65.8843
PR	San JosÃ©	18.4039	-66.249
PR	San Juan	18.4046	-66.0637
PR	San Lorenzo	18.1871	-65.9674
PR	San SebastiÃ¡n	18.3355	-66.9948
PR	Santa BÃ¡rbara	18.3955	-65.9176
PR	Santa Clara	18.2093	-66.1334
PR	Santa Isabel	17.9691	-66.4051
PR	Santa MarÃ­a	18.2709	-65.6617
PR	Santo Domingo	18.0742	-66.7449
PR	Stella	18.3236	-67.2464
PR	SuÃ¡rez	18.4318	-65.8524
PR	Tallaboa	17.9935	-66.7067
PR	Tallaboa Alta	18.0501	-66.7024
PR	Tibes	18.0886	-66.6333
PR	Tiburones	18.4381	-66.5807
PR	Tierras Nuevas Poniente	18.4636	-66.4885
PR	Toa Alta	18.3881	-66.2512
PR	Toa Baja	18.4439	-66.2549
PR	Toaville	18.4437	-66.2431
PR	TomÃ¡s de Castro	18.1841	-66.0186
PR	Trujillo Alto	18.3596	-66.0127
PR	Utuado	18.2691	-66.7063
PR	Valle Hill	18.3953	-65.894
PR	Vayas	18.054	-66.5857
PR	Vega Alta	18.4152	-66.3212
PR	Vega Baja	18.4411	-66.399
PR	Vieques	18.1485	-65.444
PR	Villa Calma	18.4428	-66.2322
PR	Villa Esperanza	18.4262	-66.2312
PR	Villa Hugo I	18.3976	-65.8908
PR	Villa Hugo II	18.3999	-65.8932
PR	Villa Quintero	18.4254	-66.235
PR	Villa Sin Miedo	18.2565	-65.8729
PR	Villa de Sabana	18.4346	-66.1901
PR	Villalba	18.1278	-66.4819
PR	Villas del Sol	18.4489	-66.2299
PR	Voladoras	18.3786	-67.0861
PR	VÃ¡zquez	18.0684	-66.2332
PR	Yabucoa	18.0463	-65.883
PR	Yauco	18.0348	-66.8621
PR	Yaurel	18.0301	-66.056
PR	Yeguada	18.4839	-66.8802
RI	Ashaway	41.428	-71.7862
RI	Bradford	41.389	-71.7644
RI	Carolina	41.4594	-71.6542
RI	Central Falls	41.8901	-71.3935
RI	Charlestown	41.3781	-71.6266
RI	Chepachet	41.9108	-71.6621
RI	Clayville	41.7692	-71.6921
RI	Cranston	41.7697	-71.485
RI	Cumberland Hill	41.975	-71.46
RI	East Providence	41.8004	-71.3593
RI	Foster Center	41.79	-71.7316
RI	Greene	41.7047	-71.7281
RI	Greenville	41.8799	-71.5524
RI	Harmony	41.8994	-71.6091
RI	Harrisville	41.9675	-71.6771
RI	Hope Valley	41.5141	-71.7206
RI	Hopkinton	41.4669	-71.7811
RI	Kingston	41.4732	-71.5241
RI	Melville	41.5595	-71.3019
RI	Misquamicut	41.3201	-71.8271
RI	Narragansett Pier	41.427	-71.4665
RI	Newport	41.4767	-71.3196
RI	Newport East	41.5159	-71.2866
RI	Pascoag	41.9538	-71.7044
RI	Pawtucket	41.8748	-71.3733
RI	Providence	41.8231	-71.4188
RI	Quonochontaug	41.3451	-71.7047
RI	Tiverton	41.654	-71.2004
RI	Valley Falls	41.9235	-71.3905
RI	Wakefield-Peace Dale	41.4461	-71.5003
RI	Warwick	41.7031	-71.4203
RI	Watch Hill	41.3154	-71.8468
RI	Weekapaug	41.3374	-71.7619
RI	Westerly	41.3733	-71.8068
RI	Woonsocket	42.0017	-71.4999
RI	Wyoming	41.5135	-71.6891
SC	Abbeville	34.1785	-82.3777
SC	Abney Crossroads	34.5064	-80.5107
SC	Adams Run	32.7219	-80.3466
SC	Aiken	33.5316	-81.7251
SC	Alcolu	33.7591	-80.2249
SC	Allendale	33.008	-81.3092
SC	Anderson	34.5215	-82.6435
SC	Andrews	33.4495	-79.566
SC	Antreville	34.2962	-82.5603
SC	Arcadia	34.9611	-81.9931
SC	Arcadia Lakes	34.0516	-80.9631
SC	Arial	34.8461	-82.6406
SC	Arkwright	34.915	-81.9387
SC	Arthurtown	33.9654	-81.0011
SC	Ashwood	34.123	-80.2968
SC	Atlantic Beach	33.8036	-78.7177
SC	Awendaw	32.9679	-79.6548
SC	Aynor	34.0002	-79.2071
SC	Bamberg	33.3001	-81.0312
SC	Barnwell	33.2416	-81.3661
SC	Batesburg-Leesville	33.9133	-81.5281
SC	Baxter Village	35.0272	-80.9779
SC	Beaufort	32.4581	-80.7225
SC	Beech Island	33.4286	-81.8903
SC	Belton	34.5238	-82.4927
SC	Belvedere	33.5393	-81.9336
SC	Ben Avon	34.9346	-81.8754
SC	Bennettsville	34.6282	-79.686
SC	Berea	34.8785	-82.4662
SC	Bethune	34.4142	-80.3487
SC	Bishopville	34.2201	-80.2474
SC	Blacksburg	35.1221	-81.5181
SC	Blackville	33.3478	-81.2949
SC	Blenheim	34.5098	-79.6525
SC	Bluffton	32.2144	-80.9295
SC	Blythewood	34.2092	-80.9953
SC	Boiling Springs	35.045	-81.9779
SC	Bonneau	33.3136	-79.9539
SC	Bonneau Beach	33.3221	-79.9886
SC	Bowman	33.3483	-80.6843
SC	Boykin	34.1205	-80.5844
SC	Bradley	34.0299	-82.2393
SC	Branchville	33.2517	-80.8161
SC	Briarcliffe Acres	33.7901	-78.749
SC	Brookdale	33.5208	-80.8384
SC	Browntown	34.2053	-80.316
SC	Brunson	32.9243	-81.1886
SC	Bucksport	33.6652	-79.1158
SC	Buffalo	34.7244	-81.6844
SC	Buford	34.748	-80.6285
SC	Burnettown	33.5211	-81.8647
SC	Burton	32.4248	-80.7406
SC	Caesars Head	35.1071	-82.6184
SC	Calhoun Falls	34.093	-82.5965
SC	Camden	34.2589	-80.6092
SC	Cameron	33.558	-80.715
SC	Camp Croft	34.9088	-81.8636
SC	Campobello	35.1257	-82.1493
SC	Cane Savannah	33.8927	-80.442
SC	Capitol View	33.9659	-80.9255
SC	Carlisle	34.592	-81.4645
SC	Carolina Forest	33.7664	-78.9135
SC	Cash	34.6196	-79.8895
SC	Catawba	34.8396	-80.8999
SC	Cateechee	34.7666	-82.7788
SC	Cayce	33.9505	-81.0398
SC	Centenary	34.0257	-79.3524
SC	Centerville	34.5283	-82.7167
SC	Central	34.7234	-82.7747
SC	Central Pacolet	34.9096	-81.7528
SC	Chapin	34.1653	-81.3393
SC	Charleston	32.828	-79.9729
SC	Cheraw	34.6979	-79.914
SC	Cherokee Falls	35.0639	-81.5445
SC	Cherryvale	33.9495	-80.4593
SC	Chesnee	35.1462	-81.863
SC	Chester	34.705	-81.2132
SC	Chesterfield	34.733	-80.078
SC	Chickasaw Point	34.5355	-83.0765
SC	City View	34.8625	-82.4258
SC	Clarks Hill	33.6582	-82.166
SC	Clearwater	33.5028	-81.9111
SC	Clemson	34.6836	-82.8106
SC	Clemson University	34.6756	-82.8352
SC	Clifton	34.9861	-81.8204
SC	Clinton	34.4739	-81.8609
SC	Clio	34.579	-79.5461
SC	Clover	35.1116	-81.2203
SC	Cokesbury	34.29	-82.2087
SC	Columbia	34.0405	-80.9061
SC	Conestee	34.7638	-82.3516
SC	Converse	34.9957	-81.8431
SC	Conway	33.8419	-79.0457
SC	Coosawhatchie	32.5863	-80.9338
SC	Cope	33.3777	-81.0079
SC	Cordova	33.4345	-80.921
SC	Coronaca	34.2518	-82.1053
SC	Cottageville	32.9362	-80.4803
SC	Coward	33.9718	-79.7501
SC	Cowpens	35.0186	-81.8041
SC	Cross Anchor	34.6442	-81.858
SC	Cross Hill	34.3045	-81.9836
SC	Dacusville	34.9343	-82.5605
SC	Dale	32.5554	-80.7016
SC	Dalzell	34.0203	-80.4329
SC	Danwood	34.0903	-79.7695
SC	Darlington	34.3014	-79.8672
SC	Daufuskie Island	32.1105	-80.8571
SC	Daviston	33.8862	-79.3718
SC	DeBordieu Colony	33.3706	-79.1758
SC	Denmark	33.3137	-81.1338
SC	Dentsville	34.0755	-80.9552
SC	Dillon	34.4245	-79.3676
SC	Donalds	34.3745	-82.3432
SC	Dovesville	34.4038	-79.9085
SC	Drayton	34.9762	-81.9026
SC	Due West	34.3348	-82.3903
SC	Dunbar	33.5352	-79.3523
SC	Duncan	34.9292	-82.1476
SC	Dunean	34.8193	-82.423
SC	Easley	34.8198	-82.5822
SC	East Camden	34.2687	-80.5681
SC	East Gaffney	35.0854	-81.6243
SC	East Sumter	33.9269	-80.2929
SC	Eastover	33.8779	-80.6949
SC	Edgefield	33.7853	-81.9286
SC	Edisto	33.4779	-80.8993
SC	Edisto Beach	32.4987	-80.3135
SC	Edmund	33.8637	-81.1918
SC	Ehrhardt	33.0985	-81.0138
SC	Elgin	34.6658	-80.7209
SC	Elko	33.3807	-81.3805
SC	Elliott	34.1109	-80.171
SC	Elloree	33.53	-80.5708
SC	Enoree	34.6605	-81.9625
SC	Estill	32.7539	-81.2412
SC	Eureka Mill	34.718	-81.1929
SC	Eutawville	33.3977	-80.3429
SC	Fair Play	34.5081	-82.9868
SC	Fairfax	32.9594	-81.2362
SC	Fairforest	34.9471	-82.0182
SC	Fairview Crossroads	33.7622	-81.3595
SC	Fingerville	35.1351	-82.0004
SC	Finklea	34.0989	-78.9858
SC	Five Forks	34.8099	-82.2229
SC	Florence	34.1789	-79.7922
SC	Floydale	34.3211	-79.337
SC	Folly Beach	32.6693	-79.9606
SC	Forest Acres	34.0331	-80.9732
SC	Forestbrook	33.7242	-78.9678
SC	Foreston	33.6368	-80.0607
SC	Fort Lawn	34.7002	-80.8991
SC	Fort Mill	35.006	-80.94
SC	Fountain Inn	34.6966	-82.2021
SC	Fripp Island	32.3221	-80.4869
SC	Furman	32.6812	-81.1877
SC	Gadsden	33.8472	-80.7656
SC	Gaffney	35.0736	-81.6615
SC	Gantt	34.7871	-82.4013
SC	Garden City	33.5918	-79.0065
SC	Gaston	33.818	-81.0997
SC	Gayle Mill	34.7022	-81.2392
SC	Georgetown	33.3724	-79.2808
SC	Gifford	32.86	-81.2385
SC	Gilbert	33.9241	-81.391
SC	Gillisonville	32.6116	-81.0002
SC	Glendale	34.9451	-81.8364
SC	Glenn Springs	34.812	-81.8505
SC	Gloverville	33.5268	-81.8131
SC	Golden Grove	34.7187	-82.4292
SC	Goose Creek	32.9943	-80.0066
SC	Govan	33.2228	-81.1748
SC	Gramling	35.0775	-82.1346
SC	Graniteville	33.5647	-81.8092
SC	Gray Court	34.6083	-82.1151
SC	Great Falls	34.5721	-80.9053
SC	Greeleyville	33.5802	-79.99
SC	Green Sea	34.1288	-78.972
SC	Greenville	34.8369	-82.363
SC	Greenwood	34.1954	-82.1537
SC	Greer	34.9333	-82.2308
SC	Grover	33.1092	-80.592
SC	Hamer	34.4745	-79.3254
SC	Hampton	32.8676	-81.1094
SC	Hanahan	32.9306	-80.0036
SC	Harbor Island	32.4083	-80.4382
SC	Hardeeville	32.2953	-81.041
SC	Harleyville	33.2131	-80.4478
SC	Hartsville	34.366	-80.0833
SC	Heath Springs	34.5933	-80.675
SC	Helena	34.2807	-81.6445
SC	Hemingway	33.7533	-79.4463
SC	Hickory Grove	34.9785	-81.4181
SC	Hilda	33.2805	-81.2447
SC	Hilltop	34.9755	-81.9585
SC	Hilton Head Island	32.1903	-80.7384
SC	Hodges	34.2888	-82.25
SC	Holly Hill	33.3244	-80.4131
SC	Hollywood	32.7513	-80.2019
SC	Homeland Park	34.4642	-82.6588
SC	Homewood	33.8901	-79.0505
SC	Honea Path	34.4476	-82.395
SC	Hopkins	33.9002	-80.8568
SC	India Hook	35.0144	-81.0281
SC	Inman	35.0458	-82.0885
SC	Inman Mills	35.0409	-82.1024
SC	Irmo	34.1021	-81.1959
SC	Irwin	34.6939	-80.8223
SC	Islandton	32.9093	-80.9359
SC	Isle of Palms	32.8039	-79.7524
SC	Iva	34.3081	-82.6634
SC	Jackson	33.3286	-81.792
SC	Jacksonboro	32.7718	-80.4769
SC	James Island	32.7361	-79.9372
SC	Jamestown	33.2859	-79.6946
SC	Jefferson	34.6512	-80.3841
SC	Jenkinsville	34.3111	-81.2867
SC	Joanna	34.4159	-81.8002
SC	Johnsonville	33.8142	-79.4443
SC	Johnston	33.8334	-81.8048
SC	Jonesville	34.8339	-81.6824
SC	Judson	34.8335	-82.4272
SC	Keowee Key	34.8209	-82.9123
SC	Kershaw	34.5444	-80.5865
SC	Ketchuptown	34.1091	-79.1557
SC	Kiawah Island	32.6164	-80.0606
SC	Kingstree	33.6672	-79.8287
SC	Kline	33.1247	-81.3425
SC	La France	34.6163	-82.7707
SC	Ladson	33.0092	-80.1077
SC	Lake City	33.8677	-79.7539
SC	Lake Murray of Richland	34.1207	-81.2654
SC	Lake Secession	34.2899	-82.5857
SC	Lake View	34.3408	-79.1664
SC	Lake Wylie	35.0985	-81.0722
SC	Lakewood	33.8341	-80.3489
SC	Lamar	34.1695	-80.0651
SC	Lancaster	34.7261	-80.779
SC	Landrum	35.1751	-82.1857
SC	Lane	33.5251	-79.8797
SC	Langley	33.5152	-81.835
SC	Latta	34.3389	-79.4336
SC	Laurel Bay	32.4599	-80.7865
SC	Laurens	34.5027	-82.0214
SC	Lesslie	34.8838	-80.9486
SC	Lexington	33.9929	-81.2218
SC	Liberty	34.791	-82.7014
SC	Lincolnville	33.0079	-80.1555
SC	Litchfield Beach	33.4744	-79.1146
SC	Little Mountain	34.1969	-81.4124
SC	Little River	33.8806	-78.6405
SC	Little Rock	34.4691	-79.3899
SC	Live Oak	34.056	-78.9397
SC	Livingston	33.5531	-81.1195
SC	Lobeco	32.5512	-80.7354
SC	Lockhart	34.796	-81.467
SC	Lodge	33.0678	-80.9537
SC	Longcreek	34.7842	-83.2564
SC	Loris	34.0575	-78.8884
SC	Lowndesville	34.2099	-82.6476
SC	Lowrys	34.804	-81.2372
SC	Lugoff	34.2119	-80.6976
SC	Luray	32.8142	-81.2403
SC	Lydia	34.2865	-80.1185
SC	Lyman	34.9739	-82.1302
SC	Lynchburg	34.06	-80.077
SC	Manning	33.6933	-80.2168
SC	Manville	34.1598	-80.2974
SC	Marion	34.1787	-79.3957
SC	Mauldin	34.781	-82.3042
SC	Mayesville	33.9849	-80.2044
SC	Mayo	35.0857	-81.8535
SC	McBee	34.467	-80.2571
SC	McClellanville	33.0865	-79.4683
SC	McColl	34.6665	-79.5442
SC	McConnells	34.877	-81.2316
SC	McCormick	33.9128	-82.2876
SC	Meggett	32.6897	-80.2576
SC	Modoc	33.7215	-82.2174
SC	Monarch Mill	34.7161	-81.5848
SC	Moncks Corner	33.1998	-79.9866
SC	Monetta	33.85	-81.6099
SC	Mount Carmel	34.0185	-82.5044
SC	Mount Croghan	34.7697	-80.2264
SC	Mount Pleasant	32.8084	-79.865
SC	Mountville	34.373	-81.9774
SC	Mulberry	33.9589	-80.3291
SC	Mullins	34.204	-79.2536
SC	Murphys Estates	33.6011	-81.946
SC	Murrells Inlet	33.5573	-79.0572
SC	Myrtle Beach	33.7104	-78.886
SC	Neeses	33.5364	-81.1236
SC	New Ellenton	33.4196	-81.6824
SC	Newberry	34.2823	-81.6015
SC	Newport	34.9963	-81.0807
SC	Newry	34.7248	-82.9146
SC	Newtown	34.4013	-79.3568
SC	Nichols	34.2352	-79.1491
SC	Ninety Six	34.1697	-82.0238
SC	Norris	34.7661	-82.7525
SC	North	33.6164	-81.103
SC	North Augusta	33.5233	-81.9566
SC	North Charleston	32.9179	-80.065
SC	North Hartsville	34.4026	-80.0723
SC	North Myrtle Beach	33.8229	-78.6999
SC	North Santee	33.5422	-80.4141
SC	Northlake	34.5706	-82.6843
SC	Norway	33.4498	-81.1267
SC	Oak Grove	33.983	-81.1514
SC	Oakland	33.9894	-80.4959
SC	Olanta	33.9362	-79.9318
SC	Olar	33.1799	-81.1853
SC	Olympia	33.9739	-81.0361
SC	Orangeburg	33.4936	-80.8669
SC	Oswego	34.0056	-80.2861
SC	Pacolet	34.9054	-81.7637
SC	Pageland	34.7701	-80.3857
SC	Pamplico	33.995	-79.5706
SC	Parker	34.85	-82.453
SC	Parksville	33.7866	-82.2174
SC	Patrick	34.5753	-80.0447
SC	Pauline	34.8343	-81.8663
SC	Pawleys Island	33.4281	-79.125
SC	Paxville	33.739	-80.3586
SC	Peak	34.2363	-81.3288
SC	Pelion	33.7849	-81.2597
SC	Pelzer	34.6436	-82.4601
SC	Pendleton	34.6422	-82.7791
SC	Perry	33.6283	-81.3081
SC	Pickens	34.8857	-82.7102
SC	Piedmont	34.7056	-82.4667
SC	Pimlico	33.0992	-79.9596
SC	Pine Ridge	33.9023	-81.0926
SC	Pinewood	33.7396	-80.462
SC	Pinopolis	33.2286	-80.0386
SC	Plum Branch	33.849	-82.2638
SC	Pomaria	34.2687	-81.4178
SC	Port Royal	32.3554	-80.7003
SC	Powdersville	34.78	-82.4976
SC	Princeton	34.4913	-82.2959
SC	Privateer	33.8168	-80.3914
SC	Promised Land	34.1277	-82.2307
SC	Prosperity	34.2134	-81.5284
SC	Quinby	34.228	-79.7357
SC	Rains	34.0942	-79.3214
SC	Ravenel	32.7763	-80.2319
SC	Red Bank	33.9295	-81.2339
SC	Red Hill	33.778	-79.0151
SC	Reevesville	33.1973	-80.6417
SC	Reidville	34.8658	-82.1106
SC	Rembert	34.1037	-80.5305
SC	Richburg	34.7166	-81.0196
SC	Ridge Spring	33.8453	-81.6612
SC	Ridgeland	32.4688	-80.9211
SC	Ridgeville	33.09	-80.3072
SC	Ridgeway	34.3065	-80.9601
SC	Riverview	35.014	-80.9889
SC	Rock Hill	34.9382	-81.0192
SC	Rockville	32.6028	-80.1914
SC	Roebuck	34.879	-81.9644
SC	Rowesville	33.3722	-80.8362
SC	Ruby	34.7482	-80.1791
SC	Russellville	33.397	-79.9637
SC	Salem	34.8879	-82.9752
SC	Salley	33.5669	-81.3037
SC	Saluda	34.0012	-81.7716
SC	Sandy Springs	34.6025	-82.7509
SC	Sangaree	33.0327	-80.1253
SC	Sans Souci	34.8908	-82.423
SC	Santee	33.4846	-80.49
SC	Saxon	34.9611	-81.9693
SC	Scotia	32.6805	-81.2433
SC	Scranton	33.9173	-79.7441
SC	Seabrook	32.5348	-80.7562
SC	Seabrook Island	32.575	-80.182
SC	Sellers	34.2826	-79.4723
SC	Seneca	34.6811	-82.9656
SC	Seven Oaks	34.0462	-81.1409
SC	Sharon	34.952	-81.3435
SC	Sheldon	32.5955	-80.7994
SC	Shell Point	32.3756	-80.7538
SC	Shiloh	33.9482	-80.0189
SC	Silverstreet	34.2177	-81.7146
SC	Simpsonville	34.729	-82.2575
SC	Six Mile	34.8093	-82.8116
SC	Slater-Marietta	35.0375	-82.4909
SC	Smoaks	33.0895	-80.8142
SC	Smyrna	35.042	-81.4094
SC	Snelling	33.2443	-81.475
SC	Socastee	33.6874	-79.0089
SC	Society Hill	34.5098	-79.8535
SC	South Congaree	33.9095	-81.1375
SC	South Sumter	33.8853	-80.3376
SC	South Union	34.5595	-83.049
SC	Southern Shops	34.9821	-81.9909
SC	Spartanburg	34.9456	-81.9259
SC	Springdale	34.6904	-80.7763
SC	Springfield	33.4967	-81.2795
SC	St. Andrews	34.0511	-81.1056
SC	St. Charles	34.0806	-80.2249
SC	St. George	33.1861	-80.5795
SC	St. Matthews	33.6646	-80.7788
SC	St. Stephen	33.4034	-79.9256
SC	Starr	34.3779	-82.6953
SC	Startex	34.9294	-82.0947
SC	Stateburg	33.9749	-80.5259
SC	Stuckey	33.7322	-79.5131
SC	Sullivan's Island	32.7709	-79.8311
SC	Summerton	33.6015	-80.3526
SC	Summerville	33.0058	-80.1793
SC	Summit	33.9246	-81.4226
SC	Sumter	33.9408	-80.3955
SC	Surfside Beach	33.6097	-78.9775
SC	Swansea	33.74	-81.1045
SC	Sycamore	33.0349	-81.2225
SC	Tamassee	34.8798	-83.014
SC	Tatum	34.6438	-79.5867
SC	Taylors	34.9143	-82.3139
SC	Tega Cay	35.0393	-81.0106
SC	The Cliffs Valley	35.1395	-82.436
SC	Tigerville	35.0651	-82.3699
SC	Timmonsville	34.1334	-79.9408
SC	Tradesville	34.7709	-80.5502
SC	Travelers Rest	34.96	-82.445
SC	Trenton	33.7406	-81.8409
SC	Troy	33.9919	-82.2979
SC	Turbeville	33.8895	-80.0161
SC	Ulmer	33.1021	-81.209
SC	Union	34.7235	-81.6248
SC	Unity	34.8016	-80.6918
SC	Utica	34.676	-82.9221
SC	Valley Falls	35.0066	-81.9689
SC	Van Wyck	34.8556	-80.8293
SC	Vance	33.4364	-80.4202
SC	Varnville	32.852	-81.0802
SC	Wade Hampton	34.8827	-82.3317
SC	Wagener	33.6513	-81.3626
SC	Walhalla	34.7695	-83.0555
SC	Wallace	34.7231	-79.8403
SC	Walterboro	32.9009	-80.6759
SC	Ward	33.8573	-81.7313
SC	Ware Place	34.6247	-82.3848
SC	Ware Shoals	34.3878	-82.2433
SC	Warrenville	33.547	-81.8017
SC	Waterloo	34.3562	-82.0572
SC	Watts Mills	34.5162	-81.9855
SC	Wedgefield	33.8809	-80.5159
SC	Welcome	34.8143	-82.4718
SC	Wellford	34.958	-82.0953
SC	West Columbia	33.9901	-81.0994
SC	West Pelzer	34.6449	-82.4748
SC	West Union	34.756	-83.0441
SC	Westminster	34.6666	-83.0907
SC	White Knoll	33.888	-81.2386
SC	Whitmire	34.5041	-81.6142
SC	Whitney	34.9836	-81.9224
SC	Wilkinson Heights	33.4919	-80.8285
SC	Williams	33.0341	-80.8428
SC	Williamston	34.6195	-82.4784
SC	Willington	33.9651	-82.4503
SC	Williston	33.4017	-81.4219
SC	Windsor	33.4809	-81.5137
SC	Winnsboro	34.3702	-81.0906
SC	Winnsboro Mills	34.3558	-81.0698
SC	Wisacky	34.1466	-80.1914
SC	Woodfield	34.0592	-80.9306
SC	Woodford	33.6687	-81.112
SC	Woodruff	34.7451	-82.0375
SC	Wyboo	33.5657	-80.2153
SC	Yemassee	32.6783	-80.8479
SC	York	34.9983	-81.2331
SC	Zion	34.2588	-79.3117
SD	Aberdeen	45.4647	-98.4681
SD	Agar	44.8397	-100.0734
SD	Agency Village	45.5813	-97.072
SD	Akaska	45.331	-100.1209
SD	Albee	45.0513	-96.5535
SD	Alcester	43.0276	-96.6268
SD	Alexandria	43.654	-97.7799
SD	Allen	43.2791	-101.9265
SD	Alpena	44.1834	-98.3684
SD	Altamont	44.8408	-96.6902
SD	Anderson	43.5194	-96.6142
SD	Andover	45.4102	-97.9037
SD	Angostura	43.3189	-103.3907
SD	Antelope	43.3097	-100.6299
SD	Ardmore	43.0192	-103.6543
SD	Arlington	44.3635	-97.1338
SD	Armour	43.3193	-98.3441
SD	Artas	45.8872	-99.8068
SD	Artesian	44.0079	-97.9237
SD	Ashland Heights	44.1334	-103.1237
SD	Ashton	44.9931	-98.4991
SD	Astoria	44.5577	-96.5465
SD	Aurora	44.2833	-96.6829
SD	Aurora Center	43.5272	-98.5895
SD	Avon	43.0052	-98.0593
SD	Badger	44.4855	-97.2079
SD	Baltic	43.7601	-96.7369
SD	Bancroft	44.4894	-97.7505
SD	Batesland	43.1271	-102.1019
SD	Bath	45.4692	-98.3236
SD	Bath Corner	45.4627	-98.3329
SD	Belle Fourche	44.6638	-103.8591
SD	Belvidere	43.8322	-101.2711
SD	Beresford	43.0796	-96.7802
SD	Big Stone City	45.3087	-96.4726
SD	Bijou Hills	43.5285	-99.1439
SD	Bison	45.5236	-102.4677
SD	Blackhawk	44.1514	-103.334
SD	Blucksberg Mountain	44.3593	-103.4538
SD	Blumengard Colony	45.2415	-99.17
SD	Blunt	44.5159	-99.9886
SD	Bon Homme Colony	42.8647	-97.7052
SD	Bonesteel	43.0775	-98.9468
SD	Boulder Canyon	44.3971	-103.6046
SD	Bowdle	45.4513	-99.6565
SD	Box Elder	44.1109	-103.0811
SD	Bradley	45.0904	-97.6419
SD	Brandon	43.5929	-96.5838
SD	Brandt	44.6669	-96.6252
SD	Brant Lake	43.9308	-96.9435
SD	Brant Lake South	43.9109	-96.9408
SD	Brentford	45.1592	-98.3226
SD	Brentwood Colony	45.1548	-99.3022
SD	Bridger	44.5421	-101.9136
SD	Bridgewater	43.5502	-97.4984
SD	Bristol	45.3438	-97.745
SD	Britton	45.7924	-97.7529
SD	Broadland	44.4938	-98.3466
SD	Brookings	44.3034	-96.7873
SD	Bruce	44.4378	-96.8906
SD	Bryant	44.5899	-97.4673
SD	Buffalo	45.5864	-103.5435
SD	Buffalo Gap	43.4922	-103.3153
SD	Bullhead	45.7728	-101.0814
SD	Burbank	42.7461	-96.8327
SD	Burke	43.1828	-99.2923
SD	Bushnell	44.3274	-96.6423
SD	Butler	45.262	-97.7116
SD	Cameron Colony	43.1878	-97.2627
SD	Camp Crook	45.5501	-103.9749
SD	Camrose Colony	44.9343	-98.2202
SD	Canistota	43.5978	-97.2926
SD	Canova	43.8813	-97.504
SD	Canton	43.3031	-96.5856
SD	Caputa	43.996	-102.9846
SD	Carthage	44.1648	-97.7203
SD	Castlewood	44.7242	-97.0309
SD	Cavour	44.3693	-98.0421
SD	Cedar Grove Colony	43.5316	-98.8064
SD	Centerville	43.1165	-96.9595
SD	Central City	44.3686	-103.7705
SD	Chamberlain	43.7987	-99.3296
SD	Chancellor	43.3718	-96.9873
SD	Chelsea	45.1676	-98.7434
SD	Cherry Creek	44.6047	-101.4993
SD	Chester	43.8996	-96.9278
SD	Claire City	45.8566	-97.1035
SD	Claremont	45.6714	-98.0156
SD	Claremont Colony	44.7129	-96.9512
SD	Clark	44.8809	-97.7348
SD	Clark Colony	44.7914	-97.9815
SD	Clear Lake	44.7563	-96.6902
SD	Clearfield Colony	43.1439	-98.1421
SD	Cloverleaf Colony	44.1839	-97.5383
SD	Collins Colony	44.5478	-97.7013
SD	Colman	43.9835	-96.8147
SD	Colome	43.2599	-99.7173
SD	Colonial Pine Hills	44.0137	-103.3149
SD	Colton	43.7875	-96.9286
SD	Columbia	45.6148	-98.3106
SD	Conde	45.1573	-98.0955
SD	Corn Creek	43.5757	-101.2085
SD	Corona	45.3352	-96.7646
SD	Corsica	43.4222	-98.4074
SD	Cottonwood	43.9704	-101.9041
SD	Cow Creek	44.5493	-100.468
SD	Cresbard	45.1694	-98.9477
SD	Crocker	45.1141	-97.7708
SD	Crook City	44.4381	-103.6434
SD	Crooks	43.6548	-96.8068
SD	Custer	43.7667	-103.5996
SD	Dakota Dunes	42.4903	-96.484
SD	Dallas	43.2378	-99.5175
SD	Dante	43.04	-98.1855
SD	Davis	43.2595	-96.9945
SD	De Smet	44.3861	-97.5497
SD	Deadwood	44.387	-103.7207
SD	Deerfield Colony	45.5874	-98.8995
SD	Dell Rapids	43.8248	-96.7146
SD	Delmont	43.2666	-98.1592
SD	Dimock	43.4774	-97.9871
SD	Doland	44.8945	-98.0999
SD	Dolton	43.4911	-97.3848
SD	Draper	43.9262	-100.5372
SD	Dudley	43.3082	-103.8192
SD	Dupree	45.0495	-101.6013
SD	Eagle Butte	44.9944	-101.2318
SD	Eden	45.6168	-97.4197
SD	Edgemont	43.2974	-103.8323
SD	Egan	44.0003	-96.6485
SD	Elk Point	42.6812	-96.6805
SD	Elkton	44.2351	-96.4794
SD	Emery	43.602	-97.6195
SD	Enemy Swim	45.4294	-97.2869
SD	Erwin	44.488	-97.4409
SD	Estelline	44.5768	-96.9011
SD	Ethan	43.5463	-97.9834
SD	Eureka	45.7712	-99.6207
SD	Evergreen Colony	45.1217	-99.0425
SD	Fairburn	43.6869	-103.2087
SD	Fairfax	43.028	-98.8889
SD	Fairview	43.222	-96.4874
SD	Faith	45.0258	-102.0363
SD	Farmer	43.7253	-97.689
SD	Faulkton	45.0342	-99.1267
SD	Fedora	44.0067	-97.7896
SD	Ferney	45.3346	-98.0939
SD	Flandreau	44.0455	-96.6018
SD	Florence	45.0548	-97.3263
SD	Fordham Colony	44.7677	-97.9069
SD	Forestburg	44.0212	-98.1032
SD	Fort Pierre	44.3666	-100.3823
SD	Fort Thompson	44.0549	-99.4048
SD	Frankfort	44.8777	-98.3092
SD	Frederick	45.8319	-98.5067
SD	Freeman	43.3475	-97.4308
SD	Fruitdale	44.6692	-103.6955
SD	Fulton	43.7288	-97.8226
SD	Gann Valley	44.0335	-98.9884
SD	Garden City	44.9593	-97.5804
SD	Garretson	43.7148	-96.5033
SD	Gary	44.7942	-96.4571
SD	Gayville	42.8889	-97.1737
SD	Geddes	43.254	-98.6974
SD	Gettysburg	45.006	-99.9539
SD	Glendale Colony	44.798	-98.2869
SD	Glenham	45.533	-100.2711
SD	Golden View Colony	43.6954	-97.4436
SD	Goodwin	44.8775	-96.8497
SD	Graceville Colony	43.9289	-97.284
SD	Grass Ranch Colony	43.65	-98.8836
SD	Grassland Colony	45.6682	-98.7965
SD	Green Grass	45.1566	-101.287
SD	Green Valley	44.039	-103.1116
SD	Greenwood Colony	43.2145	-98.1536
SD	Gregory	43.23	-99.4209
SD	Grenville	45.467	-97.3902
SD	Groton	45.4517	-98.1001
SD	Hamill	43.594	-99.6932
SD	Harrisburg	43.4343	-96.7124
SD	Harrison	43.4311	-98.5267
SD	Harrold	44.5258	-99.7416
SD	Hartford	43.6195	-96.937
SD	Hayti	44.6589	-97.2046
SD	Hazel	44.7582	-97.381
SD	Hecla	45.8821	-98.1519
SD	Henry	44.8809	-97.4616
SD	Hermosa	43.8399	-103.1905
SD	Herreid	45.8378	-100.0747
SD	Herrick	43.115	-99.1882
SD	Hetland	44.3772	-97.2347
SD	Highmore	44.5214	-99.4393
SD	Hill City	43.9318	-103.5687
SD	Hillcrest Colony	44.9425	-97.6672
SD	Hillside Colony	44.7383	-98.0473
SD	Hillsview	45.662	-99.5607
SD	Hitchcock	44.6294	-98.4082
SD	Horse Creek	43.533	-100.7419
SD	Hosmer	45.5788	-99.4736
SD	Hot Springs	43.4195	-103.4651
SD	Hoven	45.2416	-99.7775
SD	Howard	44.0117	-97.5246
SD	Hudson	43.1301	-96.4556
SD	Humboldt	43.6449	-97.0745
SD	Hurley	43.2793	-97.0894
SD	Huron	44.3623	-98.2096
SD	Huron Colony	44.5634	-98.2055
SD	Hutterville Colony	45.2663	-98.2115
SD	Ideal	43.54	-99.9218
SD	Interior	43.7273	-101.9833
SD	Ipswich	45.4435	-99.03
SD	Irene	43.0837	-97.1576
SD	Iroquois	44.3679	-97.8495
SD	Isabel	45.3937	-101.4315
SD	Jamesville Colony	43.1015	-97.4818
SD	Java	45.5038	-99.8839
SD	Jefferson	42.6043	-96.5661
SD	Johnson Siding	44.0846	-103.438
SD	Kadoka	43.8286	-101.5012
SD	Kaylor	43.1936	-97.8441
SD	Kenel	45.8545	-100.4592
SD	Kennebec	43.9035	-99.862
SD	Keystone	43.8949	-103.4268
SD	Kidder	45.8817	-97.7138
SD	Kimball	43.747	-98.9566
SD	Kranzburg	44.8889	-96.9093
SD	Kyle	43.4248	-102.1796
SD	La Bolt	45.049	-96.6752
SD	La Plant	45.1282	-100.6409
SD	Lake Andes	43.156	-98.5373
SD	Lake City	45.7248	-97.414
SD	Lake Madison	43.9551	-97.0266
SD	Lake Norden	44.5801	-97.2116
SD	Lake Poinsett	44.5725	-97.1084
SD	Lake Preston	44.3617	-97.376
SD	Lakeview Colony	43.2202	-98.4564
SD	Lane	44.0697	-98.4246
SD	Langford	45.6023	-97.8302
SD	Lantry	45.0184	-101.4329
SD	Lead	44.3528	-103.7671
SD	Lebanon	45.0688	-99.7664
SD	Lemmon	45.9383	-102.1598
SD	Lennox	43.3495	-96.8937
SD	Leola	45.7211	-98.9385
SD	Lesterville	43.0386	-97.5906
SD	Letcher	43.9003	-98.1464
SD	Little Eagle	45.6851	-100.7948
SD	Long Hollow	45.6835	-97.1586
SD	Long Lake	45.8567	-99.2058
SD	Long Lake Colony	45.6026	-98.826
SD	Loomis	43.7929	-98.1041
SD	Lower Brule	44.0741	-99.5838
SD	Lowry	45.3156	-99.9812
SD	Lyons	43.7249	-96.8662
SD	Madison	44.0062	-97.1085
SD	Manderson-White Horse Creek	43.235	-102.4915
SD	Mansfield	45.2465	-98.5582
SD	Marion	43.4236	-97.2605
SD	Martin	43.1749	-101.7323
SD	Marty	42.9965	-98.4302
SD	Marvin	45.2605	-96.9154
SD	Maverick Junction	43.4087	-103.3959
SD	Maxwell Colony	43.1824	-97.6351
SD	Mayfield Colony	44.6942	-97.5812
SD	McIntosh	45.921	-101.3486
SD	McLaughlin	45.8133	-100.8107
SD	Meadow View Addition	43.6237	-96.7012
SD	Meckling	42.8401	-97.0672
SD	Mellette	45.1544	-98.4984
SD	Menno	43.2385	-97.5774
SD	Midland	44.0711	-101.1554
SD	Milbank	45.2194	-96.6337
SD	Millbrook Colony	43.6681	-97.871
SD	Miller	44.52	-98.9862
SD	Millerdale Colony	44.3974	-99.1103
SD	Milltown	43.4248	-97.8109
SD	Mina	45.4545	-98.7392
SD	Mission	43.3063	-100.6609
SD	Mission Hill	42.9208	-97.2791
SD	Mitchell	43.7271	-98.0422
SD	Mobridge	45.541	-100.4349
SD	Monroe	43.4865	-97.2167
SD	Montrose	43.6998	-97.1844
SD	Morningside	44.3676	-98.1814
SD	Morristown	45.9386	-101.7188
SD	Mound City	45.7262	-100.0688
SD	Mount Vernon	43.7127	-98.2612
SD	Mountain Plains	44.467	-103.8636
SD	Murdo	43.8894	-100.7142
SD	Naples	44.7716	-97.513
SD	New Effington	45.8576	-96.915
SD	New Elm Spring Colony	43.4892	-97.8284
SD	New Holland	43.4287	-98.6073
SD	New Underwood	44.0975	-102.8469
SD	New Witten	43.4406	-100.082
SD	Newdale Colony	44.29	-96.5243
SD	Newell	44.7175	-103.4183
SD	Newport Colony	45.6791	-97.9328
SD	Nisland	44.673	-103.5538
SD	Norfeld Colony	44.4233	-96.5562
SD	Norris	43.4723	-101.1928
SD	North Eagle Butte	45.0215	-101.2309
SD	North Sioux City	42.5309	-96.4996
SD	North Spearfish	44.5107	-103.9045
SD	Northville	45.1554	-98.5793
SD	Nunda	44.1599	-97.0194
SD	Oacoma	43.8045	-99.3661
SD	Oahe Acres	44.4648	-100.3449
SD	Oak Lane Colony	43.5099	-97.7412
SD	Oelrichs	43.182	-103.2334
SD	Oglala	43.1916	-102.7097
SD	Okaton	43.8521	-100.8814
SD	Okreek	43.3485	-100.3887
SD	Ola	43.6005	-99.2114
SD	Old Elm Spring Colony	43.4918	-97.8043
SD	Oldham	44.2282	-97.3095
SD	Olivet	43.243	-97.6747
SD	Onaka	45.1912	-99.4647
SD	Onida	44.7049	-100.0675
SD	Oral	43.4065	-103.2616
SD	Orient	44.9017	-99.0887
SD	Orland Colony	43.8216	-97.199
SD	Ortley	45.3349	-97.2049
SD	Parker	43.3978	-97.1334
SD	Parkston	43.3929	-97.9864
SD	Parmelee	43.3337	-101.043
SD	Pearl Creek Colony	44.326	-97.9184
SD	Peever	45.5422	-96.9561
SD	Peever Flats	45.5234	-96.9355
SD	Pembrook Colony	45.373	-98.993
SD	Philip	44.0409	-101.6648
SD	Pickstown	43.067	-98.5296
SD	Piedmont	44.2172	-103.3754
SD	Pierpont	45.4953	-97.832
SD	Pierre	44.3752	-100.32
SD	Pine Lakes Addition	43.5512	-96.6354
SD	Pine Ridge	43.0269	-102.5524
SD	Plainview Colony	45.5812	-99.0115
SD	Plankinton	43.7154	-98.4836
SD	Platte	43.3869	-98.8435
SD	Platte Colony	43.4679	-99.1262
SD	Pleasant Valley Colony	44.0589	-96.471
SD	Poinsett Colony	44.6414	-96.9003
SD	Pollock	45.9005	-100.2885
SD	Porcupine	43.2685	-102.3353
SD	Prairie City	45.5361	-102.8171
SD	Prairiewood Village	45.5094	-98.4194
SD	Presho	43.9072	-100.0584
SD	Pringle	43.609	-103.5946
SD	Provo	43.1937	-103.8329
SD	Pukwana	43.7791	-99.1843
SD	Quinn	43.9866	-102.1263
SD	Ramona	44.1199	-97.2154
SD	Rapid City	44.0711	-103.2179
SD	Rapid Valley	44.0675	-103.1223
SD	Ravinia	43.1365	-98.4269
SD	Raymond	44.9105	-97.9373
SD	Redfield	44.8733	-98.5192
SD	Ree Heights	44.5158	-99.2005
SD	Reliance	43.8804	-99.6012
SD	Renner Corner	43.6487	-96.7021
SD	Revillo	45.0153	-96.5711
SD	Richland	42.7634	-96.6479
SD	Riverside Colony	44.4781	-98.1372
SD	Rockham	44.9043	-98.8234
SD	Rockport Colony	43.582	-97.8431
SD	Rolland Colony	44.3437	-96.5923
SD	Roscoe	45.4501	-99.3367
SD	Rosebud	43.2387	-100.815
SD	Rosedale Colony	43.6267	-97.8753
SD	Rosholt	45.8662	-96.7318
SD	Roslyn	45.4966	-97.4927
SD	Roswell	44.006	-97.6975
SD	Rowena	43.5191	-96.5562
SD	Running Water	42.7822	-97.9817
SD	Rustic Acres Colony	43.8698	-97.099
SD	Salem	43.7228	-97.3893
SD	Scotland	43.1482	-97.7198
SD	Selby	45.5057	-100.0329
SD	Seneca	45.0608	-99.5092
SD	Shamrock Colony	44.621	-97.9651
SD	Shannon Colony	43.9826	-97.4251
SD	Sherman	43.7575	-96.4757
SD	Shindler	43.4677	-96.6355
SD	Sicangu Village	43.0138	-100.5757
SD	Silver Lake Colony	44.8656	-97.6087
SD	Sinai	44.2445	-97.044
SD	Sioux Falls	43.5407	-96.732
SD	Sisseton	45.6625	-97.0453
SD	Smithwick	43.2976	-103.2163
SD	Soldier Creek	43.3326	-100.8968
SD	South Shore	45.1015	-96.9301
SD	Spearfish	44.4921	-103.8197
SD	Spencer	43.7275	-97.5911
SD	Spink Colony	44.7449	-98.2892
SD	Spring Creek	43.1154	-101.0307
SD	Spring Creek Colony	45.9077	-98.8806
SD	Spring Lake Colony	44.2349	-97.1748
SD	Spring Valley Colony	44.0395	-98.8813
SD	Springfield	42.8623	-97.8965
SD	St. Charles	43.0881	-99.0949
SD	St. Francis	43.1426	-100.9028
SD	St. Lawrence	44.5166	-98.9379
SD	St. Onge	44.5457	-103.7199
SD	Stephan	44.2491	-99.4567
SD	Stickney	43.5893	-98.4376
SD	Stockholm	45.103	-96.7984
SD	Storla	43.8625	-98.3526
SD	Strandburg	45.0441	-96.7604
SD	Stratford	45.3174	-98.3043
SD	Sturgis	44.412	-103.5006
SD	Summerset	44.1933	-103.3422
SD	Summit	45.3056	-97.0391
SD	Sunset Colony	45.8095	-97.8852
SD	Swift Bird	45.0601	-100.3545
SD	Tabor	42.9477	-97.6594
SD	Tea	43.4556	-96.824
SD	Thunderbird Colony	45.1911	-99.2623
SD	Timber Lake	45.4294	-101.0714
SD	Tolstoy	45.2081	-99.614
SD	Toronto	44.5724	-96.6414
SD	Trent	43.9063	-96.6578
SD	Tripp	43.2254	-97.9658
SD	Tschetter Colony	43.3683	-97.6933
SD	Tulare	44.7382	-98.5089
SD	Turton	45.049	-98.0974
SD	Twin Brooks	45.209	-96.7855
SD	Two Strike	43.2164	-100.9082
SD	Tyndall	42.9899	-97.8642
SD	Upland Colony	43.8771	-97.9775
SD	Utica	42.9811	-97.4967
SD	Vale	44.6183	-103.3987
SD	Valley Springs	43.5821	-96.4659
SD	Veblen	45.862	-97.2869
SD	Verdon	45.2442	-98.0992
SD	Vermillion	42.7814	-96.9254
SD	Viborg	43.1722	-97.0824
SD	Vienna	44.7032	-97.5
SD	Vilas	44.0084	-97.5956
SD	Virgil	44.2909	-98.4276
SD	Vivian	43.9273	-100.3011
SD	Volga	44.3218	-96.9222
SD	Volin	42.9586	-97.1812
SD	Wagner	43.0769	-98.2914
SD	Wakonda	43.0081	-97.106
SD	Wakpala	45.6594	-100.5355
SD	Wall	43.9941	-102.2449
SD	Wallace	45.0845	-97.4781
SD	Wanblee	43.5714	-101.6609
SD	Ward	44.1548	-96.4626
SD	Warner	45.3252	-98.4952
SD	Wasta	44.0695	-102.4464
SD	Watertown	44.9092	-97.1557
SD	Waubay	45.3345	-97.3055
SD	Waverly	44.9987	-96.9741
SD	Webster	45.3366	-97.5218
SD	Wentworth	43.9969	-96.9645
SD	Wessington	44.4551	-98.6968
SD	Wessington Springs	44.0805	-98.5712
SD	West Brule	44.0727	-99.6384
SD	Westport	45.6478	-98.4981
SD	Westwood Colony	45.8929	-97.7814
SD	Wetonka	45.6242	-98.7717
SD	White	44.4359	-96.646
SD	White Horse	43.3101	-100.5977
SD	White Lake	43.7283	-98.712
SD	White River	43.5671	-100.7449
SD	White Rock	45.9247	-96.5762
SD	White Rock Colony	45.9106	-96.6359
SD	Whitehorse	45.2746	-100.9012
SD	Whitewood	44.4618	-103.6381
SD	Willow Lake	44.6279	-97.6381
SD	Wilmot	45.4091	-96.8546
SD	Winfred	43.9988	-97.3616
SD	Winner	43.3776	-99.8551
SD	Wolf Creek Colony	43.3528	-97.616
SD	Wolsey	44.4108	-98.4739
SD	Wonderland Homes	44.2041	-103.3445
SD	Wood	43.4971	-100.4802
SD	Woonsocket	44.0542	-98.2717
SD	Worthing	43.33	-96.7682
SD	Wounded Knee	43.1435	-102.3682
SD	Yale	44.4335	-97.9879
SD	Yankton	42.8898	-97.3927
TN	Adams	36.5828	-87.0651
TN	Adamsville	35.2375	-88.3784
TN	Alamo	35.7829	-89.1169
TN	Alcoa	35.807	-83.973
TN	Alexandria	36.0791	-86.0381
TN	Algood	36.2	-85.4468
TN	Allardt	36.3811	-84.8814
TN	Altamont	35.4339	-85.7386
TN	Andersonville	36.197	-84.0331
TN	Apison	35.0049	-85.0097
TN	Ardmore	35.0044	-86.8507
TN	Arlington	35.2525	-89.6611
TN	Ashland City	36.2562	-87.0327
TN	Athens	35.4568	-84.6045
TN	Atoka	35.4259	-89.7844
TN	Atwood	35.9747	-88.6689
TN	Auburntown	35.9526	-86.0935
TN	Baileyton	36.3243	-82.836
TN	Baneberry	36.0464	-83.2782
TN	Banner Hill	36.1223	-82.4203
TN	Bartlett	35.2342	-89.8203
TN	Baxter	36.1537	-85.6349
TN	Bean Station	36.3384	-83.2852
TN	Beech Bluff	35.6046	-88.6292
TN	Beersheba Springs	35.459	-85.6688
TN	Bell Buckle	35.5908	-86.3538
TN	Belle Meade	36.0994	-86.8563
TN	Bells	35.7197	-89.0854
TN	Belvidere	35.1281	-86.1881
TN	Benton	35.1749	-84.6517
TN	Berry Hill	36.1196	-86.7675
TN	Bethel Springs	35.2341	-88.6131
TN	Bethpage	36.4843	-86.3085
TN	Big Rock	36.5766	-87.7579
TN	Big Sandy	36.2327	-88.0851
TN	Biltmore	36.3687	-82.2211
TN	Blaine	36.1447	-83.6955
TN	Blanche	35.0437	-86.7533
TN	Bloomingdale	36.5823	-82.5068
TN	Blountville	36.533	-82.3289
TN	Bluff City	36.4595	-82.2779
TN	Bogota	36.162	-89.439
TN	Bolivar	35.264	-89.0119
TN	Bon Air	35.9333	-85.3701
TN	Bon Aqua Junction	35.9281	-87.3124
TN	Bowman	36.0616	-85.0357
TN	Braden	35.3685	-89.5718
TN	Bradford	36.0738	-88.8163
TN	Bransford	36.5133	-86.2853
TN	Brentwood	35.9939	-86.7708
TN	Briceville	36.1778	-84.1836
TN	Brighton	35.4813	-89.7354
TN	Bristol	36.5585	-82.217
TN	Brownsville	35.589	-89.2579
TN	Bruceton	36.0349	-88.2466
TN	Buchanan	36.434	-88.2028
TN	Bulls Gap	36.2616	-83.0788
TN	Burlison	35.5569	-89.7846
TN	Burns	36.0578	-87.3204
TN	Butler	36.3571	-82.0356
TN	Byrdstown	36.5736	-85.1342
TN	Calhoun	35.3018	-84.7415
TN	Camden	36.0663	-88.1046
TN	Carthage	36.2566	-85.9429
TN	Caryville	36.3117	-84.1997
TN	Castalian Springs	36.4012	-86.3068
TN	Cedar Hill	36.5512	-87.0013
TN	Celina	36.5476	-85.5038
TN	Centertown	35.7251	-85.9197
TN	Centerville	35.8262	-87.4383
TN	Central	36.3338	-82.2969
TN	Chapel Hill	35.628	-86.6969
TN	Charleston	35.2857	-84.7608
TN	Charlotte	36.1861	-87.3389
TN	Chattanooga	35.066	-85.2484
TN	Chesterfield	35.6528	-88.267
TN	Chewalla	35.0209	-88.6427
TN	Childers Hill	35.0815	-88.3267
TN	Christiana	35.7193	-86.4129
TN	Church Hill	36.5196	-82.7141
TN	Clarkrange	36.1857	-85.0096
TN	Clarksburg	35.8705	-88.3937
TN	Clarksville	36.5664	-87.3452
TN	Cleveland	35.18	-84.8713
TN	Clifton	35.3773	-87.9912
TN	Clinton	36.0973	-84.1289
TN	Coalfield	36.0228	-84.4425
TN	Coalmont	35.3442	-85.7138
TN	Coker Creek	35.2632	-84.2882
TN	Collegedale	35.0535	-85.048
TN	Collierville	35.0489	-89.6971
TN	Collinwood	35.1745	-87.7441
TN	Colonial Heights	36.4945	-82.4906
TN	Columbia	35.6238	-87.0425
TN	Conasauga	35.0052	-84.7276
TN	Cookeville	36.1469	-85.5127
TN	Coopertown	36.4142	-86.9658
TN	Copperhill	34.999	-84.3913
TN	Cornersville	35.3634	-86.8584
TN	Cosby	35.7951	-83.2457
TN	Cottage Grove	36.3782	-88.479
TN	Cottontown	36.4489	-86.5336
TN	Counce	35.0404	-88.2717
TN	Covington	35.5659	-89.6485
TN	Cowan	35.163	-86.0141
TN	Crab Orchard	35.9066	-84.8847
TN	Cross Plains	36.5412	-86.6766
TN	Crossville	35.9534	-85.0302
TN	Crump	35.2249	-88.3308
TN	Cumberland City	36.3797	-87.6399
TN	Cumberland Gap	36.5974	-83.6658
TN	Dancyville	35.4067	-89.297
TN	Dandridge	36.0301	-83.4298
TN	Darden	35.6384	-88.2261
TN	Dayton	35.4954	-85.0087
TN	Decatur	35.5291	-84.7933
TN	Decaturville	35.5819	-88.1195
TN	Decherd	35.2159	-86.0747
TN	Delano	35.2565	-84.5617
TN	Dellrose	35.1158	-86.8035
TN	Dickson	36.0633	-87.3688
TN	Dodson Branch	36.3149	-85.5322
TN	Dover	36.4816	-87.8438
TN	Dowelltown	36.0125	-85.9426
TN	Doyle	35.8553	-85.5121
TN	Dresden	36.2799	-88.6991
TN	Ducktown	35.036	-84.3848
TN	Dukedom	36.494	-88.7219
TN	Dunlap	35.3675	-85.3898
TN	Dyer	36.0716	-88.9939
TN	Dyersburg	36.0468	-89.378
TN	Eagleton Village	35.7882	-83.9362
TN	Eagleville	35.7421	-86.6528
TN	East Cleveland	35.1525	-84.8542
TN	East Ridge	34.9973	-85.2285
TN	Eastview	35.0877	-88.5517
TN	Elgin	36.3284	-84.6091
TN	Elizabethton	36.3396	-82.2378
TN	Elkton	35.0628	-86.8958
TN	Embreeville	36.1759	-82.4489
TN	Englewood	35.4229	-84.4883
TN	Enville	35.3911	-88.4303
TN	Erin	36.3163	-87.7008
TN	Erwin	36.1458	-82.412
TN	Essary Springs	35.0113	-88.8025
TN	Estill Springs	35.2592	-86.1337
TN	Ethridge	35.3218	-87.3013
TN	Etowah	35.3381	-84.5282
TN	Eva	36.0679	-88.0071
TN	Fairfield	36.6209	-86.3425
TN	Fairfield Glade	36.0038	-84.8727
TN	Fairgarden	35.8982	-83.412
TN	Fairmount	35.1865	-85.3302
TN	Fairview	35.9824	-87.127
TN	Fall Branch	36.4162	-82.6242
TN	Falling Water	35.1959	-85.2594
TN	Farner	35.1544	-84.319
TN	Farragut	35.8762	-84.18
TN	Fayetteville	35.1502	-86.5623
TN	Fincastle	36.4038	-84.0479
TN	Finger	35.357	-88.617
TN	Finley	36.0357	-89.4799
TN	Flat Top Mountain	35.3319	-85.2
TN	Flintville	35.0602	-86.4165
TN	Forest Hills	36.07	-86.8362
TN	Fowlkes	35.972	-89.3879
TN	Frankewing	35.1944	-86.8568
TN	Franklin	35.914	-86.8522
TN	Friendship	35.9084	-89.2414
TN	Friendsville	35.7564	-84.132
TN	Gadsden	35.7768	-88.9861
TN	Gainesboro	36.3632	-85.6487
TN	Gallatin	36.3815	-86.467
TN	Gallaway	35.3209	-89.6081
TN	Garland	35.5878	-89.7531
TN	Gates	35.8405	-89.4081
TN	Gatlinburg	35.725	-83.4938
TN	Germantown	35.082	-89.7826
TN	Gibson	35.8743	-88.8439
TN	Gilt Edge	35.5341	-89.8307
TN	Gladeville	36.1157	-86.4315
TN	Gleason	36.2174	-88.6107
TN	Goodlettsville	36.333	-86.7042
TN	Gordonsville	36.1861	-85.9315
TN	Graball	36.4837	-86.4395
TN	Grand Junction	35.05	-89.1889
TN	Gray	36.4211	-82.4765
TN	Graysville	35.4493	-85.0764
TN	Green Hill	36.2321	-86.5732
TN	Greenback	35.6474	-84.1682
TN	Greenbrier	36.4216	-86.7902
TN	Greeneville	36.168	-82.8197
TN	Greenfield	36.1651	-88.8073
TN	Greenvale	36.0055	-86.2012
TN	Griffith Creek	35.276	-85.536
TN	Grimsley	36.2761	-84.9969
TN	Gruetli-Laager	35.3726	-85.6374
TN	Guys	35.0152	-88.5349
TN	Halls	36.0817	-83.9344
TN	Hampton	36.2773	-82.1728
TN	Harriman	35.9304	-84.5626
TN	Harrison	35.125	-85.1471
TN	Harrogate	36.5752	-83.6462
TN	Hartsville/Trousdale County	36.393	-86.1567
TN	Helenwood	36.4342	-84.5534
TN	Henderson	35.4431	-88.6566
TN	Hendersonville	36.3073	-86.5989
TN	Henning	35.6846	-89.5743
TN	Henry	36.2011	-88.4114
TN	Hickman	36.1452	-85.9412
TN	Hickory Valley	35.1549	-89.126
TN	Hilham	36.41	-85.4421
TN	Hillsboro	35.4044	-85.9541
TN	Hohenwald	35.5515	-87.5539
TN	Holladay	35.8719	-88.1449
TN	Hollow Rock	36.0353	-88.2692
TN	Hopewell	35.2388	-84.9139
TN	Hornbeak	36.3351	-89.2983
TN	Hornsby	35.2287	-88.8296
TN	Humboldt	35.8274	-88.9045
TN	Hunter	36.4019	-82.1506
TN	Huntingdon	36.0061	-88.4172
TN	Huntland	35.0579	-86.2689
TN	Huntsville	36.4177	-84.5098
TN	Huron	35.5935	-88.536
TN	Iron City	35.0226	-87.5855
TN	Jacks Creek	35.4691	-88.5146
TN	Jacksboro	36.3352	-84.1927
TN	Jackson	35.6541	-88.835
TN	Jamestown	36.431	-84.9327
TN	Jasper	35.0683	-85.6212
TN	Jefferson City	36.1208	-83.4833
TN	Jellico	36.5716	-84.1162
TN	John Sevier	36.0379	-83.8258
TN	Johnson City	36.3423	-82.3809
TN	Jonesborough	36.296	-82.4763
TN	Kahite	35.5687	-84.2365
TN	Karns	35.9778	-84.1091
TN	Kenton	36.2022	-89.018
TN	Kimball	35.0469	-85.674
TN	Kingsport	36.5194	-82.5434
TN	Kingston	35.8727	-84.5045
TN	Kingston Springs	36.0819	-87.109
TN	Knoxville	35.9707	-83.9493
TN	La Follette	36.3717	-84.1256
TN	La Grange	35.0476	-89.2409
TN	La Vergne	36.0222	-86.5594
TN	Lafayette	36.524	-86.0306
TN	Lake Tansi	35.8703	-85.0606
TN	Lakeland	35.2628	-89.725
TN	Lakesite	35.2027	-85.1412
TN	Lakewood Park	35.6486	-86.1354
TN	Lavinia	35.8508	-88.6527
TN	Lawrenceburg	35.2497	-87.3325
TN	Lebanon	36.1994	-86.3446
TN	Lenoir City	35.8158	-84.283
TN	Lenox	36.0876	-89.4973
TN	Leoma	35.1581	-87.3465
TN	Lewisburg	35.4516	-86.7907
TN	Lexington	35.6421	-88.3753
TN	Liberty	36.0045	-85.9778
TN	Linden	35.6123	-87.843
TN	Livingston	36.3866	-85.3261
TN	Lobelville	35.7517	-87.7975
TN	Lone Oak	35.2008	-85.3685
TN	Lookout Mountain	34.9945	-85.3516
TN	Loretto	35.081	-87.4395
TN	Loudon	35.7372	-84.3621
TN	Louisville	35.8227	-84.0527
TN	Luray	35.6017	-88.5702
TN	Luttrell	36.2096	-83.7485
TN	Lyles	35.9195	-87.345
TN	Lynchburg, Moore County	35.2889	-86.3587
TN	Lynnville	35.3781	-87.0054
TN	Madisonville	35.5232	-84.363
TN	Manchester	35.4641	-86.0729
TN	Martin	36.3379	-88.8514
TN	Maryville	35.748	-83.98
TN	Mascot	36.0687	-83.7639
TN	Mason	35.4128	-89.5412
TN	Maury City	35.8145	-89.2239
TN	Mayland	36.0459	-85.2069
TN	Maynardville	36.247	-83.8057
TN	McDonald	35.1088	-84.9853
TN	McEwen	36.1098	-87.6355
TN	McKenzie	36.1366	-88.5071
TN	McLemoresville	35.9862	-88.5801
TN	McMinnville	35.6863	-85.7812
TN	Medina	35.817	-88.7905
TN	Medon	35.4521	-88.8627
TN	Memphis	35.109	-89.9675
TN	Mercer	35.4745	-89.0394
TN	Michie	35.0604	-88.4257
TN	Middle Valley	35.1907	-85.1975
TN	Middleton	35.0693	-88.8942
TN	Midtown	35.8803	-84.5748
TN	Milan	35.912	-88.754
TN	Milledgeville	35.3776	-88.3661
TN	Millersville	36.3968	-86.7111
TN	Millington	35.3337	-89.8995
TN	Minor Hill	35.0566	-87.1607
TN	Miston	36.1604	-89.494
TN	Mitchellville	36.6343	-86.54
TN	Monteagle	35.2358	-85.8502
TN	Monterey	36.1446	-85.2643
TN	Mooresburg	36.3507	-83.2352
TN	Morris Chapel	35.3139	-88.3558
TN	Morrison	35.6071	-85.9074
TN	Morristown	36.2044	-83.3
TN	Moscow	35.0624	-89.3823
TN	Mosheim	36.1956	-82.9656
TN	Mount Carmel	36.5649	-82.6678
TN	Mount Juliet	36.1992	-86.5095
TN	Mount Pleasant	35.5481	-87.1869
TN	Mountain City	36.4696	-81.8049
TN	Mowbray Mountain	35.2751	-85.2226
TN	Munford	35.4429	-89.8159
TN	Murfreesboro	35.8539	-86.4212
TN	Nashville-Davidson	36.1718	-86.785
TN	New Deal	36.5139	-86.5629
TN	New Hope	34.9994	-85.6684
TN	New Johnsonville	36.0165	-87.9695
TN	New Market	36.0955	-83.557
TN	New Tazewell	36.4381	-83.6052
TN	New Union	35.534	-86.0832
TN	Newbern	36.1169	-89.2714
TN	Newport	35.9616	-83.1976
TN	Niota	35.5172	-84.5499
TN	Nixon	35.1148	-88.2582
TN	Nolensville	35.9571	-86.6719
TN	Norene	36.0541	-86.2382
TN	Normandy	35.4522	-86.2582
TN	Norris	36.2137	-84.0629
TN	Oak Grove	36.4251	-82.4341
TN	Oak Hill	36.0684	-86.7931
TN	Oak Ridge	35.9665	-84.2905
TN	Oakdale	35.9927	-84.5567
TN	Oakland	35.2261	-89.5382
TN	Obion	36.2558	-89.1826
TN	Ocoee	35.1235	-84.7167
TN	Oliver Springs	36.0399	-84.3285
TN	Olivet	35.2048	-88.1939
TN	Oneida	36.5157	-84.5108
TN	Ooltewah	35.0723	-85.0545
TN	Orebank	36.556	-82.4641
TN	Orlinda	36.5938	-86.7016
TN	Orme	35.0147	-85.8048
TN	Palmer	35.3576	-85.5656
TN	Palmersville	36.4084	-88.5842
TN	Paris	36.2927	-88.3081
TN	Park City	35.0779	-86.5841
TN	Parker's Crossroads	35.7894	-88.3906
TN	Parrottsville	36.0082	-83.0915
TN	Parsons	35.6512	-88.1231
TN	Pegram	36.1037	-87.0565
TN	Pelham	35.3341	-85.8703
TN	Petersburg	35.3173	-86.6406
TN	Petros	36.1028	-84.4503
TN	Philadelphia	35.679	-84.3999
TN	Pigeon Forge	35.798	-83.5638
TN	Pikeville	35.6154	-85.1934
TN	Pine Crest	36.2932	-82.3089
TN	Pinson	35.479	-88.7413
TN	Piperton	35.0528	-89.6096
TN	Pittman Center	35.7595	-83.3885
TN	Plainview	36.1807	-83.7933
TN	Pleasant Hill	35.9739	-85.202
TN	Pleasant View	36.3893	-87.0455
TN	Pocahontas	35.0547	-88.8019
TN	Portland	36.5975	-86.5266
TN	Powell	36.0359	-84.0297
TN	Powells Crossroads	35.1848	-85.4848
TN	Prospect	35.0219	-86.9989
TN	Pulaski	35.193	-87.0347
TN	Puryear	36.4414	-88.3324
TN	Ramer	35.0719	-88.6149
TN	Randolph	35.5189	-89.8846
TN	Rarity Bay	35.6348	-84.2537
TN	Red Bank	35.1117	-85.2962
TN	Red Boiling Springs	36.5302	-85.8482
TN	Riceville	35.3895	-84.6989
TN	Ridgely	36.2632	-89.4806
TN	Ridgeside	35.0349	-85.247
TN	Ridgetop	36.4037	-86.7677
TN	Ripley	35.7461	-89.5341
TN	Rives	36.3562	-89.0496
TN	Roan Mountain	36.1867	-82.0705
TN	Robbins	36.3537	-84.5839
TN	Rockford	35.8397	-83.9353
TN	Rockvale	35.7667	-86.5212
TN	Rockwood	35.8701	-84.6749
TN	Rocky Top	36.2249	-84.1548
TN	Rogersville	36.4083	-83.0042
TN	Rossville	35.038	-89.5417
TN	Rural Hill	36.1183	-86.5147
TN	Russellville	36.258	-83.1968
TN	Rutherford	36.1221	-88.9929
TN	Rutledge	36.2744	-83.5327
TN	Sale Creek	35.3864	-85.0824
TN	Saltillo	35.3805	-88.2536
TN	Samburg	36.3817	-89.3524
TN	Sardis	35.4424	-88.2912
TN	Saulsbury	35.0488	-89.0883
TN	Savannah	35.2209	-88.2351
TN	Scotts Hill	35.5183	-88.2523
TN	Selmer	35.1706	-88.5951
TN	Sequatchie	35.1115	-85.5966
TN	Sevierville	35.8897	-83.5799
TN	Sewanee	35.1979	-85.9215
TN	Seymour	35.8827	-83.7616
TN	Shackle Island	36.3775	-86.6168
TN	Sharon	36.2351	-88.8251
TN	Shelbyville	35.5013	-86.4517
TN	Sherwood	35.0749	-85.9259
TN	Shiloh	35.1098	-88.3645
TN	Signal Mountain	35.1439	-85.3415
TN	Silerton	35.3424	-88.8099
TN	Slayden	36.2913	-87.4656
TN	Smithville	35.9584	-85.8211
TN	Smyrna	35.969	-86.5286
TN	Sneedville	36.5357	-83.21
TN	Soddy-Daisy	35.2616	-85.1721
TN	Somerville	35.2322	-89.3754
TN	South Carthage	36.2397	-85.9575
TN	South Cleveland	35.1093	-84.9097
TN	South Fulton	36.4933	-88.8837
TN	South Pittsburg	35.0112	-85.7182
TN	Sparta	35.9347	-85.4726
TN	Spencer	35.7392	-85.4561
TN	Spring City	35.6864	-84.8642
TN	Spring Hill	35.7466	-86.9168
TN	Springfield	36.4936	-86.8722
TN	Spurgeon	36.4444	-82.4613
TN	St. Joseph	35.033	-87.5008
TN	Stanton	35.4613	-89.4014
TN	Stantonville	35.1569	-88.4302
TN	Statesville	36.0198	-86.1206
TN	Strawberry Plains	36.0643	-83.6452
TN	Sullivan Gardens	36.4877	-82.5911
TN	Summertown	35.4344	-87.3085
TN	Sunbright	36.2427	-84.68
TN	Surgoinsville	36.4724	-82.8609
TN	Sweetwater	35.6026	-84.4734
TN	Taft	35.0261	-86.7177
TN	Tazewell	36.4625	-83.567
TN	Telford	36.2534	-82.5478
TN	Tellico Plains	35.3665	-84.2981
TN	Tellico Village	35.6979	-84.2636
TN	Tennessee Ridge	36.3181	-87.7679
TN	Thompson's Station	35.8126	-86.9101
TN	Three Way	35.772	-88.8572
TN	Tiptonville	36.3761	-89.4753
TN	Toone	35.3565	-88.9542
TN	Townsend	35.6763	-83.753
TN	Tracy City	35.263	-85.7557
TN	Trenton	35.9732	-88.9452
TN	Trezevant	36.0109	-88.6206
TN	Trimble	36.202	-89.188
TN	Troy	36.3419	-89.1582
TN	Tuckers Crossroads	36.2066	-86.1676
TN	Tullahoma	35.3733	-86.2183
TN	Tusculum	36.175	-82.7454
TN	Unicoi	36.2218	-82.3292
TN	Union City	36.4271	-89.0477
TN	Unionville	35.6118	-86.5739
TN	Valley Forge	36.3042	-82.1948
TN	Vanleer	36.2367	-87.4483
TN	Viola	35.5424	-85.8596
TN	Vonore	35.5972	-84.2345
TN	Walden	35.1635	-85.3099
TN	Walland	35.732	-83.8068
TN	Walnut Grove	35.0479	-88.0641
TN	Walnut Hill	36.5679	-82.2657
TN	Walterhill	35.9573	-86.3678
TN	Wartburg	36.104	-84.5864
TN	Wartrace	35.5253	-86.3301
TN	Watauga	36.3683	-82.292
TN	Watertown	36.1007	-86.1394
TN	Waverly	36.0939	-87.7847
TN	Waynesboro	35.3235	-87.7593
TN	Westmoreland	36.5654	-86.244
TN	Westpoint	35.1349	-87.5376
TN	White Bluff	36.1009	-87.2119
TN	White House	36.4649	-86.6685
TN	White Pine	36.1013	-83.2857
TN	Whiteside	34.9946	-85.4868
TN	Whiteville	35.3179	-89.1497
TN	Whitlock	36.3669	-88.3618
TN	Whitwell	35.1924	-85.5215
TN	Wildersville	35.7767	-88.3561
TN	Wildwood	35.7999	-83.8685
TN	Wildwood Lake	35.0882	-84.8477
TN	Williston	35.1585	-89.3754
TN	Winchester	35.1891	-86.1049
TN	Winfield	36.5632	-84.4463
TN	Woodbury	35.8247	-86.0724
TN	Woodland Mills	36.4767	-89.1104
TN	Wrigley	35.8998	-87.3537
TN	Wynnburg	36.33	-89.4686
TN	Yorkville	36.0976	-89.1183
TN	Yuma	35.8438	-88.3372
TX	Abbott	31.8851	-97.0741
TX	Abernathy	33.8268	-101.8521
TX	Abilene	32.4545	-99.7381
TX	Abram	26.2116	-98.4119
TX	Acala	31.3344	-105.9028
TX	Ackerly	32.5251	-101.7158
TX	Addison	32.9637	-96.8338
TX	Adrian	35.2741	-102.6672
TX	Agua Dulce	31.6549	-106.1369
TX	Aguilares	27.4516	-99.0932
TX	Airport Heights	26.4087	-98.8367
TX	Airport Road Addition	27.219	-98.0981
TX	Alamo	26.181	-98.1175
TX	Alamo Beach	28.5723	-96.5642
TX	Alamo Heights	29.4828	-98.4682
TX	Alanreed	35.212	-100.7326
TX	Alba	32.7867	-95.6325
TX	Albany	32.7273	-99.2957
TX	Aldine	29.9134	-95.3774
TX	Aledo	32.6974	-97.6069
TX	Alfred	27.8741	-97.9799
TX	Alice	27.7556	-98.0658
TX	Alice Acres	27.7119	-98.108
TX	Allen	33.1097	-96.673
TX	Allison	35.612	-100.1115
TX	Alma	32.2762	-96.5432
TX	Alpine	30.3639	-103.6645
TX	Alto	31.651	-95.0708
TX	Alto Bonito Heights	26.3158	-98.6413
TX	Alton	26.2878	-98.309
TX	Alvarado	32.4061	-97.216
TX	Alvin	29.4248	-95.2244
TX	Alvord	33.357	-97.696
TX	Amada Acres	26.3433	-98.7393
TX	Amargosa	27.8929	-98.1089
TX	Amarillo	35.1981	-101.8331
TX	Amaya	28.7139	-99.8358
TX	Ames	30.0451	-94.7373
TX	Amherst	34.012	-102.4148
TX	Amistad	29.5245	-101.153
TX	Anacua	26.3856	-98.9192
TX	Anahuac	29.7652	-94.6785
TX	Anderson	30.4868	-95.9903
TX	Andrews	32.3213	-102.5518
TX	Angleton	29.1718	-95.4293
TX	Angus	31.9995	-96.4277
TX	Anna	33.3482	-96.5535
TX	Annetta	32.7013	-97.6694
TX	Annetta North	32.7128	-97.6424
TX	Annetta South	32.6727	-97.6166
TX	Annona	33.5818	-94.9131
TX	Anson	32.7545	-99.8962
TX	Anthony	31.9867	-106.5986
TX	Anton	33.8107	-102.1622
TX	Appleby	31.717	-94.6078
TX	Aquilla	31.8539	-97.2196
TX	Aransas Pass	27.915	-97.1032
TX	Archer City	33.594	-98.6255
TX	Arcola	29.5038	-95.4696
TX	Argyle	33.1055	-97.1775
TX	Arlington	32.7007	-97.1247
TX	Arp	32.226	-95.0525
TX	Arroyo Colorado Estates	26.1856	-97.6118
TX	Arroyo Gardens	26.2015	-97.4997
TX	Asherton	28.4461	-99.7603
TX	Aspermont	33.1409	-100.2249
TX	Atascocita	29.9779	-95.1946
TX	Athens	32.2026	-95.8308
TX	Atlanta	33.1132	-94.1676
TX	Aubrey	33.3085	-96.9791
TX	Aurora	33.0559	-97.5096
TX	Austin	30.2986	-97.7541
TX	Austwell	28.3911	-96.8437
TX	Avery	33.5512	-94.7801
TX	Avinger	32.8969	-94.5527
TX	Azle	32.8955	-97.5392
TX	B and E	26.3565	-98.7537
TX	Bacliff	29.5086	-94.9887
TX	Bailey	33.4336	-96.1651
TX	Bailey's Prairie	29.1478	-95.4998
TX	Baird	32.3961	-99.396
TX	Balch Springs	32.7139	-96.6181
TX	Balcones Heights	29.4902	-98.5491
TX	Ballinger	31.7391	-99.9554
TX	Balmorhea	30.9824	-103.745
TX	Bandera	29.7251	-99.0743
TX	Bangs	31.7161	-99.1303
TX	Banquete	27.8	-97.7961
TX	Bardwell	32.2671	-96.6955
TX	Barksdale	29.7329	-100.0328
TX	Barrera	26.3927	-98.8985
TX	Barrett	29.8654	-95.0525
TX	Barry	32.1004	-96.6405
TX	Barstow	31.4615	-103.3955
TX	Bartlett	30.7949	-97.4323
TX	Barton Creek	30.2832	-97.8696
TX	Bartonville	33.0847	-97.1492
TX	Bastrop	30.1111	-97.3182
TX	Batesville	28.9524	-99.6293
TX	Bay City	28.9835	-95.9599
TX	Bayou Vista	29.3256	-94.9392
TX	Bayside	28.096	-97.2109
TX	Baytown	29.7648	-94.9675
TX	Bayview	26.1334	-97.3976
TX	Beach City	29.7389	-94.8465
TX	Bear Creek	30.1824	-97.9401
TX	Bear Creek Ranch	32.5595	-96.7643
TX	Beasley	29.4949	-95.9157
TX	Beaumont	30.0849	-94.1453
TX	Beauxart Gardens	29.9595	-94.0356
TX	Beaver Creek	30.4523	-96.5602
TX	Beckville	32.2436	-94.4561
TX	Bedford	32.8458	-97.1351
TX	Bedias	30.7816	-95.9446
TX	Bee Cave	30.3077	-97.9626
TX	Beeville	28.4052	-97.7489
TX	Bellaire	29.704	-95.4609
TX	Bellevue	33.6335	-98.0163
TX	Bellmead	31.6015	-97.089
TX	Bells	33.6165	-96.4127
TX	Bellville	29.9466	-96.2588
TX	Belterra	30.1885	-97.9845
TX	Belton	31.0523	-97.4795
TX	Ben Arnold	30.9512	-96.9643
TX	Ben Bolt	27.6659	-98.0966
TX	Ben Wheeler	32.4465	-95.7019
TX	Benavides	27.5969	-98.4138
TX	Benbrook	32.6783	-97.4636
TX	Benjamin	33.5836	-99.7929
TX	Benjamin Perez	26.406	-98.8997
TX	Berryville	32.0892	-95.4698
TX	Bertram	30.7447	-98.0665
TX	Beverly Hills	31.5223	-97.1563
TX	Bevil Oaks	30.1507	-94.2709
TX	Big Lake	31.1941	-101.4534
TX	Big Sandy	32.5857	-95.1125
TX	Big Spring	32.2383	-101.4857
TX	Big Thicket Lake Estates	30.4877	-94.7676
TX	Big Wells	28.5699	-99.5702
TX	Bigfoot	29.0623	-98.8534
TX	Bishop	27.5853	-97.7974
TX	Bishop Hills	35.2614	-101.9519
TX	Bivins	33.0189	-94.192
TX	Bixby	26.1441	-97.854
TX	Blackwell	32.0851	-100.3194
TX	Blanco	30.0986	-98.4171
TX	Blanket	31.8244	-98.7897
TX	Bledsoe	33.6181	-103.0182
TX	Blessing	28.8749	-96.2168
TX	Bloomburg	33.1378	-94.0591
TX	Blooming Grove	32.0924	-96.7173
TX	Bloomington	28.6504	-96.9022
TX	Blossom	33.6633	-95.3837
TX	Blue Berry Hill	28.3855	-97.7921
TX	Blue Mound	32.8543	-97.3384
TX	Blue Ridge	33.298	-96.3981
TX	Bluetown	26.0696	-97.8183
TX	Bluff Dale	32.3497	-98.0249
TX	Blum	32.142	-97.3971
TX	Boerne	29.7849	-98.7279
TX	Bogata	33.4698	-95.2135
TX	Boling	29.2531	-95.9447
TX	Bolivar Peninsula	29.4898	-94.5685
TX	Bonanza Hills	27.7948	-99.4695
TX	Bonham	33.588	-96.1901
TX	Bonney	29.3013	-95.4508
TX	Booker	36.4561	-100.5402
TX	Borger	35.6594	-101.4024
TX	Botines	27.7719	-99.4571
TX	Bovina	34.5157	-102.8847
TX	Bowie	33.557	-97.8461
TX	Box Canyon	29.5335	-101.1586
TX	Boyd	33.0843	-97.5632
TX	Boys Ranch	35.5352	-102.2526
TX	Brackettville	29.3182	-100.4105
TX	Brady	31.1154	-99.3459
TX	Brazoria	29.0447	-95.5647
TX	Brazos	32.6623	-98.1236
TX	Brazos Country	29.7531	-96.038
TX	Breckenridge	32.7568	-98.913
TX	Bremond	31.1657	-96.676
TX	Brenham	30.1582	-96.3956
TX	Briar	33.019	-97.5754
TX	Briarcliff	30.4093	-98.0445
TX	Briaroaks	32.4954	-97.3033
TX	Bridge City	30.0309	-93.8381
TX	Bridgeport	33.2104	-97.7725
TX	Briggs	30.8895	-97.9218
TX	Bristol	32.4448	-96.5677
TX	Broaddus	31.305	-94.27
TX	Bronte	31.8861	-100.2951
TX	Brookshire	29.7824	-95.9514
TX	Brookside Village	29.5908	-95.318
TX	Brookston	33.6235	-95.7001
TX	Browndell	31.1254	-93.9801
TX	Brownfield	33.1755	-102.2734
TX	Brownsboro	32.2984	-95.613
TX	Brownsville	25.9957	-97.4508
TX	Brownwood	31.7129	-98.9771
TX	Bruceville-Eddy	31.308	-97.2574
TX	Brundage	28.574	-99.6701
TX	Bruni	27.4282	-98.8322
TX	Brushy Creek	30.5128	-97.7394
TX	Bryan	30.666	-96.381
TX	Bryson	33.1656	-98.3888
TX	Buchanan Dam	30.8157	-98.4527
TX	Buchanan Lake Village	30.8602	-98.4343
TX	Buckholts	30.874	-97.1289
TX	Buda	30.0804	-97.8557
TX	Buena Vista	26.2941	-98.6109
TX	Buffalo	31.4589	-96.0662
TX	Buffalo Gap	32.2833	-99.8342
TX	Buffalo Springs	33.5337	-101.6976
TX	Bullard	32.1442	-95.3175
TX	Bulverde	29.7745	-98.435
TX	Buna	30.4427	-93.9607
TX	Bunker Hill Village	29.7648	-95.5317
TX	Burkburnett	34.0746	-98.5675
TX	Burke	31.2357	-94.7648
TX	Burleson	32.5165	-97.3274
TX	Burlington	31.0046	-96.9915
TX	Burnet	30.7506	-98.2382
TX	Burton	30.1858	-96.6031
TX	Bushland	35.2029	-102.059
TX	Butterfield	31.8426	-106.0822
TX	Byers	34.0692	-98.1909
TX	Bynum	31.9691	-97.0031
TX	Cactus	36.0444	-102.008
TX	Caddo Mills	33.0745	-96.2269
TX	Cade Lakes	30.5151	-96.7734
TX	Caldwell	30.5313	-96.6989
TX	Callender Lake	32.3632	-95.699
TX	Callisburg	33.6987	-97.0159
TX	Calvert	30.9791	-96.6715
TX	Camargito	26.3452	-98.7388
TX	Cameron	30.8608	-96.9762
TX	Cameron Park	25.9714	-97.4782
TX	Camp Swift	30.1881	-97.2932
TX	Camp Wood	29.669	-100.0109
TX	Campbell	33.1476	-95.9549
TX	Campo Verde	26.3917	-98.914
TX	Canadian	35.9097	-100.3839
TX	Caney City	32.2096	-96.0381
TX	Canton	32.5542	-95.8635
TX	Cantu Addition	27.202	-98.1557
TX	Canutillo	31.9185	-106.6011
TX	Canyon	34.9903	-101.919
TX	Canyon Creek	32.391	-97.7394
TX	Canyon Lake	29.8758	-98.2612
TX	Cape Royale	30.6534	-95.1306
TX	Carbon	32.2684	-98.8272
TX	Carl's Corner	32.0839	-97.0532
TX	Carlsbad	31.6112	-100.6406
TX	Carlton	31.9197	-98.1714
TX	Carmine	30.1485	-96.6907
TX	Carrizo Hill	28.505	-99.8311
TX	Carrizo Springs	28.5258	-99.8593
TX	Carrollton	32.9894	-96.8999
TX	Carter	32.9179	-97.7397
TX	Carthage	32.152	-94.3371
TX	Casa Blanca	26.2976	-98.6103
TX	Casas	26.4753	-98.9333
TX	Cashion Community	34.0365	-98.5081
TX	Castle Hills	29.5247	-98.5191
TX	Castroville	29.3599	-98.8547
TX	Catarina	28.3502	-99.6153
TX	Cedar Creek	30.0823	-97.5111
TX	Cedar Hill	32.5843	-96.9589
TX	Cedar Park	30.5102	-97.8186
TX	Cedar Point	30.8013	-95.0787
TX	Celeste	33.2897	-96.1945
TX	Celina	33.3262	-96.7949
TX	Center	31.7931	-94.1803
TX	Center Point	29.9346	-99.0478
TX	Centerville	31.2583	-95.9794
TX	Central Gardens	29.988	-94.0217
TX	Chandler	32.3069	-95.4737
TX	Channelview	29.793	-95.1145
TX	Channing	35.6819	-102.3322
TX	Chaparrito	26.3408	-98.7354
TX	Chapeno	26.5509	-99.1339
TX	Charlotte	28.8593	-98.7006
TX	Chester	30.9213	-94.6001
TX	Chico	33.2961	-97.7986
TX	Childress	34.4355	-100.2824
TX	Chillicothe	34.2557	-99.5141
TX	Chilton	31.286	-97.0604
TX	China	30.0411	-94.3376
TX	China Grove	29.3929	-98.3456
TX	China Spring	31.6492	-97.3048
TX	Chireno	31.4989	-94.3459
TX	Christine	28.7862	-98.4977
TX	Christoval	31.1976	-100.4933
TX	Chula Vista	28.6572	-100.4246
TX	Cibolo	29.5701	-98.2178
TX	Cienegas Terrace	29.369	-100.9429
TX	Cinco Ranch	29.7399	-95.7607
TX	Circle D-KC Estates	30.1605	-97.2398
TX	Cisco	32.3874	-98.9819
TX	Citrus City	26.3279	-98.3922
TX	Clarendon	34.9369	-100.8921
TX	Clarksville	33.611	-95.0563
TX	Clarksville City	32.535	-94.8936
TX	Claude	35.1074	-101.3629
TX	Clay	30.3885	-96.3449
TX	Clear Lake Shores	29.5443	-95.0325
TX	Cleburne	32.355	-97.4116
TX	Cleveland	30.3382	-95.0903
TX	Clifton	31.782	-97.5819
TX	Clint	31.5902	-106.2287
TX	Cloverleaf	29.7891	-95.1763
TX	Clute	29.0259	-95.3982
TX	Clyde	32.4056	-99.5039
TX	Coahoma	32.2956	-101.3089
TX	Cockrell Hill	32.7382	-96.8886
TX	Coffee City	32.1282	-95.4724
TX	Coldspring	30.5893	-95.1312
TX	Coleman	31.8314	-99.4222
TX	College Station	30.5852	-96.2964
TX	Colleyville	32.8915	-97.1497
TX	Collinsville	33.5594	-96.9072
TX	Colmesneil	30.9097	-94.4221
TX	Colorado Acres	27.6449	-99.2143
TX	Colorado City	32.3995	-100.8583
TX	Columbus	29.7045	-96.5589
TX	Comanche	31.9005	-98.6044
TX	Combes	26.2465	-97.7268
TX	Combine	32.5901	-96.5172
TX	Comfort	29.9723	-98.9047
TX	Commerce	33.241	-95.8989
TX	Como	33.0597	-95.4752
TX	Concepcion	27.3951	-98.3556
TX	Conroe	30.3287	-95.4846
TX	Converse	29.5125	-98.3046
TX	Cool	32.7983	-98.0123
TX	Coolidge	31.7514	-96.6522
TX	Cooper	33.372	-95.6907
TX	Coppell	32.9633	-96.9906
TX	Copper Canyon	33.0967	-97.0971
TX	Copperas Cove	31.1196	-97.9144
TX	Corinth	33.1447	-97.0708
TX	Corpus Christi	27.7543	-97.1734
TX	Corral City	33.0985	-97.2304
TX	Corrigan	30.9988	-94.8275
TX	Corsicana	32.0824	-96.4667
TX	Cottonwood	32.4514	-96.4004
TX	Cottonwood Shores	30.555	-98.3276
TX	Cotulla	28.4364	-99.2367
TX	Coupland	30.4569	-97.3924
TX	Cove	29.8139	-94.8122
TX	Covington	32.1791	-97.2609
TX	Coyanosa	31.241	-103.0648
TX	Coyote Acres	27.7132	-98.1346
TX	Coyote Flats	32.3559	-97.2924
TX	Crandall	32.628	-96.4269
TX	Crane	31.3918	-102.3503
TX	Cranfills Gap	31.7748	-97.833
TX	Crawford	31.5379	-97.4468
TX	Creedmoor	30.0738	-97.7373
TX	Cresson	32.5299	-97.6153
TX	Crockett	31.3171	-95.4566
TX	Crosby	29.9152	-95.0577
TX	Crosbyton	33.6413	-101.2377
TX	Cross Mountain	29.6492	-98.6663
TX	Cross Plains	32.1271	-99.1658
TX	Cross Roads	33.2204	-96.9958
TX	Cross Timber	32.4829	-97.3267
TX	Crowell	33.9836	-99.7244
TX	Crowley	32.5774	-97.3578
TX	Crystal City	28.6907	-99.8271
TX	Cuero	29.1027	-97.2871
TX	Cuevitas	26.2566	-98.5776
TX	Cumby	33.1351	-95.8385
TX	Cumings	29.5853	-95.7954
TX	Cuney	32.0374	-95.4147
TX	Cushing	31.8119	-94.8417
TX	Cut and Shoot	30.3355	-95.3451
TX	CÃ©sar ChÃ¡vez	26.3118	-98.1116
TX	D'Hanis	29.329	-99.2687
TX	DISH	33.1287	-97.3079
TX	Daingerfield	33.0305	-94.7259
TX	Daisetta	30.1147	-94.6416
TX	Dalhart	36.0574	-102.5122
TX	Dallas	32.7933	-96.7665
TX	Dalworthington Gardens	32.6863	-97.1551
TX	Damon	29.2832	-95.7408
TX	Danbury	29.2274	-95.3462
TX	Darrouzett	36.4453	-100.3229
TX	Dawson	31.8946	-96.7147
TX	Dayton	30.0132	-94.936
TX	Dayton Lakes	30.1436	-94.8158
TX	De Kalb	33.5074	-94.6165
TX	De Leon	32.1114	-98.5352
TX	DeCordova	32.4291	-97.6931
TX	DeSoto	32.5993	-96.8629
TX	Dean	33.9162	-98.4014
TX	Deanville	30.4284	-96.7576
TX	Decatur	33.2259	-97.587
TX	Deer Park	29.6873	-95.1159
TX	Deerwood	30.3153	-95.3014
TX	Del Mar Heights	26.0566	-97.4236
TX	Del Rio	29.373	-100.8819
TX	Del Sol	28.0132	-97.5202
TX	Dell City	31.9349	-105.1998
TX	Delmita	26.6852	-98.4231
TX	Denison	33.7669	-96.5807
TX	Dennis	32.6079	-97.9376
TX	Denton	33.2174	-97.1413
TX	Denver City	32.9679	-102.8322
TX	Deport	33.5291	-95.3174
TX	Detroit	33.6602	-95.2664
TX	Devers	30.0287	-94.586
TX	Devine	29.1458	-98.905
TX	Deweyville	30.2998	-93.773
TX	Diboll	31.1883	-94.7829
TX	Dickens	33.6213	-100.8368
TX	Dickinson	29.4517	-95.0562
TX	Dilley	28.6675	-99.1765
TX	Dime Box	30.355	-96.8231
TX	Dimmitt	34.5479	-102.3068
TX	Dodd City	33.5757	-96.0755
TX	Dodson	34.7654	-100.0204
TX	Doffing	26.2788	-98.3856
TX	Domino	33.264	-94.111
TX	Donna	26.161	-98.0389
TX	Doolittle	26.3598	-98.1168
TX	Dorchester	33.5313	-96.6891
TX	Double Horn	30.4983	-98.2185
TX	Double Oak	33.0625	-97.1074
TX	Douglassville	33.1916	-94.3519
TX	Driftwood	30.1331	-98.0373
TX	Dripping Springs	30.1959	-98.0937
TX	Driscoll	27.673	-97.751
TX	Dublin	32.0878	-98.3389
TX	Dumas	35.862	-101.965
TX	Duncanville	32.6459	-96.9139
TX	E. Lopez	26.3087	-98.6379
TX	Eagle Lake	29.5873	-96.3286
TX	Eagle Pass	28.7128	-100.4848
TX	Early	31.7422	-98.9366
TX	Earth	34.2338	-102.4092
TX	East Alto Bonito	26.3023	-98.6358
TX	East Bernard	29.5244	-96.063
TX	East Columbia	29.141	-95.6051
TX	East Mountain	32.5858	-94.858
TX	East Tawakoni	32.9076	-95.9331
TX	Eastland	32.4022	-98.8177
TX	Easton	32.3819	-94.5912
TX	Ector	33.5793	-96.2731
TX	Edcouch	26.2937	-97.9631
TX	Eden	31.2162	-99.844
TX	Edgecliff Village	32.6561	-97.3406
TX	Edgewater Estates	28.0969	-97.865
TX	Edgewood	32.6908	-95.8822
TX	Edinburg	26.3211	-98.1628
TX	Edmonson	34.2791	-101.8967
TX	Edna	28.9751	-96.6485
TX	Edom	32.3741	-95.6093
TX	Edroy	27.9609	-97.6754
TX	Eidson Road	28.6717	-100.4827
TX	El Brazil	26.4687	-98.7268
TX	El Camino Angosto	26.1115	-97.6438
TX	El Campo	29.2007	-96.2723
TX	El Castillo	26.3349	-98.6387
TX	El Cenizo	27.3317	-99.5013
TX	El Chaparral	26.3488	-98.7673
TX	El Indio	28.5089	-100.3072
TX	El Lago	29.5715	-95.0452
TX	El Mesquite	26.3847	-98.7716
TX	El Paso	31.8478	-106.4311
TX	El Quiote	26.3845	-98.9084
TX	El Rancho Vela	26.4038	-98.769
TX	El Refugio	26.3406	-98.7589
TX	El Socio	26.3405	-98.6371
TX	Elbert	33.2748	-99.0021
TX	Eldorado	30.8617	-100.5979
TX	Electra	34.0323	-98.9202
TX	Elgin	30.3539	-97.3901
TX	Elias-Fela Solis	26.3854	-98.622
TX	Elkhart	31.6314	-95.5804
TX	Ellinger	29.8375	-96.705
TX	Elm Creek	28.7774	-100.4934
TX	Elmendorf	29.2533	-98.323
TX	Elmo	32.7397	-96.1527
TX	Elsa	26.2978	-97.9936
TX	Emerald Bay	32.1613	-95.4386
TX	Emhouse	32.1613	-96.577
TX	Emory	32.877	-95.7663
TX	Encantada-Ranchito-El Calaboz	26.0347	-97.6364
TX	Enchanted Oaks	32.2666	-96.109
TX	Encinal	28.0405	-99.3545
TX	Encino	26.9363	-98.1153
TX	Ennis	32.3251	-96.6338
TX	Escobares	26.4126	-98.96
TX	Estelline	34.547	-100.4399
TX	Eugenio Saenz	26.3583	-98.6331
TX	Euless	32.8494	-97.0786
TX	Eureka	32.0068	-96.2706
TX	Eustace	32.3075	-96.0138
TX	Evadale	30.3266	-94.052
TX	Evant	31.4762	-98.1502
TX	Evergreen	26.4249	-99.0242
TX	Everman	32.6288	-97.2842
TX	Fabens	31.514	-106.1453
TX	Fabrica	28.742	-100.4926
TX	Fair Oaks Ranch	29.7461	-98.6381
TX	Fairchilds	29.4366	-95.777
TX	Fairfield	31.7174	-96.1705
TX	Fairview	33.1405	-96.613
TX	Falcon Heights	26.5604	-99.1225
TX	Falcon Lake Estates	26.8719	-99.2574
TX	Falcon Mesa	26.8706	-99.2917
TX	Falcon Village	26.5651	-99.1342
TX	Falconaire	26.5511	-99.1169
TX	Falfurrias	27.2244	-98.1452
TX	Falls City	28.9817	-98.0216
TX	Falman	27.928	-97.1713
TX	Fannett	29.9263	-94.2433
TX	Farmers Branch	32.9278	-96.8785
TX	Farmersville	33.1616	-96.3607
TX	Farnsworth	36.3111	-100.9683
TX	Farwell	34.3856	-103.0373
TX	Fate	32.9427	-96.3873
TX	Fayetteville	29.9063	-96.6759
TX	Fernando Salinas	26.3979	-98.8311
TX	Ferris	32.5367	-96.6755
TX	Fifth Street	29.598	-95.5513
TX	Flat	31.3093	-97.6241
TX	Flatonia	29.6897	-97.1052
TX	Flor del Rio	26.4013	-98.9015
TX	Florence	30.8413	-97.7918
TX	Floresville	29.1467	-98.1652
TX	Flowella	27.22	-98.0645
TX	Flower Mound	33.0379	-97.1134
TX	Floydada	33.9835	-101.3368
TX	Fluvanna	32.8832	-101.1415
TX	Follett	36.434	-100.1408
TX	Forest Heights	30.235	-93.761
TX	Forest Hill	32.6619	-97.2662
TX	Forney	32.7426	-96.4529
TX	Forsan	32.1103	-101.3668
TX	Fort Bliss	31.8397	-106.3747
TX	Fort Clark Springs	29.2938	-100.4255
TX	Fort Davis	30.5789	-103.8947
TX	Fort Hancock	31.2893	-105.8451
TX	Fort Hood	31.1369	-97.7849
TX	Fort Stockton	30.8926	-102.8842
TX	Fort Worth	32.782	-97.3486
TX	Four Corners	29.6703	-95.66
TX	Four Points	27.7964	-99.4548
TX	Fowlerton	28.4528	-98.8096
TX	Franklin	31.025	-96.4875
TX	Frankston	32.0573	-95.5045
TX	Fredericksburg	30.2657	-98.8757
TX	Freeport	28.9433	-95.3561
TX	Freer	27.8822	-98.6174
TX	Fresno	29.5375	-95.4687
TX	Friendswood	29.5077	-95.2006
TX	Friona	34.6394	-102.7231
TX	Frisco	33.1554	-96.8226
TX	Fritch	35.6431	-101.5964
TX	Fronton	26.4255	-99.0761
TX	Fronton Ranchettes	26.4253	-99.0269
TX	Frost	32.0793	-96.8086
TX	Fruitvale	32.6842	-95.8037
TX	Fulshear	29.6924	-95.8866
TX	Fulton	28.0724	-97.0389
TX	Gail	32.7673	-101.4558
TX	Gainesville	33.6386	-97.1484
TX	Galena Park	29.7452	-95.2346
TX	Gallatin	31.8969	-95.1521
TX	Galveston	29.1863	-94.9658
TX	Ganado	29.0417	-96.511
TX	Garceno	26.4123	-98.9405
TX	Garciasville	26.3198	-98.6996
TX	Garden City	31.8728	-101.4884
TX	Garden Ridge	29.6365	-98.2925
TX	Gardendale	32.0135	-102.3596
TX	Garfield	30.2033	-97.5614
TX	Garland	32.9098	-96.6303
TX	Garner	32.827	-97.9848
TX	Garrett	32.3742	-96.6526
TX	Garrison	31.826	-94.4938
TX	Garwood	29.4415	-96.4134
TX	Gary City	32.0277	-94.3679
TX	Garza-Salinas II	26.3518	-98.7595
TX	Gatesville	31.4387	-97.746
TX	Gause	30.7874	-96.7223
TX	George West	28.33	-98.1183
TX	Georgetown	30.6681	-97.6987
TX	Geronimo	29.6728	-97.9686
TX	Gholson	31.7056	-97.238
TX	Giddings	30.1837	-96.928
TX	Gilmer	32.7323	-94.9458
TX	Girard	33.3635	-100.6597
TX	Gladewater	32.5425	-94.9471
TX	Glazier	36.0137	-100.2702
TX	Glen Rose	32.2468	-97.7481
TX	Glenn Heights	32.5513	-96.8544
TX	Glidden	29.6973	-96.5875
TX	Godley	32.4589	-97.5329
TX	Goldsmith	31.9833	-102.6164
TX	Goldthwaite	31.4508	-98.5735
TX	Goliad	28.6711	-97.3926
TX	Golinda	31.3679	-97.0711
TX	Gonzales	29.5125	-97.4472
TX	Goodlow	32.1084	-96.2156
TX	Goodrich	30.6093	-94.9466
TX	Gordon	32.5455	-98.3672
TX	Goree	33.468	-99.5236
TX	Gorman	32.2135	-98.6721
TX	Graford	32.9374	-98.2475
TX	Graham	33.1009	-98.5778
TX	Granbury	32.4328	-97.7751
TX	Grand Prairie	32.6861	-97.0208
TX	Grand Saline	32.6781	-95.7116
TX	Grandfalls	31.3405	-102.8545
TX	Grandview	32.2684	-97.1789
TX	Granger	30.7183	-97.4411
TX	Grangerland	30.2539	-95.3301
TX	Granite Shoals	30.5888	-98.3673
TX	Granjeno	26.1371	-98.3034
TX	Grape Creek	31.5817	-100.5474
TX	Grapeland	31.494	-95.4775
TX	Grapevine	32.935	-97.0759
TX	Grays Prairie	32.4734	-96.3502
TX	Green Valley Farms	26.1207	-97.5648
TX	Greenville	33.1119	-96.1103
TX	Gregory	27.9232	-97.2909
TX	Grey Forest	29.6157	-98.6833
TX	Groesbeck	31.5256	-96.5281
TX	Groom	35.2077	-101.1055
TX	Groves	29.946	-93.9167
TX	Groveton	31.057	-95.1264
TX	Gruver	36.2605	-101.4071
TX	Guadalupe Guerra	26.4108	-99.0819
TX	Guerra	26.8826	-98.8949
TX	Gun Barrel City	32.3282	-96.1318
TX	Gunter	33.4163	-96.8208
TX	Gustine	31.8457	-98.4025
TX	Guthrie	33.6226	-100.3284
TX	Gutierrez	26.3405	-98.6329
TX	H. Cuellar Estates	26.5611	-99.1258
TX	Hackberry	33.1497	-96.9183
TX	Hale Center	34.0661	-101.8463
TX	Hallettsville	29.4431	-96.9435
TX	Hallsburg	31.5363	-96.9457
TX	Hallsville	32.4992	-94.5678
TX	Haltom City	32.8177	-97.2712
TX	Hamilton	31.7004	-98.1197
TX	Hamlin	32.89	-100.1325
TX	Hamshire	29.8548	-94.3207
TX	Happy	34.7416	-101.8571
TX	Hardin	30.1492	-94.7377
TX	Harding Gill Tract	26.4284	-98.0154
TX	Hargill	26.4423	-98.0146
TX	Harker Heights	31.0567	-97.6442
TX	Harlingen	26.1912	-97.6974
TX	Harper	30.2661	-99.2726
TX	Harrold	34.0676	-99.0331
TX	Hart	34.3858	-102.115
TX	Hartley	35.8982	-102.3966
TX	Harwood	29.6666	-97.5013
TX	Haskell	33.1598	-99.732
TX	Haslet	32.9665	-97.3378
TX	Havana	26.2522	-98.511
TX	Hawk Cove	32.884	-96.0833
TX	Hawkins	32.5914	-95.2033
TX	Hawley	32.6067	-99.8102
TX	Hays	30.1215	-97.8724
TX	Hearne	30.8771	-96.5952
TX	Heartland	32.6722	-96.4558
TX	Heath	32.8535	-96.4636
TX	Hebbronville	27.325	-98.6857
TX	Hebron	33.0462	-96.8871
TX	Hedley	34.8674	-100.659
TX	Hedwig Village	29.7799	-95.5193
TX	Heidelberg	26.1828	-97.8859
TX	Helotes	29.578	-98.6805
TX	Hemphill	31.3433	-93.8519
TX	Hempstead	30.1006	-96.0777
TX	Henderson	32.1573	-94.7959
TX	Henrietta	33.8143	-98.1928
TX	Hereford	34.8226	-102.4002
TX	Hermleigh	32.6408	-100.7505
TX	Hewitt	31.4512	-97.1933
TX	Hickory Creek	33.1109	-97.0347
TX	Hico	31.9851	-98.0284
TX	Hidalgo	26.1089	-98.2462
TX	Hideaway	32.4947	-95.4565
TX	Higgins	36.121	-100.0274
TX	Highland Haven	30.6071	-98.3952
TX	Highland Park	32.8311	-96.8012
TX	Highland Village	33.0897	-97.0615
TX	Highlands	29.8129	-95.0578
TX	Hill Country Village	29.582	-98.4857
TX	Hillcrest Village	29.3921	-95.2226
TX	Hillsboro	32.009	-97.1145
TX	Hillside Acres	27.6762	-99.1777
TX	Hilltop	28.6938	-99.1761
TX	Hilltop Lakes	31.0636	-96.1905
TX	Hilshire Village	29.7909	-95.4885
TX	Hitchcock	29.2826	-95.0076
TX	Holiday Beach	28.1671	-97.008
TX	Holiday Lakes	29.2072	-95.5153
TX	Holland	30.8883	-97.4014
TX	Holliday	33.8144	-98.6896
TX	Holly Lake Ranch	32.7132	-95.1994
TX	Hollywood Park	29.5992	-98.4855
TX	Homestead Meadows North	31.8483	-106.1707
TX	Homestead Meadows South	31.811	-106.1643
TX	Hondo	29.3542	-99.1618
TX	Honey Grove	33.5881	-95.9086
TX	Hooks	33.4707	-94.2865
TX	Horizon City	31.6796	-106.1911
TX	Hornsby Bend	30.2399	-97.5902
TX	Horseshoe Bay	30.5408	-98.3806
TX	Horseshoe Bend	32.579	-97.8852
TX	Houston	29.7857	-95.3888
TX	Howardwick	35.0348	-100.9078
TX	Howe	33.5075	-96.6155
TX	Hubbard	31.8468	-96.8
TX	Huckabay	32.3489	-98.2918
TX	Hudson	31.3192	-94.7847
TX	Hudson Bend	30.4147	-97.9273
TX	Hudson Oaks	32.7509	-97.7002
TX	Hughes Springs	32.9987	-94.6311
TX	Hull	30.1472	-94.6426
TX	Humble	29.9882	-95.2644
TX	Hungerford	29.4067	-96.0905
TX	Hunters Creek Village	29.7727	-95.4981
TX	Huntington	31.2803	-94.5766
TX	Huntsville	30.7005	-95.5549
TX	Hurst	32.8366	-97.1806
TX	Hutchins	32.6434	-96.7098
TX	Hutto	30.5416	-97.5442
TX	Huxley	31.7309	-93.8733
TX	Iago	29.2712	-95.9618
TX	Idalou	33.6624	-101.6837
TX	Iglesia Antigua	26.085	-97.832
TX	Impact	32.5002	-99.7465
TX	Imperial	31.2668	-102.6947
TX	Indian Hills	26.2111	-97.9191
TX	Indian Lake	26.0877	-97.5031
TX	Indian Springs	30.6876	-94.7462
TX	Indio	26.5489	-99.0959
TX	Industry	29.9674	-96.4971
TX	Inez	28.8763	-96.7909
TX	Ingleside	27.8706	-97.2079
TX	Ingleside on the Bay	27.8298	-97.2213
TX	Ingram	30.0771	-99.2375
TX	Iola	30.7726	-96.0776
TX	Iowa Colony	29.4411	-95.4238
TX	Iowa Park	33.9628	-98.6809
TX	Iraan	30.9129	-101.9001
TX	Iredell	31.986	-97.8717
TX	Irving	32.8577	-96.97
TX	Italy	32.1865	-96.8858
TX	Itasca	32.1587	-97.1479
TX	Ivanhoe	30.6796	-94.414
TX	J.F. Villareal	26.4199	-98.9788
TX	Jacinto City	29.7664	-95.2412
TX	Jacksboro	33.2258	-98.1592
TX	Jacksonville	31.9595	-95.2657
TX	Jamaica Beach	29.1904	-94.9793
TX	Jardin de San Julian	26.5254	-99.0999
TX	Jarrell	30.8103	-97.6151
TX	Jasper	30.9227	-93.9933
TX	Jayton	33.2502	-100.5749
TX	Jefferson	32.7635	-94.3508
TX	Jersey Village	29.8929	-95.5772
TX	Jewett	31.3626	-96.1455
TX	Joaquin	31.9656	-94.0484
TX	Johnson City	30.2721	-98.4071
TX	Jolly	33.8753	-98.3492
TX	Jones Creek	28.975	-95.4685
TX	Jonestown	30.4817	-97.932
TX	Josephine	33.0631	-96.3166
TX	Joshua	32.4591	-97.3838
TX	Jourdanton	28.914	-98.5408
TX	Juarez	26.2009	-97.7296
TX	Junction	30.4908	-99.7732
TX	Justin	33.0818	-97.3142
TX	K-Bar Ranch	27.9928	-97.9267
TX	Karnes City	28.8854	-97.9005
TX	Katy	29.7909	-95.8407
TX	Kaufman	32.5836	-96.3167
TX	Keene	32.3961	-97.3235
TX	Keller	32.9329	-97.2245
TX	Kemah	29.5286	-95.02
TX	Kemp	32.4336	-96.2231
TX	Kempner	31.0755	-97.9727
TX	Kendleton	29.4438	-96.0066
TX	Kenedy	28.8088	-97.8537
TX	Kenefick	30.1029	-94.8416
TX	Kennard	31.3575	-95.1854
TX	Kennedale	32.644	-97.2172
TX	Kerens	32.1312	-96.2257
TX	Kermit	31.8539	-103.0924
TX	Kerrville	30.0377	-99.1324
TX	Kilgore	32.3967	-94.86
TX	Killeen	31.0777	-97.732
TX	Kingsbury	29.65	-97.8186
TX	Kingsland	30.6661	-98.454
TX	Kingsville	27.5092	-97.861
TX	Kirby	29.4617	-98.3853
TX	Kirbyville	30.6582	-93.9001
TX	Kirvin	31.7671	-96.33
TX	Knippa	29.3038	-99.6308
TX	Knollwood	33.6893	-96.6185
TX	Knox City	33.4176	-99.8157
TX	Kopperl	32.0699	-97.499
TX	Kosse	31.3074	-96.6295
TX	Kountze	30.3725	-94.3157
TX	Kress	34.3658	-101.7484
TX	Krugerville	33.2775	-96.9898
TX	Krum	33.265	-97.2249
TX	Kurten	30.79	-96.2761
TX	Kyle	29.9941	-97.8833
TX	La Blanca	26.3048	-98.0286
TX	La Carla	26.4354	-98.7406
TX	La Casita	26.3371	-98.734
TX	La Chuparosa	26.4037	-98.9268
TX	La Coma	27.4991	-99.3035
TX	La Coma Heights	26.4393	-98.0747
TX	La Escondida	26.3806	-98.8737
TX	La Esperanza	26.4313	-98.8923
TX	La Feria	26.1538	-97.825
TX	La Feria North	26.1789	-97.8222
TX	La Grange	29.9126	-96.8763
TX	La Grulla	26.2713	-98.6486
TX	La Homa	26.2796	-98.3575
TX	La Joya	26.2579	-98.4764
TX	La Loma de Falcon	26.5368	-99.096
TX	La Marque	29.3698	-94.9942
TX	La Minita	26.5023	-99.0735
TX	La Moca Ranch	27.9032	-99.5105
TX	La Paloma	26.052	-97.6553
TX	La Paloma Addition	28.017	-97.5009
TX	La Paloma Ranchettes	26.3148	-98.623
TX	La Paloma-Lost Creek	27.7195	-97.7392
TX	La Porte	29.6674	-95.0491
TX	La Presa	27.3995	-99.4325
TX	La Pryor	28.9491	-99.8479
TX	La Puerta	26.3468	-98.7506
TX	La Rosita	26.4017	-98.9321
TX	La Tina Ranch	26.2007	-97.481
TX	La Vernia	29.3531	-98.1258
TX	La Victoria	26.3478	-98.6295
TX	La Villa	26.2963	-97.9269
TX	La Ward	28.8464	-96.4649
TX	LaCoste	29.31	-98.8111
TX	Lackland AFB	29.3866	-98.6179
TX	Lacy-Lakeview	31.6312	-97.1051
TX	Ladonia	33.4284	-95.9482
TX	Lago	26.0876	-97.6127
TX	Lago Vista	30.4526	-97.991
TX	Laguna Heights	26.0808	-97.2593
TX	Laguna Park	31.8643	-97.3834
TX	Laguna Seca	26.2793	-97.9262
TX	Laguna Vista	26.1059	-97.2963
TX	Lake Bridgeport	33.2073	-97.831
TX	Lake Brownwood	31.8169	-99.1059
TX	Lake Bryan	30.7143	-96.4693
TX	Lake Cherokee	32.3602	-94.6501
TX	Lake City	28.0831	-97.8826
TX	Lake Colorado City	32.3465	-100.9375
TX	Lake Dallas	33.1278	-97.0228
TX	Lake Dunlap	29.6653	-98.0816
TX	Lake Jackson	29.0509	-95.4512
TX	Lake Kiowa	33.5707	-97.0131
TX	Lake Medina Shores	29.638	-98.9915
TX	Lake Meredith Estates	35.6639	-101.6027
TX	Lake Tanglewood	35.056	-101.7819
TX	Lake View	29.4591	-100.9534
TX	Lake Worth	32.813	-97.4305
TX	Lakehills	29.6271	-98.9426
TX	Lakeport	32.4051	-94.7102
TX	Lakeshore Gardens-Hidden Acres	28.127	-97.8698
TX	Lakeside	32.8208	-97.4794
TX	Lakeside City	33.8292	-98.5403
TX	Lakeview	34.6728	-100.6972
TX	Lakeway	30.355	-97.9863
TX	Lakewood Village	33.1361	-96.9765
TX	Lamar	28.1403	-96.9878
TX	Lamesa	32.7333	-101.9538
TX	Lamkin	31.8242	-98.262
TX	Lampasas	31.064	-98.1828
TX	Lancaster	32.5962	-96.7738
TX	Lantana	33.0934	-97.119
TX	Laredo	27.5604	-99.4892
TX	Laredo Ranchettes	27.4914	-99.3598
TX	Laredo Ranchettes West	27.49	-99.3701
TX	Las Haciendas	27.6315	-99.1987
TX	Las Lomas	26.3638	-98.7746
TX	Las Lomitas	27.3378	-98.6629
TX	Las Palmas	26.9516	-99.276
TX	Las Palmas II	26.2017	-97.7376
TX	Las Pilas	27.6815	-99.1832
TX	Las Quintas Fronterizas	28.6902	-100.4683
TX	Lasana	26.2596	-97.6934
TX	Lasara	26.4638	-97.9087
TX	Latexo	31.3914	-95.4752
TX	Laughlin AFB	29.3585	-100.7769
TX	Laureles	26.1197	-97.4892
TX	Lavon	33.0234	-96.437
TX	Lawn	32.1366	-99.7501
TX	League City	29.4901	-95.1091
TX	Leakey	29.7254	-99.7631
TX	Leander	30.5743	-97.8617
TX	Leary	33.467	-94.2113
TX	Lefors	35.4396	-100.8039
TX	Lelia Lake	34.902	-100.7662
TX	Leming	29.0683	-98.4722
TX	Leon Valley	29.4954	-98.6143
TX	Leona	31.1537	-95.976
TX	Leonard	33.3832	-96.2465
TX	Leroy	31.7324	-97.0217
TX	Levelland	33.5815	-102.3641
TX	Lewisville	33.0507	-96.9746
TX	Lexington	30.4143	-97.0099
TX	Liberty	30.0388	-94.7888
TX	Liberty City	32.4518	-94.943
TX	Liberty Hill	30.6634	-97.9055
TX	Lindale	32.4941	-95.4073
TX	Linden	33.011	-94.3626
TX	Lindsay	33.6423	-97.2197
TX	Lingleville	32.2432	-98.3767
TX	Linn	26.5633	-98.1289
TX	Lipan	32.5187	-98.0471
TX	Lipscomb	36.2215	-100.2621
TX	Little Cypress	30.1781	-93.7553
TX	Little Elm	33.1925	-96.92
TX	Little River-Academy	30.9788	-97.347
TX	Littlefield	33.9192	-102.3348
TX	Live Oak	29.5554	-98.34
TX	Liverpool	29.3018	-95.2745
TX	Livingston	30.71	-94.9379
TX	Llano	30.751	-98.6765
TX	Llano Grande	26.1309	-97.9684
TX	Lockett	34.0826	-99.3738
TX	Lockhart	29.8788	-97.6833
TX	Lockney	34.1231	-101.4425
TX	Log Cabin	32.2235	-96.0224
TX	Lolita	28.8325	-96.5388
TX	Loma Grande	28.7221	-99.8327
TX	Loma Linda	28.007	-97.4994
TX	Loma Linda East	27.7663	-98.1942
TX	Loma Linda West	26.4205	-98.9304
TX	Loma Vista	26.4169	-98.9814
TX	Lometa	31.2166	-98.3924
TX	Lone Oak	32.9961	-95.9407
TX	Lone Star	32.94	-94.7091
TX	Longoria	26.3024	-98.6425
TX	Longview	32.5193	-94.7646
TX	Loop	32.9142	-102.4147
TX	Lopezville	26.2453	-98.1537
TX	LopeÃ±o	26.7118	-99.101
TX	Loraine	32.4087	-100.7125
TX	Lorena	31.3831	-97.2102
TX	Lorenzo	33.6703	-101.5361
TX	Los Altos	27.4905	-99.3858
TX	Los Alvarez	26.3859	-98.899
TX	Los Angeles	26.4948	-97.7863
TX	Los Arcos	27.6144	-99.2105
TX	Los Arrieros	26.5158	-99.0845
TX	Los Barreras	26.3912	-98.9184
TX	Los Centenarios	27.6123	-99.213
TX	Los Corralitos	27.6412	-99.5575
TX	Los Ebanos	26.2397	-98.5522
TX	Los Fresnos	26.0741	-97.488
TX	Los Huisaches	27.907	-99.4758
TX	Los Indios	26.0499	-97.7348
TX	Los Lobos	26.6065	-99.1613
TX	Los Minerales	27.6555	-99.6179
TX	Los Nopalitos	27.6195	-99.2056
TX	Los Veteranos I	27.6334	-99.2186
TX	Los Veteranos II	27.7711	-99.4433
TX	Los Ybanez	32.7192	-101.9175
TX	Lost Creek	30.3022	-97.8498
TX	Lott	31.2063	-97.0336
TX	Louise	29.1131	-96.4124
TX	Lovelady	31.1282	-95.4459
TX	Loving	33.2578	-98.5219
TX	Lowry Crossing	33.1693	-96.545
TX	Lozano	26.1896	-97.5437
TX	Lubbock	33.5619	-101.8889
TX	Lucas	33.101	-96.5812
TX	Lueders	32.8004	-99.6232
TX	Lufkin	31.3229	-94.729
TX	Luling	29.6817	-97.6467
TX	Lumberton	30.255	-94.208
TX	Lyford	26.4146	-97.7893
TX	Lyons	30.4088	-96.5392
TX	Lytle	29.2346	-98.7937
TX	Mabank	32.3719	-96.1095
TX	Macdona	29.3208	-98.6997
TX	Madisonville	30.954	-95.9093
TX	Magnolia	30.213	-95.7426
TX	Magnolia Beach	28.5605	-96.5496
TX	Malakoff	32.1733	-96.021
TX	Malone	31.9173	-96.8947
TX	Manchaca	30.1352	-97.8364
TX	Manor	30.3542	-97.5583
TX	Mansfield	32.5692	-97.1205
TX	Manuel Garcia	26.3337	-98.7016
TX	Manuel Garcia II	26.3126	-98.6913
TX	Manvel	29.4854	-95.3623
TX	Marathon	30.2209	-103.2366
TX	Marble Falls	30.5602	-98.2773
TX	Marfa	30.3107	-104.0255
TX	Marietta	33.1735	-94.5425
TX	Marion	29.5726	-98.1429
TX	Markham	28.9625	-96.064
TX	Marlin	31.308	-96.8932
TX	Marquez	31.2361	-96.2574
TX	Marshall	32.5392	-94.3532
TX	Mart	31.5415	-96.8306
TX	Martindale	29.845	-97.8383
TX	Martinez	26.4222	-98.7529
TX	Mason	30.7477	-99.2286
TX	Matador	34.0151	-100.8211
TX	Matagorda	28.6965	-95.9666
TX	Mathis	28.0909	-97.817
TX	Maud	33.3299	-94.3461
TX	Mauriceville	30.231	-93.8715
TX	May	31.9798	-98.9247
TX	Maypearl	32.3112	-97.0067
TX	McAllen	26.225	-98.2461
TX	McCamey	31.1325	-102.22
TX	McCaulley	32.7793	-100.2067
TX	McDade	30.2789	-97.2524
TX	McGregor	31.4197	-97.4263
TX	McKinney	33.2011	-96.6642
TX	McKinney Acres	32.2963	-102.5298
TX	McLean	35.2323	-100.6001
TX	McLendon-Chisholm	32.8471	-96.3912
TX	McLeod	32.9455	-94.0777
TX	McQueeney	29.6005	-98.0476
TX	Meadow	33.3377	-102.2059
TX	Meadowlakes	30.5642	-98.2951
TX	Meadows Place	29.6509	-95.5869
TX	Medina	26.9351	-99.2644
TX	Megargel	33.4534	-98.9294
TX	Melissa	33.2885	-96.5576
TX	Melvin	31.1992	-99.5813
TX	Memphis	34.7267	-100.5417
TX	Menard	30.9184	-99.7837
TX	Mentone	31.7074	-103.5989
TX	Mercedes	26.1538	-97.9129
TX	Meridian	31.9266	-97.6491
TX	Merkel	32.4697	-100.0111
TX	Mertens	32.059	-96.8942
TX	Mertzon	31.262	-100.8208
TX	Mesquite	32.7595	-96.5842
TX	Mexia	31.6807	-96.4832
TX	Mi Ranchito Estate	26.3878	-98.8733
TX	Miami	35.6923	-100.6416
TX	Midfield	28.9403	-96.2134
TX	Midland	32.0246	-102.1135
TX	Midlothian	32.4694	-96.9907
TX	Midway	31.0251	-95.7565
TX	Midway North	26.1872	-98.0189
TX	Midway South	26.1568	-98.0214
TX	Miguel Barrera	26.412	-98.9216
TX	Mikes	26.3147	-98.6336
TX	Mila Doce	26.2224	-97.9599
TX	Milam	31.449	-93.786
TX	Milano	30.7053	-96.8527
TX	Mildred	32.0463	-96.3249
TX	Miles	31.6006	-100.1853
TX	Milford	32.1215	-96.95
TX	Miller's Cove	33.1553	-95.1152
TX	Millsap	32.7499	-98.0115
TX	Mineola	32.6529	-95.4803
TX	Mineral Wells	32.8235	-98.0788
TX	Mingus	32.5363	-98.4249
TX	Mirando City	27.4401	-99.0006
TX	Mission	26.2041	-98.3252
TX	Mission Bend	29.6937	-95.6663
TX	Missouri City	29.5629	-95.536
TX	Mobeetie	35.5337	-100.4413
TX	Mobile City	32.9228	-96.4111
TX	Monahans	31.6557	-103.0837
TX	Mont Belvieu	29.8519	-94.8683
TX	Montague	33.6653	-97.721
TX	Monte Alto	26.3744	-97.9727
TX	Montgomery	30.3931	-95.6941
TX	Moody	31.3066	-97.359
TX	Moore	29.0579	-99.0058
TX	Moore Station	32.1906	-95.5704
TX	Moraida	26.4148	-98.9767
TX	Morales-Sanchez	26.7876	-99.1147
TX	Moran	32.5472	-99.1665
TX	Morgan	32.0159	-97.6061
TX	Morgan Farm	28.0055	-97.5535
TX	Morgan's Point	29.6744	-95.0
TX	Morgan's Point Resort	31.1546	-97.4592
TX	Morning Glory	31.5648	-106.2089
TX	Morse	36.066	-101.4769
TX	Morton	33.7248	-102.7592
TX	Mosheim	31.6326	-97.5997
TX	Moulton	29.5722	-97.1466
TX	Mound	31.3505	-97.6431
TX	Mount Calm	31.7563	-96.8817
TX	Mount Enterprise	31.9116	-94.6828
TX	Mount Pleasant	33.1579	-94.9732
TX	Mount Vernon	33.1774	-95.2244
TX	Mountain City	30.0392	-97.8915
TX	Muenster	33.653	-97.3757
TX	Muleshoe	34.2292	-102.7284
TX	Mullin	31.5552	-98.6657
TX	Munday	33.4471	-99.6239
TX	Muniz	26.2578	-98.0897
TX	Murchison	32.2752	-95.7561
TX	Murillo	26.2642	-98.1233
TX	Murphy	33.0164	-96.6082
TX	Mustang	32.0124	-96.4317
TX	Mustang Ridge	30.0511	-97.7016
TX	Myra	33.624	-97.3147
TX	Myrtle Springs	32.6241	-95.9364
TX	Nacogdoches	31.6124	-94.652
TX	Nada	29.4155	-96.3786
TX	Naples	33.2019	-94.679
TX	Narciso Pena	26.3019	-98.6407
TX	Nash	33.4472	-94.1345
TX	Nassau Bay	29.5448	-95.0874
TX	Natalia	29.1855	-98.8521
TX	Navarro	32.0008	-96.3825
TX	Navasota	30.3864	-96.0907
TX	Nazareth	34.5419	-102.1023
TX	Neches	31.8694	-95.4848
TX	Nederland	29.9693	-94.0017
TX	Needville	29.395	-95.8382
TX	Nesbitt	32.5894	-94.4465
TX	Netos	26.4108	-98.7585
TX	Nevada	33.0353	-96.3706
TX	New Berlin	29.489	-98.1094
TX	New Boston	33.4611	-94.4191
TX	New Braunfels	29.6993	-98.1151
TX	New Chapel Hill	32.2992	-95.1686
TX	New Deal	33.7323	-101.8445
TX	New Fairview	33.1091	-97.4346
TX	New Falcon	26.6383	-99.0947
TX	New Home	33.3269	-101.9117
TX	New Hope	33.2119	-96.5587
TX	New London	32.2694	-94.9298
TX	New Summerfield	31.9807	-95.115
TX	New Ulm	29.883	-96.496
TX	New Waverly	30.5398	-95.4821
TX	Newark	33.0135	-97.4884
TX	Newcastle	33.1962	-98.7435
TX	Newton	30.8508	-93.7541
TX	Neylandville	33.1955	-96.0164
TX	Niederwald	29.9942	-97.7757
TX	Nina	26.2811	-98.581
TX	Nixon	29.2697	-97.7659
TX	Nocona	33.7836	-97.7302
TX	Nocona Hills	33.8486	-97.6349
TX	Nolanville	31.0725	-97.6051
TX	Nome	30.0323	-94.4205
TX	Noonday	32.2423	-95.3956
TX	Nordheim	28.9238	-97.6141
TX	Normandy	28.9099	-100.598
TX	Normangee	31.0302	-96.1157
TX	Normanna	28.5277	-97.783
TX	North Alamo	26.2161	-98.1266
TX	North Cleveland	30.3625	-95.1011
TX	North Escobares	26.4325	-98.9719
TX	North Pearsall	28.9216	-99.0949
TX	North Richland Hills	32.8606	-97.2191
TX	North San Pedro	27.8027	-97.682
TX	Northlake	33.0738	-97.2562
TX	Novice	31.9872	-99.6253
TX	O'Brien	33.3802	-99.8438
TX	O'Donnell	32.9652	-101.8308
TX	Oak Grove	32.5332	-96.3186
TX	Oak Island	29.6629	-94.6881
TX	Oak Leaf	32.5225	-96.8493
TX	Oak Point	33.1705	-96.9875
TX	Oak Ridge	32.626	-96.2684
TX	Oak Ridge North	30.157	-95.4421
TX	Oak Trail Shores	32.4896	-97.8338
TX	Oak Valley	32.0291	-96.5174
TX	Oakhurst	30.74	-95.3114
TX	Oakwood	31.5848	-95.8499
TX	Odem	27.9462	-97.5875
TX	Odessa	31.8805	-102.3453
TX	Oglesby	31.4186	-97.5113
TX	Oilton	27.4693	-98.9672
TX	Oklaunion	34.1294	-99.1442
TX	Old River-Winfree	29.8744	-94.8267
TX	Olivarez	26.2285	-97.9931
TX	Olivia Lopez de Gutierrez	26.3276	-98.7167
TX	Olmito	26.0276	-97.5401
TX	Olmito and Olmito	26.34	-98.642
TX	Olmos Park	29.4749	-98.4866
TX	Olney	33.3641	-98.7585
TX	Olton	34.1802	-102.137
TX	Omaha	33.1827	-94.7385
TX	Onalaska	30.8238	-95.1107
TX	Opdyke West	33.5927	-102.3006
TX	Orange	30.1235	-93.7545
TX	Orange Grove	27.9562	-97.9386
TX	Orason	26.0743	-97.4458
TX	Orchard	29.6029	-95.9688
TX	Ore City	32.8009	-94.7187
TX	Overton	32.2756	-94.9725
TX	Ovilla	32.5413	-96.8835
TX	Owl Ranch	27.8927	-98.0934
TX	Oyster Creek	28.9981	-95.3293
TX	Ozona	30.7074	-101.2061
TX	Pablo Pena	26.3037	-98.6405
TX	Paducah	34.014	-100.3037
TX	Paige	30.2129	-97.1258
TX	Paint Rock	31.5101	-99.9253
TX	Paisano Park	28.0951	-97.8592
TX	Palacios	28.7131	-96.2279
TX	Palestine	31.7545	-95.647
TX	Palisades	35.0589	-101.8005
TX	Palm Valley	26.2044	-97.7543
TX	Palmer	32.4251	-96.6671
TX	Palmhurst	26.2583	-98.2953
TX	Palmview	26.2319	-98.3816
TX	Palmview South	26.2083	-98.3779
TX	Palo Blanco	26.3876	-98.9024
TX	Palo Pinto	32.7736	-98.302
TX	Paloma Creek	33.2253	-96.937
TX	Paloma Creek South	33.21	-96.9327
TX	Pampa	35.5479	-100.965
TX	Panhandle	35.3463	-101.3805
TX	Panorama Village	30.3826	-95.4934
TX	Pantego	32.7149	-97.1539
TX	Paradise	33.1498	-97.6886
TX	Paris	33.6689	-95.5466
TX	Parker	33.0631	-96.6252
TX	Pasadena	29.655	-95.1511
TX	Pattison	29.8184	-95.9764
TX	Patton Village	30.1964	-95.1651
TX	Pawnee	28.6483	-98.0083
TX	Payne Springs	32.2803	-96.0744
TX	Pearland	29.5557	-95.323
TX	Pearsall	28.8929	-99.0972
TX	Peaster	32.8533	-97.8722
TX	Pecan Acres	32.9679	-97.479
TX	Pecan Gap	33.439	-95.8531
TX	Pecan Grove	29.6236	-95.7319
TX	Pecan Hill	32.4907	-96.7813
TX	Pecan Plantation	32.3637	-97.6537
TX	Pelican Bay	32.9228	-97.5189
TX	Pena	26.4155	-98.97
TX	Pendleton	31.1956	-97.3242
TX	Penelope	31.8545	-96.9282
TX	Penitas	26.2583	-98.4386
TX	Perezville	26.2456	-98.4024
TX	Perrin	33.0346	-98.0688
TX	Perryton	36.3929	-100.7977
TX	Petersburg	33.871	-101.5973
TX	Petrolia	34.0131	-98.2318
TX	Petronila	27.6712	-97.6322
TX	Pettus	28.6156	-97.8121
TX	Petty	33.6054	-95.8034
TX	Pflugerville	30.4478	-97.6021
TX	Pharr	26.1678	-98.1902
TX	Pilot Point	33.3983	-96.9555
TX	Pine Forest	30.1751	-94.0353
TX	Pine Harbor	32.7683	-94.4998
TX	Pine Island	30.0538	-96.0284
TX	Pinebrook	30.3126	-95.8765
TX	Pinehurst	30.1886	-95.7035
TX	Pineland	31.247	-93.9739
TX	Pinewood Estates	30.1702	-94.3183
TX	Piney Point Village	29.7565	-95.5154
TX	Pittsburg	32.9992	-94.9668
TX	Placedo	28.6919	-96.8259
TX	Plains	33.1883	-102.8215
TX	Plainview	34.1911	-101.7235
TX	Plano	33.0508	-96.7479
TX	Plantersville	30.3343	-95.8641
TX	Pleak	29.4743	-95.8023
TX	Pleasant Hill	31.0023	-94.7921
TX	Pleasant Valley	33.9376	-98.5981
TX	Pleasanton	28.9642	-98.4957
TX	Plum	29.9323	-96.9812
TX	Plum Grove	30.2008	-95.0956
TX	Poetry	32.8394	-96.2595
TX	Point	32.9371	-95.8634
TX	Point Blank	30.7482	-95.2137
TX	Point Comfort	28.6684	-96.557
TX	Point Venture	30.3841	-97.9982
TX	Ponder	33.1717	-97.2965
TX	Port Aransas	27.8209	-97.0892
TX	Port Arthur	29.9	-93.8944
TX	Port Isabel	26.063	-97.2467
TX	Port Lavaca	28.618	-96.6283
TX	Port Mansfield	26.5694	-97.4424
TX	Port Neches	29.9608	-93.9618
TX	Port O'Connor	28.446	-96.4201
TX	Porter Heights	30.1484	-95.3237
TX	Portland	27.889	-97.3316
TX	Post	33.1909	-101.3815
TX	Post Oak Bend	32.6412	-96.3222
TX	Poteet	29.0373	-98.5728
TX	Poth	29.0721	-98.0806
TX	Potosi	32.3357	-99.6843
TX	Pottsboro	33.7703	-96.6713
TX	Powderly	33.809	-95.499
TX	Powell	32.1099	-96.322
TX	Poynor	32.0793	-95.5924
TX	Prado Verde	31.8898	-106.6135
TX	Praesel	30.6315	-97.0283
TX	Prairie View	30.0829	-95.9771
TX	Premont	27.3585	-98.1244
TX	Presidio	29.5603	-104.3653
TX	Preston	33.8655	-96.6635
TX	Priddy	31.676	-98.5114
TX	Primera	26.2232	-97.7517
TX	Princeton	33.2015	-96.518
TX	Proctor	31.9867	-98.4304
TX	Progreso	26.0961	-97.9566
TX	Progreso Lakes	26.069	-97.9607
TX	Prosper	33.2413	-96.8124
TX	Providence Village	33.2378	-96.9568
TX	Pueblo East	27.6748	-99.1896
TX	Pueblo Nuevo	27.4939	-99.3099
TX	Putnam	32.3703	-99.1955
TX	Pyote	31.5381	-103.1225
TX	Quail	34.9144	-100.3809
TX	Quail Creek	28.7773	-97.0848
TX	Quanah	34.2954	-99.7429
TX	Queen City	33.1502	-94.1532
TX	Quemado	28.9471	-100.6237
TX	Quesada	26.2815	-98.582
TX	Quinlan	32.909	-96.1313
TX	Quintana	28.9151	-95.332
TX	Quitaque	34.3674	-101.0556
TX	Quitman	32.794	-95.4455
TX	Radar Base	28.8557	-100.5355
TX	Rafael Pena	26.3009	-98.6409
TX	Ralls	33.6788	-101.3846
TX	Ramireno	27.0129	-99.3775
TX	Ramirez-Perez	26.3165	-98.6933
TX	Ramos	26.428	-99.027
TX	Ranchette Estates	26.4844	-97.822
TX	Ranchitos East	27.4907	-99.3667
TX	Ranchitos Las Lomas	27.6346	-99.2365
TX	Ranchitos del Norte	26.4004	-98.8715
TX	Rancho Alegre	27.7393	-98.1027
TX	Rancho Banquete	27.8094	-97.8455
TX	Rancho Chico	28.0242	-97.4966
TX	Rancho Viejo	26.0358	-97.5554
TX	Ranchos Penitas West	27.6745	-99.6035
TX	Randolph AFB	29.5303	-98.2789
TX	Ranger	32.4695	-98.6757
TX	Rangerville	26.1074	-97.7366
TX	Rankin	31.2254	-101.9394
TX	Ransom Canyon	33.5303	-101.6853
TX	Ratamosa	26.1993	-97.8446
TX	Ravenna	33.6705	-96.2409
TX	Raymondville	26.4757	-97.7777
TX	Realitos	27.4454	-98.5302
TX	Red Lick	33.4851	-94.1615
TX	Red Oak	32.5096	-96.784
TX	Red Rock	29.9599	-97.4428
TX	Redfield	31.6791	-94.6629
TX	Redford	29.4337	-104.1776
TX	Redland	31.4059	-94.7161
TX	Redwater	33.3583	-94.2562
TX	Redwood	29.8098	-97.9093
TX	Refugio	28.3074	-97.275
TX	Regino Ramirez	26.488	-98.9338
TX	Reid Hope King	25.9213	-97.4148
TX	Reklaw	31.8666	-94.9815
TX	Relampago	26.0851	-97.9059
TX	Rendon	32.5797	-97.2365
TX	Reno	32.9488	-97.566
TX	Retreat	32.0484	-96.4769
TX	Rhome	33.0789	-97.4932
TX	Ricardo	27.4186	-97.8476
TX	Rice	32.2393	-96.4971
TX	Rice Tracts	26.0569	-97.6279
TX	Richards	30.5344	-95.8498
TX	Richardson	32.9723	-96.7081
TX	Richland	31.9248	-96.4236
TX	Richland Hills	32.8102	-97.2265
TX	Richland Springs	31.2715	-98.9486
TX	Richmond	29.5809	-95.7613
TX	Richwood	29.0639	-95.4022
TX	Riesel	31.4761	-96.9431
TX	Ringgold	33.8143	-97.9424
TX	Rio Bravo	27.3647	-99.4845
TX	Rio Grande City	26.381	-98.8215
TX	Rio Hondo	26.2346	-97.5815
TX	Rio Vista	32.2345	-97.3748
TX	Rising Star	32.0976	-98.9665
TX	River Oaks	32.7766	-97.3984
TX	Rivereno	26.3052	-98.6398
TX	Riverside	30.8483	-95.3989
TX	Riviera	27.2995	-97.7981
TX	Road Runner	33.4843	-97.0848
TX	Roanoke	33.0147	-97.229
TX	Roaring Springs	33.8992	-100.8561
TX	Robert Lee	31.8957	-100.485
TX	Robinson	31.4515	-97.1229
TX	Robstown	27.794	-97.6692
TX	Roby	32.746	-100.3794
TX	Rochelle	31.2231	-99.2066
TX	Rochester	33.3142	-99.8565
TX	Rock Island	29.5138	-96.5671
TX	Rockdale	30.6557	-97.0085
TX	Rockport	28.0476	-97.05
TX	Rocksprings	30.0171	-100.2133
TX	Rockwall	32.9181	-96.4381
TX	Rockwell Place	35.0375	-101.9064
TX	Rocky Mound	33.0212	-95.0175
TX	Rogers	30.9292	-97.2297
TX	Rollingwood	30.2736	-97.7868
TX	Roma	26.4147	-99.0039
TX	Roman Forest	30.182	-95.1523
TX	Ropesville	33.4133	-102.1551
TX	Rosanky	29.9533	-97.3119
TX	Roscoe	32.4419	-100.5322
TX	Rose City	30.1065	-94.0502
TX	Rose Hill Acres	30.1917	-94.1921
TX	Rosebud	31.0757	-96.9745
TX	Rosenberg	29.5499	-95.8214
TX	Rosharon	29.35	-95.4531
TX	Rosita	28.6255	-100.4278
TX	Ross	31.7276	-97.1129
TX	Rosser	32.4583	-96.4519
TX	Rotan	32.854	-100.4655
TX	Round Mountain	30.3943	-98.3612
TX	Round Rock	30.5268	-97.6601
TX	Round Top	30.064	-96.6959
TX	Rowena	31.6442	-100.0481
TX	Rowlett	32.9159	-96.5486
TX	Roxton	33.5456	-95.7249
TX	Royse City	32.9797	-96.3164
TX	Rule	33.1819	-99.8933
TX	Runaway Bay	33.1754	-97.8748
TX	Runge	28.8863	-97.7131
TX	Rusk	31.7978	-95.1488
TX	Sabinal	29.3213	-99.4695
TX	Sachse	32.969	-96.5795
TX	Sadler	33.6801	-96.8469
TX	Saginaw	32.8656	-97.3652
TX	Salado	30.9484	-97.5283
TX	Salida del Sol Estates	26.3257	-98.4469
TX	SalineÃ±o	26.5176	-99.1121
TX	SalineÃ±o North	26.5272	-99.095
TX	Sam Rayburn	31.0773	-94.0255
TX	Sammy Martinez	26.4329	-98.7513
TX	Samnorwood	35.0501	-100.2814
TX	San Angelo	31.4411	-100.4505
TX	San Antonio	29.4628	-98.5246
TX	San Augustine	31.5299	-94.1109
TX	San Benito	26.1294	-97.644
TX	San Carlos	26.2957	-98.0631
TX	San Carlos I	27.49	-99.3729
TX	San Carlos II	27.4896	-99.3686
TX	San Diego	27.7609	-98.2389
TX	San Elizario	31.5784	-106.262
TX	San Felipe	29.7946	-96.1059
TX	San Fernando	26.4033	-98.8351
TX	San Isidro	26.7136	-98.4479
TX	San Juan	26.1898	-98.1518
TX	San Leanna	30.144	-97.8194
TX	San Leon	29.4911	-94.9414
TX	San Marcos	29.8724	-97.936
TX	San Patricio	27.9843	-97.7702
TX	San Pedro	25.9813	-97.5882
TX	San Perlita	26.501	-97.6396
TX	San Saba	31.1974	-98.7194
TX	San Ygnacio	27.0532	-99.4237
TX	Sanctuary	32.9132	-97.5877
TX	Sand Springs	32.2804	-101.3472
TX	Sanderson	30.1508	-102.4079
TX	Sandia	28.0212	-97.8676
TX	Sandoval	26.4182	-99.0794
TX	Sandy Hollow-Escondidas	27.9282	-97.8015
TX	Sandy Oaks	29.1817	-98.4092
TX	Sandy Point	29.4013	-95.4817
TX	Sanford	35.7026	-101.5318
TX	Sanger	33.3821	-97.1654
TX	Sansom Park	32.8027	-97.4021
TX	Santa Anna	31.7369	-99.3254
TX	Santa Clara	29.5931	-98.1606
TX	Santa Cruz	26.3537	-98.7676
TX	Santa Fe	29.3876	-95.1015
TX	Santa Maria	26.077	-97.8474
TX	Santa Monica	26.3694	-97.5889
TX	Santa Rita Ranch	30.6637	-97.8306
TX	Santa Rosa	26.2561	-97.8253
TX	Santel	26.3756	-98.8833
TX	Santo	32.6056	-98.2138
TX	Sargent	28.7975	-95.6418
TX	Sarita	27.2229	-97.7956
TX	Savannah	33.2257	-96.9081
TX	Savoy	33.5998	-96.366
TX	Scenic Oaks	29.7039	-98.6677
TX	Schertz	29.5633	-98.2509
TX	Schulenburg	29.682	-96.9075
TX	Scissors	26.1333	-98.0475
TX	Scotland	33.6473	-98.4688
TX	Scottsville	32.5404	-94.2393
TX	Scurry	32.5123	-96.3849
TX	Seabrook	29.5947	-94.9915
TX	Seadrift	28.4132	-96.7167
TX	Seagoville	32.6534	-96.5451
TX	Seagraves	32.942	-102.5657
TX	Sealy	29.7641	-96.1622
TX	Sebastian	26.3452	-97.7963
TX	Seco Mines	28.7505	-100.5015
TX	Seguin	29.5902	-97.9686
TX	Seis Lagos	33.0715	-96.5668
TX	Selma	29.5865	-98.3153
TX	Seminole	32.7222	-102.6498
TX	Serenada	30.7127	-97.6931
TX	Seth Ward	34.2163	-101.6945
TX	Seven Oaks	30.8518	-94.8579
TX	Seven Points	32.3387	-96.2344
TX	Seymour	33.5952	-99.2585
TX	Shady Hollow	30.1645	-97.8631
TX	Shady Shores	33.1621	-97.035
TX	Shadybrook	32.1169	-95.4277
TX	Shallowater	33.6901	-101.9893
TX	Shamrock	35.2154	-100.2461
TX	Shavano Park	29.5844	-98.5562
TX	Sheffield	30.6859	-101.8224
TX	Shelbyville	31.7593	-94.0772
TX	Sheldon	29.8598	-95.1332
TX	Shenandoah	30.184	-95.4557
TX	Shepherd	30.4862	-95.0113
TX	Sheridan	29.5113	-96.673
TX	Sherman	33.6286	-96.6267
TX	Sherwood Shores	33.8477	-96.8149
TX	Shiner	29.4337	-97.1736
TX	Shiro	30.604	-95.8876
TX	Shoreacres	29.621	-95.019
TX	Sienna	29.4854	-95.5063
TX	Sierra Blanca	31.1834	-105.3395
TX	Siesta Acres	28.7563	-100.4918
TX	Siesta Shores	26.8503	-99.2558
TX	Silsbee	30.3455	-94.1768
TX	Silverton	34.4714	-101.304
TX	Simonton	29.6766	-95.9734
TX	Sinton	28.0384	-97.511
TX	Skellytown	35.571	-101.173
TX	Skidmore	28.2684	-97.6853
TX	Slaton	33.4455	-101.6509
TX	Smiley	29.2713	-97.6376
TX	Smithville	30.008	-97.1523
TX	Smyer	33.5874	-102.1635
TX	Snook	30.491	-96.4725
TX	Snyder	32.7136	-100.9119
TX	Socorro	31.6385	-106.2574
TX	Solis	26.1791	-97.8495
TX	Somerset	29.2286	-98.6569
TX	Somerville	30.3454	-96.5309
TX	Sonora	30.5707	-100.6418
TX	Sonterra	30.8074	-97.5968
TX	Sour Lake	30.1377	-94.4043
TX	South Alamo	26.1518	-98.1079
TX	South Fork Estates	27.2697	-98.724
TX	South Frydek	29.7352	-96.0769
TX	South Houston	29.661	-95.2284
TX	South La Paloma	27.8988	-97.9678
TX	South Mountain	31.4398	-97.6793
TX	South Padre Island	26.1205	-97.1707
TX	South Point	25.87	-97.3812
TX	South Toledo Bend	31.1635	-93.6019
TX	Southlake	32.9545	-97.1489
TX	Southmayd	33.6231	-96.7082
TX	Southside Place	29.7087	-95.4355
TX	Southwest Sandhill	31.5569	-102.9066
TX	Spade	33.926	-102.1542
TX	Sparks	31.6727	-106.2398
TX	Spearman	36.1982	-101.1943
TX	Splendora	30.2284	-95.1624
TX	Spofford	29.1731	-100.4113
TX	Spring	30.0622	-95.384
TX	Spring Branch	29.8763	-98.4085
TX	Spring Gardens	27.7615	-97.7419
TX	Spring Valley Village	29.7898	-95.504
TX	Springlake	34.2316	-102.3057
TX	Springtown	32.9693	-97.6804
TX	Spur	33.4766	-100.8502
TX	St. Hedwig	29.4202	-98.207
TX	St. Jo	33.695	-97.5231
TX	St. Paul	28.091	-97.5632
TX	Stafford	29.6257	-95.5657
TX	Stagecoach	30.1418	-95.7001
TX	Stamford	33.0462	-99.597
TX	Stanton	32.1317	-101.7925
TX	Staples	29.7623	-97.8245
TX	Star Harbor	32.1921	-96.0551
TX	Steiner Ranch	30.3654	-97.8959
TX	Stephenville	32.2145	-98.2199
TX	Sterling City	31.8392	-100.9859
TX	Stinnett	35.8231	-101.4436
TX	Stockdale	29.236	-97.9639
TX	Stockton Bend	32.4791	-97.7639
TX	Stonewall	30.2536	-98.6609
TX	Stowell	29.78	-94.3686
TX	Stratford	36.3376	-102.076
TX	Strawn	32.5507	-98.4981
TX	Streetman	31.8818	-96.3326
TX	Study Butte	29.3356	-103.5426
TX	Sudan	34.0664	-102.5242
TX	Sugar Land	29.5928	-95.6338
TX	Sullivan City	26.2752	-98.5644
TX	Sulphur Springs	33.1431	-95.6147
TX	Summerfield	34.7399	-102.5092
TX	Sun Valley	33.6706	-95.4287
TX	Sundown	33.4575	-102.4908
TX	Sunnyvale	32.7998	-96.5585
TX	Sunray	36.0184	-101.8245
TX	Sunrise Beach Village	30.586	-98.4188
TX	Sunrise Shores	32.1792	-95.5075
TX	Sunset	33.4468	-97.7673
TX	Sunset Acres	27.7942	-99.4566
TX	Sunset Valley	30.2258	-97.8158
TX	Surfside Beach	28.9531	-95.2838
TX	Sweeny	29.0464	-95.6985
TX	Sweetwater	32.4694	-100.4087
TX	Sylvester	32.7229	-100.2499
TX	Taft	27.98	-97.3928
TX	Taft Southwest	27.9712	-97.4054
TX	Tahoka	33.1638	-101.7951
TX	Talco	33.3629	-95.1023
TX	Talty	32.6944	-96.4008
TX	Tanquecitos South Acres	27.4898	-99.3797
TX	Tanquecitos South Acres II	27.487	-99.3882
TX	Tatum	32.3159	-94.5189
TX	Taylor	30.572	-97.4304
TX	Taylor Lake Village	29.5748	-95.0553
TX	Taylor Landing	29.8664	-94.1292
TX	Teague	31.6295	-96.2808
TX	Tehuacana	31.7432	-96.5402
TX	Temple	31.1034	-97.3911
TX	Tenaha	31.9437	-94.2457
TX	Terlingua	29.2871	-103.5834
TX	Terrell	32.7353	-96.2864
TX	Terrell Hills	29.4771	-98.4472
TX	Texarkana	33.4511	-94.0901
TX	Texas City	29.4337	-94.8927
TX	Texhoma	36.4937	-101.7938
TX	Texline	36.3765	-103.0189
TX	The Colony	33.0896	-96.9034
TX	The Hills	30.3465	-97.9865
TX	The Homesteads	32.4755	-97.1662
TX	The Woodlands	30.1726	-95.5098
TX	Thompsons	29.4818	-95.6369
TX	Thompsonville	27.26	-98.7847
TX	Thorndale	30.614	-97.2065
TX	Thornton	31.41	-96.5736
TX	Thorntonville	31.5789	-102.9221
TX	Thrall	30.5882	-97.2977
TX	Three Rivers	28.4669	-98.1779
TX	Throckmorton	33.1821	-99.1798
TX	Thunderbird Bay	31.9096	-99.0208
TX	Tierra Bonita	26.2727	-97.8276
TX	Tierra Dorada	26.4007	-98.9213
TX	Tierra Grande	27.7037	-97.5718
TX	Tierra Verde	27.7616	-97.7174
TX	Tiki Island	29.2973	-94.9149
TX	Tilden	28.4599	-98.5487
TX	Timbercreek Canyon	35.0534	-101.8184
TX	Timberwood Park	29.7007	-98.4832
TX	Timpson	31.9069	-94.3971
TX	Tioga	33.4721	-96.9157
TX	Tira	33.3291	-95.5361
TX	Tivoli	28.4608	-96.8915
TX	Toco	33.6539	-95.6495
TX	Todd Mission	30.2609	-95.83
TX	Tolar	32.3901	-97.9196
TX	Tom Bean	33.5203	-96.4842
TX	Tomball	30.0951	-95.6197
TX	Tool	32.2805	-96.1727
TX	Tornillo	31.4367	-106.1032
TX	Tow	30.8877	-98.4641
TX	Town of Pecos	31.3917	-103.5272
TX	Toyah	31.3125	-103.7946
TX	Tradewinds	27.995	-97.2602
TX	Travis Ranch	32.801	-96.4782
TX	Trent	32.4884	-100.1233
TX	Trenton	33.4263	-96.3446
TX	Trinidad	32.16	-96.1095
TX	Trinity	30.9445	-95.3736
TX	Trophy Club	32.9925	-97.173
TX	Troup	32.1458	-95.1226
TX	Troy	31.194	-97.3004
TX	Tuleta	28.5767	-97.798
TX	Tulia	34.5379	-101.7744
TX	Tulsita	28.6423	-97.8181
TX	Tunis	30.5423	-96.5273
TX	Turkey	34.3939	-100.8953
TX	Tuscola	32.2115	-99.7983
TX	Tye	32.4522	-99.8665
TX	Tyler	32.3173	-95.3059
TX	Tynan	28.1708	-97.7492
TX	Uhland	29.9631	-97.7954
TX	Umbarger	34.9564	-102.1094
TX	Uncertain	32.7006	-94.1333
TX	Union Grove	32.575	-94.9151
TX	Union Valley	32.9295	-96.2488
TX	Universal City	29.552	-98.3076
TX	University Park	32.8486	-96.7952
TX	Utopia	29.6241	-99.5127
TX	Uvalde	29.2152	-99.7772
TX	Uvalde Estates	29.1687	-99.8361
TX	Val Verde Park	29.3746	-100.8306
TX	Valentine	30.5886	-104.4953
TX	Valera	31.7536	-99.5493
TX	Valle Hermoso	26.3823	-98.7871
TX	Valle Verde	27.6797	-99.201
TX	Valle Vista	26.316	-98.6547
TX	Valley Mills	31.6568	-97.4726
TX	Valley View	33.4771	-97.1567
TX	Van	32.5239	-95.6376
TX	Van Alstyne	33.4217	-96.5832
TX	Van Horn	31.0407	-104.8342
TX	Van Vleck	29.0281	-95.8846
TX	Vanderbilt	28.8208	-96.6096
TX	Vega	35.2453	-102.4292
TX	Venus	32.4324	-97.1018
TX	Vernon	34.1477	-99.3004
TX	Victoria	28.8285	-96.986
TX	Victoria Vera	26.3181	-98.693
TX	Vidor	30.1281	-93.9917
TX	Villa Pancho	25.8843	-97.4157
TX	Villa Verde	26.1301	-97.996
TX	Villa del Sol	26.1919	-97.5819
TX	Villarreal	26.3071	-98.6443
TX	Vinton	31.9595	-106.5935
TX	Volente	30.4453	-97.9079
TX	Von Ormy	29.2774	-98.6574
TX	Waco	31.558	-97.1898
TX	Wadsworth	28.8299	-95.9145
TX	Waelder	29.6945	-97.2978
TX	Waka	36.2816	-101.0441
TX	Wake Village	33.4238	-94.127
TX	Waller	30.0724	-95.9316
TX	Wallis	29.632	-96.0635
TX	Walnut Springs	32.057	-97.7506
TX	Warren	30.6126	-94.4229
TX	Warren City	32.5513	-94.9049
TX	Washburn	35.1692	-101.57
TX	Waskom	32.4766	-94.0646
TX	Watauga	32.8718	-97.2515
TX	Waxahachie	32.4025	-96.8445
TX	Weatherford	32.7532	-97.7719
TX	Webberville	30.2261	-97.4996
TX	Webster	29.5321	-95.1165
TX	Weimar	29.7001	-96.7773
TX	Weinert	33.3234	-99.6737
TX	Weir	30.6767	-97.5911
TX	Welch	32.9336	-102.1232
TX	Wellington	34.8538	-100.214
TX	Wellman	33.047	-102.4274
TX	Wells	31.4916	-94.9473
TX	Wells Branch	30.4435	-97.68
TX	Weslaco	26.1605	-97.9877
TX	West	31.8031	-97.0946
TX	West Alto Bonito	26.3143	-98.6632
TX	West Columbia	29.1419	-95.6495
TX	West Lake Hills	30.2916	-97.8142
TX	West Livingston	30.7014	-95.0203
TX	West Odessa	31.8382	-102.5001
TX	West Orange	30.0791	-93.7598
TX	West Sharyland	26.2719	-98.3404
TX	West Tawakoni	32.8996	-96.0359
TX	West University Place	29.7154	-95.4316
TX	Westbrook	32.3571	-101.0133
TX	Westdale	27.9657	-97.9937
TX	Western Lake	32.6212	-97.8167
TX	Westlake	32.9855	-97.2038
TX	Westminster	33.3648	-96.4593
TX	Weston	33.33	-96.6659
TX	Weston Lakes	29.6573	-95.931
TX	Westover Hills	32.7437	-97.4123
TX	Westway	31.9601	-106.576
TX	Westwood Shores	30.9366	-95.3274
TX	Westworth Village	32.7619	-97.4233
TX	Wharton	29.3176	-96.1023
TX	Wheeler	35.4411	-100.2752
TX	White Deer	35.4334	-101.1758
TX	White Oak	32.53	-94.8539
TX	White Settlement	32.7551	-97.4607
TX	Whiteface	33.5996	-102.6134
TX	Whitehouse	32.2217	-95.2207
TX	Whitesboro	33.6596	-96.9037
TX	Whitewright	33.5112	-96.3949
TX	Whitharral	33.7392	-102.3278
TX	Whitney	31.9524	-97.3198
TX	Wichita Falls	33.9067	-98.5258
TX	Wickett	31.5673	-103.0059
TX	Wild Peach Village	29.081	-95.6373
TX	Wildorado	35.2092	-102.2095
TX	Wildwood	30.5253	-94.4487
TX	Willis	30.4342	-95.4842
TX	Willow Grove	31.5591	-97.2961
TX	Willow Park	32.7539	-97.6502
TX	Wills Point	32.7095	-96.005
TX	Wilmer	32.599	-96.6816
TX	Wilson	33.3193	-101.7275
TX	Wimberley	29.9848	-98.0906
TX	Windcrest	29.5148	-98.3813
TX	Windom	33.5648	-95.9985
TX	Windthorst	33.577	-98.4349
TX	Winfield	33.1654	-95.1112
TX	Wingate	32.0455	-100.104
TX	Wink	31.7545	-103.1541
TX	Winnie	29.8167	-94.3807
TX	Winnsboro	32.9559	-95.2903
TX	Winona	32.4926	-95.1774
TX	Winters	31.9491	-99.9593
TX	Wixon Valley	30.7645	-96.3186
TX	Wolfe City	33.3685	-96.072
TX	Wolfforth	33.509	-102.0051
TX	Woodbranch	30.1813	-95.1836
TX	Woodcreek	30.0266	-98.1115
TX	Woodloch	30.2172	-95.413
TX	Woodsboro	28.2378	-97.3254
TX	Woodson	33.0149	-99.0534
TX	Woodville	30.7744	-94.4225
TX	Woodway	31.4983	-97.2308
TX	Wortham	31.7902	-96.4616
TX	Wyldwood	30.1287	-97.4774
TX	Wylie	33.0358	-96.5202
TX	Yancey	29.1471	-99.1426
TX	Yantis	32.9285	-95.5774
TX	Yoakum	29.2932	-97.147
TX	Yorktown	28.9828	-97.505
TX	Yznaga	26.3285	-97.815
TX	Zapata	26.9022	-99.2614
TX	Zapata Ranch	26.3588	-97.823
TX	Zarate	26.3199	-98.6369
TX	Zavalla	31.1585	-94.4189
TX	Zephyr	31.6792	-98.7912
TX	Zuehl	29.5051	-98.1522
UT	Alpine	40.463	-111.7724
UT	Alta	40.5824	-111.6203
UT	Altamont	40.359	-110.288
UT	Alton	37.4265	-112.5103
UT	Amalga	41.8563	-111.8972
UT	American Fork	40.3779	-111.7951
UT	Aneth	37.2065	-109.1652
UT	Annabella	38.706	-112.0586
UT	Antimony	38.103	-111.9823
UT	Apple Valley	37.081	-113.1034
UT	Aurora	38.9201	-111.9335
UT	Avon	41.5353	-111.8124
UT	Ballard	40.2949	-109.9494
UT	Bear River City	41.6124	-112.1249
UT	Beaver	38.2759	-112.6381
UT	Benjamin	40.0969	-111.729
UT	Benson	41.7529	-111.9259
UT	Beryl Junction	37.701	-113.6535
UT	Bicknell	38.3407	-111.5442
UT	Big Water	37.0729	-111.6608
UT	Blanding	37.6231	-109.513
UT	Bluebell	40.3514	-110.2238
UT	Bluff	37.2903	-109.5961
UT	Bluffdale	40.4746	-111.9403
UT	Bonanza	40.0305	-109.1884
UT	Boulder	37.9228	-111.4319
UT	Bountiful	40.8725	-111.8612
UT	Brian Head	37.6977	-112.8416
UT	Brigham City	41.5059	-112.0514
UT	Brighton	40.6107	-111.6039
UT	Bryce Canyon City	37.682	-112.1616
UT	Cache	41.8287	-112.0057
UT	Cannonville	37.5548	-112.0538
UT	Carbonville	39.6269	-110.8333
UT	Castle Dale	39.2217	-111.0227
UT	Castle Valley	38.6321	-109.396
UT	Cedar City	37.6838	-113.0955
UT	Cedar Fort	40.3414	-112.1086
UT	Cedar Highlands	37.6358	-113.041
UT	Cedar Hills	40.412	-111.7543
UT	Centerfield	39.1275	-111.8184
UT	Centerville	40.9263	-111.8833
UT	Central	37.415	-113.6262
UT	Central Valley	38.6993	-112.0967
UT	Charleston	40.4673	-111.4595
UT	Circleville	38.1684	-112.2716
UT	Clarkston	41.9205	-112.0504
UT	Clawson	39.1314	-111.0989
UT	Clear Creek	39.6433	-111.1548
UT	Clearfield	41.097	-112.0179
UT	Cleveland	39.3495	-110.8555
UT	Clinton	41.1387	-112.0664
UT	Coalville	40.9073	-111.4214
UT	Copperton metro township	40.5661	-112.0979
UT	Corinne	41.5515	-112.125
UT	Cornish	41.9672	-111.9587
UT	Cottonwood Heights	40.6137	-111.8146
UT	Cove	41.9683	-111.7794
UT	Dammeron Valley	37.3042	-113.6659
UT	Daniel	40.4667	-111.4095
UT	Delta	39.3633	-112.5438
UT	Deseret	39.2876	-112.6511
UT	Deweyville	41.693	-112.0883
UT	Draper	40.4971	-111.8646
UT	Duchesne	40.1753	-110.3941
UT	Dugway	40.2307	-112.7541
UT	Dutch John	40.9271	-109.4031
UT	Eagle Mountain	40.3143	-112.0117
UT	East Basin	40.7368	-111.4691
UT	East Carbon	39.533	-110.4295
UT	Echo	40.9803	-111.4392
UT	Eden	41.3062	-111.8038
UT	Elberta	39.9558	-111.9569
UT	Elk Ridge	40.0104	-111.678
UT	Elmo	39.3877	-110.8156
UT	Elsinore	38.6838	-112.1401
UT	Elwood	41.6732	-112.1366
UT	Emery	38.9252	-111.2522
UT	Emigration Canyon metro township	40.7886	-111.7414
UT	Enoch	37.7666	-113.0453
UT	Enterprise	37.5716	-113.743
UT	Ephraim	39.3562	-111.5847
UT	Erda	40.6181	-112.3089
UT	Escalante	37.7649	-111.5984
UT	Eureka	39.9587	-112.1151
UT	Fairfield	40.236	-112.0752
UT	Fairview	39.63	-111.4369
UT	Farmington	40.9847	-111.9063
UT	Farr West	41.3015	-112.0318
UT	Fayette	39.2246	-111.8542
UT	Ferron	39.0916	-111.1336
UT	Fielding	41.8124	-112.1173
UT	Fillmore	38.9642	-112.3386
UT	Flaming Gorge	40.8892	-109.4759
UT	Fort Duchesne	40.2818	-109.8772
UT	Fountain Green	39.6281	-111.6413
UT	Francis	40.6125	-111.2822
UT	Fremont	38.4554	-111.615
UT	Fruit Heights	41.0289	-111.9046
UT	Garden	41.8743	-111.417
UT	Garden City	41.9371	-111.4122
UT	Garland	41.7363	-112.1629
UT	Genola	40.012	-111.848
UT	Glendale	37.3342	-112.6035
UT	Glenwood	38.7624	-111.9876
UT	Goshen	39.9511	-111.9008
UT	Granite	40.5757	-111.7913
UT	Grantsville	40.6113	-112.4691
UT	Green River	38.9935	-110.1734
UT	Gunnison	39.1569	-111.8135
UT	Halchita	37.1506	-109.9037
UT	Halls Crossing	37.4658	-110.6654
UT	Hanksville	38.372	-110.7135
UT	Harrisville	41.2853	-111.986
UT	Hatch	37.6492	-112.4349
UT	Heber	40.5417	-111.3874
UT	Helper	39.6896	-110.8596
UT	Henefer	41.0138	-111.4933
UT	Henrieville	37.5639	-112.0019
UT	Herriman	40.4917	-112.0203
UT	Hideout	40.646	-111.4058
UT	Highland	40.4276	-111.7956
UT	Hildale	37.0154	-112.9998
UT	Hinckley	39.3336	-112.6735
UT	Hobble Creek	40.1917	-111.4967
UT	Holden	39.1001	-112.2704
UT	Holladay	40.6599	-111.8227
UT	Honeyville	41.6361	-112.0857
UT	Hooper	41.1626	-112.342
UT	Howell	41.7787	-112.448
UT	Hoytsville	40.8758	-111.3847
UT	Huntington	39.3301	-110.9628
UT	Huntsville	41.2598	-111.7713
UT	Hurricane	37.1485	-113.3589
UT	Hyde Park	41.8011	-111.8099
UT	Hyrum	41.6328	-111.8455
UT	Independence	40.4108	-111.2957
UT	Interlaken	40.5412	-111.4753
UT	Ivins	37.1738	-113.6808
UT	Jensen	40.3695	-109.3556
UT	Joseph	38.6248	-112.2198
UT	Junction	38.2361	-112.2246
UT	Kamas	40.65	-111.2734
UT	Kanab	37.0347	-112.53
UT	Kanarraville	37.5378	-113.181
UT	Kanosh	38.8014	-112.4374
UT	Kaysville	41.0293	-111.9451
UT	Kearns metro township	40.6519	-112.0094
UT	Kenilworth	39.6803	-110.8145
UT	Kingston	38.2067	-112.1793
UT	Koosharem	38.5134	-111.8819
UT	La Sal	38.3011	-109.2657
UT	La Verkin	37.2315	-113.2506
UT	Lake Point	40.6834	-112.2656
UT	Lake Shore	40.1294	-111.7362
UT	Laketown	41.8293	-111.3327
UT	Lapoint	40.4042	-109.797
UT	Layton	41.0774	-111.9607
UT	Leamington	39.5313	-112.2852
UT	Leeds	37.2372	-113.3471
UT	Lehi	40.4171	-111.8711
UT	Levan	39.5562	-111.8606
UT	Lewiston	41.9685	-111.8858
UT	Liberty	41.3425	-111.8649
UT	Lindon	40.342	-111.7173
UT	Loa	38.4038	-111.6451
UT	Logan	41.7403	-111.8418
UT	Lyman	38.3966	-111.5893
UT	Lynndyl	39.5086	-112.3934
UT	Maeser	40.4718	-109.5786
UT	Magna metro township	40.7595	-112.1827
UT	Manila	40.9922	-109.721
UT	Manti	39.2665	-111.6353
UT	Mantua	41.498	-111.9357
UT	Mapleton	40.1188	-111.5742
UT	Marion	40.681	-111.2773
UT	Marriott-Slaterville	41.2611	-112.0363
UT	Marysvale	38.4366	-112.262
UT	Mayfield	39.1193	-111.708
UT	Meadow	38.8862	-112.4071
UT	Mendon	41.7115	-111.9775
UT	Mexican Hat	37.1743	-109.8836
UT	Midvale	40.6147	-111.8928
UT	Midway	40.5202	-111.4755
UT	Milford	38.3945	-113.0123
UT	Millcreek	40.689	-111.8296
UT	Millville	41.6852	-111.8212
UT	Minersville	38.248	-112.979
UT	Moab	38.5701	-109.5478
UT	Modena	37.7947	-113.9275
UT	Mona	39.8118	-111.8415
UT	Monroe	38.623	-112.1196
UT	Montezuma Creek	37.2515	-109.3037
UT	Monticello	37.8685	-109.3362
UT	Morgan	41.0414	-111.6802
UT	Moroni	39.527	-111.5831
UT	Mount Pleasant	39.5407	-111.4559
UT	Mountain Green	41.1477	-111.7876
UT	Murray	40.6507	-111.8866
UT	Myton	40.1933	-110.0625
UT	Naples	40.4317	-109.4913
UT	Navajo Mountain	37.047	-110.7899
UT	Neola	40.4348	-110.0308
UT	Nephi	39.7047	-111.8333
UT	New Harmony	37.48	-113.3093
UT	Newcastle	37.6629	-113.5644
UT	Newton	41.8612	-111.9908
UT	Nibley	41.673	-111.8468
UT	North Logan	41.7755	-111.8067
UT	North Ogden	41.3146	-111.9597
UT	North Salt Lake	40.8471	-111.9188
UT	Oak City	39.3747	-112.3383
UT	Oakley	40.7405	-111.2741
UT	Oasis	39.2923	-112.629
UT	Ogden	41.2284	-111.9681
UT	Oljato-Monument Valley	37.0307	-110.2511
UT	Ophir	40.3701	-112.256
UT	Orangeville	39.2308	-111.0592
UT	Orderville	37.254	-112.6574
UT	Orem	40.2981	-111.6994
UT	Palmyra	40.1342	-111.693
UT	Panguitch	37.8228	-112.4341
UT	Paradise	41.5682	-111.8333
UT	Paragonah	37.8854	-112.7711
UT	Park City	40.6573	-111.4938
UT	Parowan	37.8326	-112.8296
UT	Payson	40.0359	-111.7388
UT	Peoa	40.7326	-111.3294
UT	Perry	41.4645	-112.0405
UT	Peter	41.7774	-112.0006
UT	Pine Valley	37.3904	-113.506
UT	Plain City	41.3067	-112.0943
UT	Pleasant Grove	40.3715	-111.7413
UT	Pleasant View	41.3249	-112.001
UT	Plymouth	41.8736	-112.1468
UT	Portage	41.9756	-112.2405
UT	Price	39.604	-110.8004
UT	Providence	41.7036	-111.8133
UT	Provo	40.2453	-111.6451
UT	Randlett	40.2267	-109.8308
UT	Randolph	41.6655	-111.1846
UT	Redmond	39.0053	-111.8672
UT	Richfield	38.7613	-112.093
UT	Richmond	41.9231	-111.8078
UT	River Heights	41.7221	-111.8191
UT	Riverdale	41.1731	-112.0023
UT	Riverside	41.8106	-112.1403
UT	Riverton	40.5176	-111.9635
UT	Rockville	37.1478	-113.0548
UT	Rocky Ridge	39.9197	-111.8257
UT	Roosevelt	40.2877	-109.988
UT	Roy	41.1715	-112.0485
UT	Rush Valley	40.3613	-112.4506
UT	Salem	40.0553	-111.6674
UT	Salina	38.9388	-111.8652
UT	Salt Lake City	40.7769	-111.931
UT	Samak	40.6389	-111.2413
UT	Sandy	40.5717	-111.8499
UT	Santa Clara	37.1314	-113.6566
UT	Santaquin	39.9699	-111.7944
UT	Saratoga Springs	40.3446	-111.9159
UT	Scipio	39.2491	-112.1044
UT	Scofield	39.7198	-111.1623
UT	Sigurd	38.8662	-111.9631
UT	Silver Summit	40.7489	-111.5139
UT	Smithfield	41.8355	-111.8275
UT	Snowville	41.9728	-112.7164
UT	Snyderville	40.7041	-111.5434
UT	South Jordan	40.5569	-111.9786
UT	South Ogden	41.1722	-111.9577
UT	South Salt Lake	40.7056	-111.8986
UT	South Weber	41.1342	-111.9388
UT	South Willard	41.3583	-112.0409
UT	Spanish Fork	40.1104	-111.6411
UT	Spanish Valley	38.4743	-109.421
UT	Spring City	39.4799	-111.4918
UT	Spring Glen	39.656	-110.8461
UT	Spring Lake	40.0085	-111.7506
UT	Springdale	37.1817	-113.005
UT	Springville	40.1643	-111.6195
UT	St. George	37.077	-113.5765
UT	Stansbury Park	40.634	-112.3064
UT	Sterling	39.1933	-111.6904
UT	Stockton	40.4441	-112.3744
UT	Summit	37.8053	-112.9331
UT	Summit Park	40.7423	-111.5872
UT	Sundance	40.3927	-111.5909
UT	Sunset	41.1381	-112.0284
UT	Sutherland	39.3896	-112.6399
UT	Syracuse	41.0858	-112.0687
UT	Tabiona	40.3542	-110.7096
UT	Taylorsville	40.6569	-111.9493
UT	Teasdale	38.2851	-111.4724
UT	Thatcher	41.6815	-112.32
UT	Thompson Springs	38.9636	-109.7037
UT	Timber Lakes	40.475	-111.2558
UT	Tooele	40.5394	-112.3078
UT	Toquerville	37.2665	-113.2951
UT	Torrey	38.3073	-111.4271
UT	Tremonton	41.7184	-112.1878
UT	Trenton	41.9139	-111.9358
UT	Tropic	37.6331	-112.088
UT	Tselakai Dezza	37.21	-109.6091
UT	Uintah	41.1414	-111.9324
UT	Vernal	40.4517	-109.538
UT	Vernon	40.0956	-112.4458
UT	Veyo	37.3375	-113.693
UT	Vineyard	40.3051	-111.7548
UT	Virgin	37.1947	-113.2055
UT	Wales	39.4852	-111.6361
UT	Wallsburg	40.3869	-111.4195
UT	Wanship	40.8168	-111.4151
UT	Washington	37.1267	-113.4878
UT	Washington Terrace	41.1683	-111.9782
UT	Wellington	39.5359	-110.7344
UT	Wellsville	41.6234	-111.9421
UT	Wendover	40.724	-114.0251
UT	West Bountiful	40.9013	-111.9085
UT	West Haven	41.2091	-112.0536
UT	West Jordan	40.6027	-112.0013
UT	West Mountain	40.0518	-111.7834
UT	West Point	41.1217	-112.0982
UT	West Valley City	40.6885	-112.0118
UT	West Wood	39.6052	-110.8424
UT	White City metro township	40.5687	-111.8626
UT	White Mesa	37.4596	-109.46
UT	Whiterocks	40.4721	-109.9412
UT	Willard	41.4032	-112.0425
UT	Wolf Creek	41.3253	-111.8288
UT	Woodland	40.5838	-111.2358
UT	Woodland Hills	40.0134	-111.656
UT	Woodruff	41.5212	-111.1639
UT	Woods Cross	40.8732	-111.9178
VA	Abbs Valley	37.2354	-81.4601
VA	Abingdon	36.7067	-81.9716
VA	Accomac	37.7196	-75.6678
VA	Adwolf	36.798	-81.5936
VA	Afton	38.0222	-78.8334
VA	Alberta	36.854	-77.894
VA	Aldie	38.9761	-77.648
VA	Alexandria	38.8193	-77.0837
VA	Allison Gap	36.8998	-81.7869
VA	Allisonia	36.9369	-80.7188
VA	Alonzaville	38.9278	-78.5509
VA	Altavista	37.1234	-79.2834
VA	Amelia Court House	37.3359	-77.9866
VA	Amherst	37.5819	-79.052
VA	Amonate	37.1906	-81.6406
VA	Annandale	38.8328	-77.1962
VA	Appalachia	36.9127	-82.795
VA	Apple Mountain Lake	38.9267	-78.1051
VA	Appomattox	37.3587	-78.8264
VA	Aquia Harbour	38.4592	-77.3801
VA	Arcola	38.9444	-77.5341
VA	Arlington	38.8783	-77.1007
VA	Arrington	37.6787	-78.8948
VA	Ashburn	39.0273	-77.4713
VA	Ashland	37.7604	-77.4724
VA	Atkins	36.867	-81.3986
VA	Atlantic	37.9034	-75.5064
VA	Augusta Springs	38.103	-79.3363
VA	Austinville	36.851	-80.9145
VA	Bailey's Crossroads	38.8483	-77.132
VA	Barboursville	38.1699	-78.2836
VA	Baskerville	36.6844	-78.2732
VA	Bassett	36.7615	-79.9866
VA	Bastian	37.1535	-81.1525
VA	Basye	38.8094	-78.7695
VA	Bayside	37.7548	-75.7129
VA	Baywood	36.6219	-81.0085
VA	Bealeton	38.583	-77.7788
VA	Bedford	37.3363	-79.5177
VA	Belle Haven	38.7773	-77.0574
VA	Bellwood	37.406	-77.4363
VA	Belmont	39.0656	-77.4985
VA	Belmont Estates	38.4464	-78.9228
VA	Belspring	37.1954	-80.6124
VA	Belview	37.1668	-80.5097
VA	Benns Church	36.9369	-76.5847
VA	Bensley	37.4475	-77.4456
VA	Berryville	39.1477	-77.9802
VA	Bethel Manor	37.0974	-76.4246
VA	Big Island	37.5334	-79.3632
VA	Big Rock	37.3526	-82.1873
VA	Big Stone Gap	36.8627	-82.7761
VA	Big Stone Gap East	36.8793	-82.7433
VA	Blacksburg	37.2313	-80.4267
VA	Blackstone	37.0818	-78.0028
VA	Blairs	36.6993	-79.3789
VA	Bland	37.0995	-81.1158
VA	Bloxom	37.8292	-75.6214
VA	Blue Ridge	37.3798	-79.8222
VA	Blue Ridge Shores	38.1071	-78.0227
VA	Bluefield	37.2352	-81.2747
VA	Bobtown	37.6492	-75.7999
VA	Boissevain	37.2757	-81.3856
VA	Bon Air	37.517	-77.5703
VA	Boones Mill	37.1156	-79.9514
VA	Boston	37.6039	-75.8437
VA	Boswell's Corner	38.5037	-77.3721
VA	Bowling Green	38.0533	-77.3475
VA	Bowmans Crossing	38.7979	-78.589
VA	Boyce	39.0932	-78.0601
VA	Boydton	36.6661	-78.3907
VA	Boykins	36.5778	-77.1989
VA	Bracey	36.5812	-78.1138
VA	Braddock	38.8319	-77.355
VA	Brambleton	38.9802	-77.5328
VA	Branchville	36.5698	-77.2501
VA	Brandermill	37.434	-77.6506
VA	Brandy Station	38.495	-77.89
VA	Breaks	37.3007	-82.2792
VA	Bridgewater	38.3885	-78.9645
VA	Brightwood	38.414	-78.1847
VA	Bristol	36.617	-82.1576
VA	Broadlands	39.0136	-77.517
VA	Broadway	38.6085	-78.8014
VA	Brodnax	36.703	-78.0319
VA	Brookneal	37.0478	-78.9539
VA	Brucetown	39.2507	-78.0609
VA	Buchanan	37.5209	-79.6911
VA	Buckhall	38.7156	-77.447
VA	Buckingham Courthouse	37.5559	-78.5514
VA	Buena Vista	37.7293	-79.3581
VA	Bull Run	38.8398	-77.4898
VA	Bull Run Mountain Estates	38.9092	-77.6667
VA	Burke	38.7777	-77.2626
VA	Burke Centre	38.7912	-77.3006
VA	Burkeville	37.1879	-78.1944
VA	Callaghan	37.8098	-80.089
VA	Calverton	38.6352	-77.6664
VA	Camp Barrett	38.5186	-77.4377
VA	Camptown	36.6859	-76.8947
VA	Cana	36.5806	-80.6679
VA	Cape Charles	37.2497	-76.0142
VA	Capron	36.7093	-77.2013
VA	Captains Cove	37.9963	-75.4259
VA	Carrollton	36.9406	-76.5211
VA	Carrsville	36.7041	-76.8391
VA	Cascades	39.0475	-77.3868
VA	Castlewood	36.8801	-82.2953
VA	Catlett	38.6564	-77.6289
VA	Cats Bridge	37.5477	-75.7833
VA	Cave Spring	37.2269	-80.0069
VA	Cedar Bluff	37.087	-81.7637
VA	Central Garage	37.7473	-77.1251
VA	Centreville	38.8406	-77.4385
VA	Chamberlayne	37.6274	-77.4282
VA	Chantilly	38.8892	-77.4421
VA	Charles City	37.3483	-77.063
VA	Charlotte Court House	37.0562	-78.6377
VA	Charlottesville	38.0377	-78.4854
VA	Chase City	36.7998	-78.461
VA	Chase Crossing	37.7603	-75.6657
VA	Chatham	36.8119	-79.4001
VA	Chatmoss	36.6767	-79.8084
VA	Cheriton	37.2944	-75.9655
VA	Cherry Hill	38.5674	-77.2863
VA	Chesapeake	36.6794	-76.3018
VA	Chester	37.352	-77.4337
VA	Chester Gap	38.8501	-78.1316
VA	Chilhowie	36.8002	-81.6829
VA	Chincoteague	37.9493	-75.3526
VA	Christiansburg	37.1407	-80.4045
VA	Churchville	38.2247	-79.1614
VA	Claremont	37.2273	-76.9666
VA	Clarksville	36.6182	-78.5645
VA	Clary	39.0277	-78.3371
VA	Claypool Hill	37.0647	-81.75
VA	Cleveland	36.9437	-82.1526
VA	Clifton	38.7801	-77.386
VA	Clifton Forge	37.8233	-79.8252
VA	Cliftondale Park	37.8249	-79.7981
VA	Clinchco	37.1574	-82.3545
VA	Clinchport	36.68	-82.7442
VA	Clintwood	37.153	-82.4599
VA	Clover	36.8402	-78.7219
VA	Cloverdale	37.3561	-79.9036
VA	Cluster Springs	36.6045	-78.9231
VA	Coeburn	36.9456	-82.4704
VA	Collinsville	36.721	-79.9116
VA	Colonial Beach	38.2644	-76.9937
VA	Colonial Heights	37.2617	-77.3968
VA	Columbia	37.7538	-78.1634
VA	Columbia Furnace	38.8749	-78.6148
VA	Concord	37.3448	-78.9829
VA	Conicville	38.829	-78.6813
VA	Countryside	39.0522	-77.4124
VA	County Center	38.6927	-77.3556
VA	Courtland	36.7123	-77.062
VA	Covington	37.7811	-79.9854
VA	Craigsville	38.0865	-79.3908
VA	Crewe	37.181	-78.1304
VA	Crimora	38.1617	-78.8438
VA	Crosspointe	38.725	-77.2632
VA	Crozet	38.0649	-78.697
VA	Culpeper	38.4703	-77.9998
VA	Cumberland	37.4987	-78.2575
VA	Dahlgren	38.342	-77.0643
VA	Dahlgren Center	38.3363	-77.0285
VA	Dale City	38.6498	-77.3459
VA	Daleville	37.4145	-79.9138
VA	Damascus	36.6327	-81.7894
VA	Dante	36.9847	-82.2836
VA	Danville	36.5833	-79.4081
VA	Dayton	38.4173	-78.9411
VA	Deep Creek	37.7599	-75.7527
VA	Deerfield	38.1946	-79.413
VA	Deltaville	37.5513	-76.3278
VA	Dendron	37.0364	-76.9241
VA	Difficult Run	38.9066	-77.3455
VA	Dillwyn	37.5405	-78.4612
VA	Dinwiddie	37.085	-77.5865
VA	Disputanta	37.1236	-77.2249
VA	Dooms	38.1001	-78.8502
VA	Doran	37.0959	-81.8319
VA	Drakes Branch	36.9933	-78.6009
VA	Dranesville	38.9967	-77.3703
VA	Draper	37.0002	-80.7325
VA	Dryden	36.7758	-82.9441
VA	Dublin	37.1055	-80.6897
VA	Duffield	36.7196	-82.796
VA	Dulles Town Center	39.0235	-77.4135
VA	Dumbarton	37.6119	-77.5083
VA	Dumfries	38.5673	-77.3224
VA	Dunbar	36.9733	-82.7459
VA	Dungannon	36.8284	-82.4681
VA	Dunn Loring	38.8941	-77.2292
VA	Eagle Rock	37.6423	-79.7919
VA	Earlysville	38.1546	-78.4689
VA	East Highland Park	37.5775	-77.3868
VA	East Lexington	37.8015	-79.4165
VA	East Stone Gap	36.8657	-82.7435
VA	Eastville	37.3511	-75.9408
VA	Ebony	36.5759	-77.984
VA	Edinburg	38.8229	-78.5627
VA	Eggleston	37.2872	-80.6219
VA	Elkton	38.4107	-78.6161
VA	Elliston	37.223	-80.2157
VA	Emory	36.7798	-81.8274
VA	Emporia	36.6962	-77.536
VA	Enon	37.3273	-77.3217
VA	Esmont	37.8285	-78.5921
VA	Ettrick	37.2473	-77.4308
VA	Ewing	36.6375	-83.4295
VA	Exmore	37.5295	-75.8283
VA	Fair Lakes	38.8531	-77.3893
VA	Fair Oaks	38.8651	-77.3574
VA	Fairfax	38.8532	-77.299
VA	Fairfax Station	38.7948	-77.3385
VA	Fairfield	37.8828	-79.2829
VA	Fairlawn	37.1452	-80.5438
VA	Fairview	36.8292	-78.4653
VA	Fairview Beach	38.3282	-77.2423
VA	Falls Church	38.8847	-77.1756
VA	Falls Mills	37.2791	-81.3062
VA	Falmouth	38.3302	-77.4659
VA	Fancy Gap	36.6713	-80.7011
VA	Farmville	37.2961	-78.4004
VA	Ferrum	36.9385	-79.995
VA	Fieldale	36.7009	-79.9424
VA	Fincastle	37.5016	-79.8748
VA	Fishers Hill	38.9886	-78.4035
VA	Fishersville	38.1023	-78.9862
VA	Flint Hill	38.7656	-78.1035
VA	Floris	38.9294	-77.4091
VA	Floyd	36.9122	-80.3181
VA	Forest	37.3749	-79.2771
VA	Forestville	38.7146	-78.7232
VA	Fort Belvoir	38.7131	-77.1445
VA	Fort Chiswell	36.9447	-80.9561
VA	Fort Hunt	38.7355	-77.0577
VA	Fort Lee	37.2356	-77.3325
VA	Franconia	38.7679	-77.1583
VA	Franklin	36.684	-76.9414
VA	Franklin Farm	38.9098	-77.3959
VA	Franktown	37.4776	-75.8773
VA	Fredericksburg	38.2993	-77.4867
VA	Free Union	38.1533	-78.5589
VA	Fries	36.7141	-80.975
VA	Front Royal	38.925	-78.1834
VA	Gainesville	38.7932	-77.6422
VA	Galax	36.6656	-80.9143
VA	Gargatha	37.7909	-75.5768
VA	Gasburg	36.5576	-77.8729
VA	Gate City	36.6461	-82.5784
VA	George Mason	38.8315	-77.3024
VA	Glade Spring	36.7899	-81.7723
VA	Glasgow	37.6318	-79.4582
VA	Glen Allen	37.6659	-77.4843
VA	Glen Lyn	37.3727	-80.8589
VA	Glen Wilton	37.756	-79.8218
VA	Glenvar	37.2762	-80.1264
VA	Gloucester Courthouse	37.4035	-76.5235
VA	Gloucester Point	37.2703	-76.4974
VA	Goochland	37.6971	-77.8937
VA	Goose Creek Village	39.0431	-77.5254
VA	Gordonsville	38.1356	-78.1874
VA	Gore	39.2628	-78.3282
VA	Goshen	37.99	-79.5078
VA	Gratton	37.1347	-81.4268
VA	Great Falls	39.0124	-77.3019
VA	Great Falls Crossing	38.9812	-77.3244
VA	Greenbackville	38.01	-75.3854
VA	Greenbriar	38.8716	-77.3991
VA	Greenbush	37.7398	-75.6797
VA	Greenville	38.0035	-79.1539
VA	Gretna	36.9495	-79.3626
VA	Grottoes	38.2697	-78.8259
VA	Groveton	38.7498	-77.1074
VA	Grundy	37.2672	-82.0946
VA	Gwynn	37.4956	-76.2866
VA	Halifax	36.7612	-78.9276
VA	Hallwood	37.8774	-75.5895
VA	Hamilton	39.135	-77.664
VA	Hampden-Sydney	37.244	-78.4757
VA	Hampton	37.048	-76.2973
VA	Hanover	37.7721	-77.375
VA	Harborton	37.6596	-75.8332
VA	Harrisonburg	38.4363	-78.8733
VA	Harriston	38.2083	-78.826
VA	Hayfield	38.7534	-77.1326
VA	Haymarket	38.8122	-77.6363
VA	Haysi	37.2159	-82.2867
VA	Heathsville	37.9115	-76.4786
VA	Henry Fork	36.9697	-79.8704
VA	Herndon	38.9704	-77.3871
VA	Highland Springs	37.5517	-77.3279
VA	Hillsboro	39.1998	-77.7226
VA	Hillsville	36.7616	-80.7367
VA	Hilltown	36.729	-80.9822
VA	Hiltons	36.6549	-82.4678
VA	Hiwassee	36.9719	-80.6949
VA	Hollins	37.344	-79.9522
VA	Hollymead	38.1214	-78.4365
VA	Honaker	37.0156	-81.9685
VA	Hopewell	37.291	-77.2989
VA	Horntown	37.9661	-75.457
VA	Horse Pasture	36.6322	-79.9523
VA	Hot Springs	38.0013	-79.8239
VA	Hudson Crossroads	38.7942	-78.7268
VA	Huntington	38.7913	-77.0735
VA	Hurt	37.0964	-79.3033
VA	Hutchison	38.9637	-77.4109
VA	Hybla Valley	38.7462	-77.0796
VA	Idylwood	38.8892	-77.204
VA	Independence	36.6275	-81.1492
VA	Independent Hill	38.6445	-77.4251
VA	Innovation	38.754	-77.5247
VA	Innsbrook	37.6537	-77.5765
VA	Iron Gate	37.7989	-79.7906
VA	Irvington	37.6624	-76.42
VA	Ivanhoe	36.8432	-80.9687
VA	Ivor	36.9011	-76.8947
VA	Ivy	38.0636	-78.5992
VA	Jarratt	36.816	-77.4689
VA	Jewell Ridge	37.1858	-81.7874
VA	Jolivue	38.1111	-79.0683
VA	Jonesville	36.6871	-83.1153
VA	Keezletown	38.4128	-78.7977
VA	Keller	37.6211	-75.7644
VA	Kenbridge	36.9609	-78.1284
VA	Keokee	36.8625	-82.9137
VA	Keswick	38.0145	-78.3616
VA	Keysville	37.039	-78.4804
VA	Kilmarnock	37.7107	-76.3829
VA	Kincora	39.039	-77.4366
VA	King George	38.2794	-77.1843
VA	King William	37.6832	-77.0298
VA	King and Queen Court House	37.6652	-76.8778
VA	Kings Park	38.8022	-77.2393
VA	Kings Park West	38.8144	-77.2958
VA	Kingstowne	38.7629	-77.1439
VA	La Crosse	36.7014	-78.0945
VA	Lafayette	37.2334	-80.2046
VA	Lake Barcroft	38.8516	-77.1587
VA	Lake Caroline	37.9873	-77.5195
VA	Lake Holiday	39.3075	-78.3252
VA	Lake Land'Or	38.0175	-77.5532
VA	Lake Monticello	37.9198	-78.3319
VA	Lake Ridge	38.687	-77.3058
VA	Lake Wilderness	38.3041	-77.7265
VA	Lake of the Woods	38.3338	-77.7565
VA	Lakeside	37.6131	-77.4771
VA	Lancaster	37.7601	-76.4487
VA	Lansdowne	39.0853	-77.4837
VA	Laurel	37.6361	-77.5071
VA	Laurel Hill	38.7059	-77.2433
VA	Laurel Park	36.6885	-79.7866
VA	Lawrenceville	36.7565	-77.8539
VA	Laymantown	37.3639	-79.8601
VA	Lebanon	36.8995	-82.0785
VA	Lebanon Church	39.0559	-78.3705
VA	Lee Mont	37.7799	-75.6802
VA	Leesburg	39.1064	-77.5592
VA	Leesylvania	38.6083	-77.2829
VA	Lexington	37.7823	-79.4443
VA	Lincolnia	38.8158	-77.1543
VA	Linton Hall	38.7526	-77.576
VA	Linville	38.5166	-78.8351
VA	Loch Lomond	38.7807	-77.482
VA	Locust Grove	38.9695	-78.4021
VA	Locust Mount	37.6124	-75.7017
VA	Long Branch	38.8305	-77.27
VA	Lorton	38.6987	-77.2166
VA	Loudoun Valley Estates	38.9805	-77.5092
VA	Louisa	38.0166	-77.9997
VA	Lovettsville	39.2698	-77.6404
VA	Lovingston	37.7639	-78.8597
VA	Low Moor	37.7979	-79.869
VA	Lowes Island	39.0492	-77.3548
VA	Lunenburg	36.9585	-78.2682
VA	Luray	38.6642	-78.4545
VA	Lynchburg	37.399	-79.1955
VA	Lyndhurst	38.0234	-78.9498
VA	Madison	38.3794	-78.2586
VA	Madison Heights	37.4503	-79.1082
VA	Makemie Park	37.9106	-75.5845
VA	Mallow	37.7663	-79.9725
VA	Manassas	38.7468	-77.4826
VA	Manassas Park	38.7694	-77.4423
VA	Manchester	37.4891	-77.5439
VA	Mantua	38.8517	-77.2575
VA	Mappsburg	37.5805	-75.7549
VA	Mappsville	37.8434	-75.5688
VA	Marion	36.8374	-81.5157
VA	Marshall	38.866	-77.8371
VA	Martinsville	36.6835	-79.8636
VA	Mason Neck	38.651	-77.1705
VA	Massanetta Springs	38.395	-78.8316
VA	Massanutten	38.4111	-78.7279
VA	Mathews	37.4433	-76.3277
VA	Matoaca	37.2323	-77.4675
VA	Maurertown	38.9318	-78.4643
VA	Max Meadows	36.9789	-80.9618
VA	McDowell	38.3419	-79.5053
VA	McGaheysville	38.3729	-78.7326
VA	McKenney	36.9854	-77.7219
VA	McLean	38.9435	-77.1929
VA	McMullin	36.8187	-81.5773
VA	McNair	38.9522	-77.4136
VA	Meadowbrook	37.4305	-77.4745
VA	Meadows of Dan	36.7386	-80.3974
VA	Meadowview	36.7637	-81.8835
VA	Mechanicsburg	37.1533	-80.9418
VA	Mechanicsville	37.6299	-77.3548
VA	Melfa	37.649	-75.7407
VA	Mendota	36.7111	-82.3057
VA	Merrifield	38.872	-77.2397
VA	Merrimac	37.1949	-80.422
VA	Metompkin	37.7671	-75.6054
VA	Middlebrook	38.0669	-79.234
VA	Middleburg	38.9703	-77.7406
VA	Middletown	39.0291	-78.2778
VA	Midland	38.5985	-77.719
VA	Midlothian	37.4844	-77.6496
VA	Millboro	37.9785	-79.6022
VA	Mineral	38.0076	-77.9062
VA	Modest Town	37.8169	-75.5611
VA	Moneta	37.1882	-79.6134
VA	Montclair	38.6138	-77.3416
VA	Monterey	38.4116	-79.5809
VA	Montrose	37.5213	-77.3749
VA	Montross	38.0924	-76.8159
VA	Montvale	37.3852	-79.7255
VA	Moorefield	38.9983	-77.4927
VA	Motley	37.0658	-79.35
VA	Mount Clifton	38.7609	-78.7215
VA	Mount Crawford	38.3609	-78.941
VA	Mount Hermon	36.6687	-79.4222
VA	Mount Jackson	38.7389	-78.6509
VA	Mount Olive	38.978	-78.4534
VA	Mount Sidney	38.255	-78.9713
VA	Mount Vernon	38.7134	-77.1052
VA	Mountain Road	36.7516	-78.9883
VA	Narrows	37.3313	-80.8093
VA	Nassawadox	37.4763	-75.8592
VA	Nathalie	36.9477	-78.9333
VA	Navy	38.8892	-77.3909
VA	Nellysford	37.9235	-78.8935
VA	Nelsonia	37.8225	-75.5895
VA	New Baltimore	38.742	-77.7169
VA	New Castle	37.501	-80.111
VA	New Church	37.9832	-75.5291
VA	New Hope	38.1925	-78.8947
VA	New Kent	37.5095	-76.9862
VA	New Market	38.6452	-78.6711
VA	New River	37.1429	-80.5958
VA	Newington	38.7341	-77.1979
VA	Newington Forest	38.738	-77.2352
VA	Newport News	37.0761	-76.522
VA	Newsoms	36.6262	-77.1248
VA	Nickelsville	36.7488	-82.4172
VA	Nokesville	38.693	-77.5764
VA	Norfolk	36.923	-76.2446
VA	North Garden	37.9627	-78.6311
VA	North Shore	37.0831	-79.6484
VA	North Springfield	38.8028	-77.2011
VA	Norton	36.9315	-82.626
VA	Nottoway Court House	37.1271	-78.0711
VA	Oak Grove	38.9834	-77.4155
VA	Oak Hall	37.9308	-75.5469
VA	Oak Level	36.7948	-79.9414
VA	Oakton	38.8894	-77.3022
VA	Occoquan	38.6817	-77.2619
VA	Onancock	37.71	-75.7437
VA	One Loudoun	39.0504	-77.4548
VA	Onley	37.6913	-75.7171
VA	Opal	38.6157	-77.8098
VA	Orange	38.2478	-78.1132
VA	Orkney Springs	38.7944	-78.8161
VA	Osaka	36.9515	-82.8144
VA	Painter	37.5852	-75.7838
VA	Palmyra	37.8664	-78.2576
VA	Pamplin City	37.2663	-78.6837
VA	Pantops	38.0326	-78.4448
VA	Paris	39.0013	-77.9501
VA	Parksley	37.7863	-75.6539
VA	Parrott	37.2141	-80.6318
VA	Passapatanzy	38.2946	-77.3322
VA	Pastoria	37.745	-75.6358
VA	Patrick Springs	36.6343	-80.1985
VA	Pearisburg	37.3287	-80.7273
VA	Pembroke	37.3219	-80.6365
VA	Penhook	36.9925	-79.6376
VA	Pennington Gap	36.7576	-83.0353
VA	Petersburg	37.2047	-77.3924
VA	Phenix	37.0811	-78.7485
VA	Pimmit Hills	38.9105	-77.1991
VA	Piney Mountain	38.1621	-78.4111
VA	Plum Creek	37.1271	-80.5034
VA	Pocahontas	37.3097	-81.3458
VA	Poquoson	37.1284	-76.3035
VA	Port Republic	38.2831	-78.8132
VA	Port Royal	38.1649	-77.1993
VA	Portsmouth	36.8593	-76.357
VA	Potomac Mills	38.6565	-77.2988
VA	Pound	37.1261	-82.6073
VA	Pounding Mill	37.0786	-81.7122
VA	Powhatan	37.5421	-77.9271
VA	Prices Fork	37.2063	-80.4881
VA	Prince George	37.2209	-77.2683
VA	Pulaski	37.0528	-80.7619
VA	Pungoteague	37.6286	-75.8165
VA	Purcellville	39.1375	-77.7114
VA	Quantico	38.5224	-77.2901
VA	Quantico Base	38.5228	-77.3183
VA	Quicksburg	38.6909	-78.6824
VA	Quinby	37.5533	-75.7368
VA	Radford	37.1201	-80.5591
VA	Raven	37.0935	-81.8595
VA	Ravensworth	38.8032	-77.2226
VA	Rectortown	38.9211	-77.8569
VA	Remington	38.5346	-77.8082
VA	Reston	38.9498	-77.3462
VA	Rhoadesville	38.2708	-77.9316
VA	Rich Creek	37.3846	-80.8188
VA	Richlands	37.088	-81.8104
VA	Richmond	37.5314	-77.476
VA	Ridgeway	36.5782	-79.8583
VA	Riner	37.067	-80.4406
VA	Rio	38.0805	-78.4732
VA	Ripplemead	37.3394	-80.693
VA	Rivanna	37.9953	-78.3788
VA	Riverdale	36.6748	-78.894
VA	Riverview	36.9312	-82.4842
VA	Roanoke	37.2785	-79.9582
VA	Rockwood	37.463	-77.5744
VA	Rocky Gap	37.241	-81.1075
VA	Rocky Mount	37.0044	-79.8848
VA	Rose Hill	38.7869	-77.1088
VA	Round Hill	39.1315	-77.7672
VA	Ruckersville	38.2281	-78.3775
VA	Rural Retreat	36.9051	-81.2772
VA	Rushmere	37.0714	-76.6708
VA	Rustburg	37.2722	-79.1001
VA	Salem	37.2853	-80.0552
VA	Saltville	36.8759	-81.7629
VA	Saluda	37.6053	-76.5938
VA	Sandston	37.5131	-77.313
VA	Sandy Level	36.5738	-79.7281
VA	Sanford	37.9332	-75.6687
VA	Saumsville	38.932	-78.5009
VA	Savage Town	37.5501	-75.7983
VA	Savageville	37.6825	-75.7592
VA	Saxis	37.9262	-75.7236
VA	Schooner Bay	37.7637	-75.7686
VA	Schuyler	37.7955	-78.6976
VA	Scotland	37.1811	-76.7965
VA	Scottsburg	36.7592	-78.7912
VA	Scottsville	37.8113	-78.4882
VA	Sedley	36.7769	-76.9899
VA	Selma	37.8041	-79.8499
VA	Seven Corners	38.8655	-77.1448
VA	Seven Mile Ford	36.8156	-81.6322
VA	Shawneeland	39.1959	-78.3458
VA	Shawsville	37.1704	-80.2544
VA	Shenandoah	38.4871	-78.6165
VA	Shenandoah Farms	38.9753	-78.0476
VA	Shenandoah Retreat	39.1393	-77.8626
VA	Shenandoah Shores	38.9622	-78.1402
VA	Sherando	37.9901	-78.9425
VA	Shipman	37.7308	-78.8409
VA	Short Pump	37.6566	-77.62
VA	Singers Glen	38.5465	-78.9144
VA	Skyland Estates	38.9318	-78.0862
VA	Smithfield	36.9724	-76.6142
VA	Snowville	37.0216	-80.5794
VA	South Boston	36.7118	-78.9134
VA	South Hill	36.7257	-78.1289
VA	South Riding	38.9117	-77.5133
VA	South Run	38.7483	-77.2732
VA	Southampton Meadows	36.5916	-76.9293
VA	Southern Gateway	38.3448	-77.5029
VA	Southside Chesconessex	37.744	-75.7787
VA	Sperryville	38.6555	-78.2361
VA	Spotsylvania Courthouse	38.1994	-77.589
VA	Springfield	38.7816	-77.1839
VA	Springville	37.1876	-81.3902
VA	St. Charles	36.8051	-83.0573
VA	St. Paul	36.9067	-82.317
VA	Stafford Courthouse	38.4149	-77.4157
VA	Stanardsville	38.2991	-78.4368
VA	Stanley	38.581	-78.4994
VA	Stanleytown	36.7515	-79.9524
VA	Staunton	38.158	-79.0619
VA	Stephens City	39.0931	-78.2183
VA	Sterling	39.0047	-77.4054
VA	Stevens Creek	36.7315	-80.9942
VA	Stewartsville	37.2601	-79.7917
VA	Stickleyville	36.7133	-82.9122
VA	Stone Ridge	38.925	-77.5555
VA	Stonega	36.9522	-82.7899
VA	Stony Creek	36.948	-77.4001
VA	Strasburg	39.0034	-78.3495
VA	Stuart	36.6404	-80.2686
VA	Stuarts Draft	38.0188	-79.0347
VA	Sudley	38.7868	-77.499
VA	Suffolk	36.6972	-76.6348
VA	Sugar Grove	36.7608	-81.4012
VA	Sugarland Run	39.0326	-77.3666
VA	Sully Square	38.9219	-77.4264
VA	Surry	37.1371	-76.8333
VA	Sussex	36.9174	-77.2719
VA	Tacoma	36.9352	-82.5306
VA	Tangier	37.8234	-75.9928
VA	Tappahannock	37.9124	-76.866
VA	Tasley	37.7124	-75.697
VA	Tazewell	37.1289	-81.5066
VA	Temperanceville	37.9073	-75.5579
VA	Templeton	37.081	-77.3563
VA	The Plains	38.8622	-77.7742
VA	The University of Virginia's College at Wise	36.9724	-82.5574
VA	Thynedale	36.8182	-78.4775
VA	Timberlake	37.3172	-79.2469
VA	Timberville	38.6327	-78.7737
VA	Toms Brook	38.9465	-78.44
VA	Triangle	38.5472	-77.3185
VA	Troutdale	36.696	-81.4375
VA	Troutville	37.4167	-79.8781
VA	Tuckahoe	37.5873	-77.5882
VA	Twin Lakes	38.2498	-78.4428
VA	Tysons	38.9214	-77.2276
VA	Union Hall	37.0221	-79.6808
VA	Union Level	36.7071	-78.2318
VA	Union Mill	38.8013	-77.3871
VA	Unionville	38.2578	-77.9771
VA	University Center	39.0624	-77.4456
VA	University of Virginia	38.035	-78.5205
VA	Upperville	38.9917	-77.8815
VA	Urbanna	37.6399	-76.5751
VA	Vansant	37.2353	-82.0963
VA	Verona	38.1943	-79.0095
VA	Victoria	36.9944	-78.2243
VA	Vienna	38.8986	-77.2583
VA	Villa Heights	36.7022	-79.8946
VA	Vinton	37.2742	-79.8882
VA	Virgilina	36.5457	-78.7752
VA	Virginia Beach	36.7795	-76.0291
VA	Wachapreague	37.6064	-75.6893
VA	Wakefield	38.8247	-77.243
VA	Warfield	36.896	-77.819
VA	Warm Springs	38.045	-79.7787
VA	Warrenton	38.7178	-77.7973
VA	Warsaw	37.9604	-76.7609
VA	Washington	38.7117	-78.16
VA	Waterford	39.1852	-77.6119
VA	Wattsville	37.9291	-75.4925
VA	Waverly	37.034	-77.0956
VA	Waynesboro	38.0672	-78.9014
VA	Weber City	36.6237	-82.5634
VA	Weems	37.6547	-76.4546
VA	West Falls Church	38.8656	-77.1877
VA	West Point	37.5523	-76.8018
VA	West Springfield	38.7752	-77.2247
VA	Westlake Corner	37.1186	-79.6979
VA	Weyers Cave	38.2801	-78.9142
VA	White Stone	37.6447	-76.39
VA	Whitesville	37.7816	-75.6637
VA	Williamsburg	37.2695	-76.7082
VA	Willis Wharf	37.5179	-75.8069
VA	Winchester	39.1739	-78.1764
VA	Windsor	36.8112	-76.7384
VA	Wintergreen	37.9059	-78.9287
VA	Wise	36.9769	-82.5811
VA	Wolf Trap	38.9373	-77.2829
VA	Woodbridge	38.6406	-77.2551
VA	Woodburn	38.8494	-77.2265
VA	Woodlake	37.4201	-77.6772
VA	Woodlawn	36.7388	-80.8095
VA	Woodstock	38.8721	-78.5171
VA	Wyndham	37.6922	-77.6107
VA	Wytheville	36.9534	-81.0884
VA	Yogaville	37.6679	-78.6893
VA	Yorkshire	38.789	-77.4499
VA	Yorktown	37.234	-76.5182
VT	Albany	44.7299	-72.3818
VT	Alburgh	44.9767	-73.3026
VT	Algiers	42.82	-72.5796
VT	Arlington	43.0729	-73.1461
VT	Ascutney	43.4083	-72.4057
VT	Bakersfield	44.782	-72.8033
VT	Barnet	44.2955	-72.0498
VT	Barre	44.1991	-72.508
VT	Barton	44.748	-72.1786
VT	Beecher Falls	45.0096	-71.4879
VT	Bellows Falls	43.1346	-72.4591
VT	Bennington	42.8712	-73.1802
VT	Benson	43.7101	-73.303
VT	Bethel	43.8297	-72.6345
VT	Bolton	44.3742	-72.886
VT	Bolton Valley	44.4166	-72.8575
VT	Bradford	43.9959	-72.1245
VT	Brandon	43.8105	-73.0903
VT	Brattleboro	42.8616	-72.5592
VT	Bristol	44.1377	-73.0913
VT	Burlington	44.4919	-73.2389
VT	Cabot	44.4068	-72.3167
VT	Cambridge	44.6373	-72.8814
VT	Canaan	45.0067	-71.5271
VT	Castleton	43.6054	-73.1848
VT	Castleton Four Corners	43.612	-73.2106
VT	Cavendish	43.3854	-72.6079
VT	Chelsea	43.9917	-72.4512
VT	Chester	43.2692	-72.5963
VT	Chimney Hill	42.889	-72.9096
VT	Chittenden	43.7033	-72.9495
VT	Concord	44.4356	-71.8864
VT	Coventry	44.8649	-72.27
VT	Danby	43.3437	-72.9946
VT	Danville	44.4103	-72.1416
VT	Derby Center	44.9546	-72.1362
VT	Derby Line	44.9987	-72.1073
VT	Dorset	43.2605	-73.1084
VT	East Barre	44.1483	-72.4495
VT	East Burke	44.5877	-71.941
VT	East Charlotte	44.3184	-73.1909
VT	East Dorset	43.2437	-73.0075
VT	East Middlebury	43.9766	-73.1002
VT	East Montpelier	44.2673	-72.4912
VT	East Poultney	43.5256	-73.215
VT	Enosburg Falls	44.91	-72.802
VT	Essex Junction	44.4903	-73.1141
VT	Fair Haven	43.5928	-73.2689
VT	Fairfax	44.6713	-73.0093
VT	Fairlee	43.8938	-72.1591
VT	Gilman	44.414	-71.7123
VT	Glover	44.7071	-72.1993
VT	Grafton	43.1707	-72.6085
VT	Graniteville	44.1458	-72.4814
VT	Greensboro	44.579	-72.3155
VT	Greensboro Bend	44.5614	-72.2656
VT	Groton	44.2189	-72.2011
VT	Hanksville	44.2534	-72.9609
VT	Hardwick	44.497	-72.3645
VT	Harmonyville	43.0363	-72.6674
VT	Hartford Village	43.6667	-72.3377
VT	Hartland	43.5426	-72.4011
VT	Highgate Center	44.9349	-73.0385
VT	Highgate Springs	44.9783	-73.1056
VT	Hinesburg	44.3331	-73.1092
VT	Huntington	44.3264	-72.9894
VT	Huntington Center	44.289	-72.9692
VT	Hyde Park	44.5991	-72.6084
VT	Irasburg	44.8008	-72.2906
VT	Island Pond	44.814	-71.8855
VT	Jacksonville	42.794	-72.8156
VT	Jamaica	43.0952	-72.7746
VT	Jeffersonville	44.6466	-72.8261
VT	Jericho	44.5027	-72.9903
VT	Johnson	44.637	-72.6787
VT	Killington Village	43.6505	-72.7784
VT	Lincoln	44.1027	-72.9938
VT	Londonderry	43.2301	-72.808
VT	Lowell	44.7935	-72.4328
VT	Ludlow	43.4019	-72.6992
VT	Lunenburg	44.4531	-71.6742
VT	Lyndon	44.5151	-72.0138
VT	Lyndon Center	44.5406	-72.0156
VT	Lyndonville	44.535	-72.0006
VT	Manchester	43.16	-73.0671
VT	Manchester Center	43.1884	-73.0352
VT	Marshfield	44.3534	-72.3497
VT	Middlebury	44.0079	-73.1576
VT	Middletown Springs	43.4866	-73.123
VT	Milton	44.6304	-73.1224
VT	Montpelier	44.2664	-72.5715
VT	Morrisville	44.5572	-72.59
VT	New Haven	44.133	-73.1454
VT	Newbury	44.0808	-72.0577
VT	Newfane	42.9874	-72.6559
VT	Newport	44.9367	-72.2096
VT	Newport Center	44.9524	-72.3061
VT	North Bennington	42.9206	-73.2409
VT	North Clarendon	43.5712	-72.9685
VT	North Hartland	43.597	-72.3597
VT	North Hyde Park	44.6642	-72.5889
VT	North Pownal	42.7986	-73.2573
VT	North Springfield	43.3299	-72.5338
VT	North Troy	44.9963	-72.4035
VT	North Westminster	43.1224	-72.4564
VT	Northfield	44.1465	-72.6571
VT	Norwich	43.718	-72.3057
VT	Old Bennington	42.8849	-73.2143
VT	Orleans	44.8088	-72.1995
VT	Pawlet	43.339	-73.1684
VT	Peacham	44.3296	-72.1725
VT	Pittsford	43.7123	-73.0253
VT	Plainfield	44.281	-72.4318
VT	Poultney	43.5178	-73.236
VT	Pownal	42.7653	-73.2342
VT	Pownal Center	42.7977	-73.2215
VT	Proctor	43.6764	-73.0454
VT	Proctorsville	43.3808	-72.6415
VT	Putney	42.9713	-72.5277
VT	Quechee	43.6445	-72.419
VT	Randolph	43.9263	-72.6664
VT	Readsboro	42.7656	-72.9521
VT	Richford	44.994	-72.6694
VT	Richmond	44.4057	-73.0015
VT	Rochester	43.8704	-72.8036
VT	Rutland	43.6097	-72.9778
VT	Saxtons River	43.1394	-72.5111
VT	Sheffield	44.5961	-72.1152
VT	Shelburne	44.3905	-73.218
VT	South Barre	44.1607	-72.5023
VT	South Burlington	44.4365	-73.1826
VT	South Hero	44.6484	-73.3013
VT	South Lincoln	44.0599	-72.9745
VT	South Londonderry	43.1914	-72.8083
VT	South Royalton	43.8071	-72.5123
VT	South Shaftsbury	42.9406	-73.1946
VT	South Woodstock	43.5602	-72.527
VT	Springfield	43.2966	-72.4819
VT	St. Albans	44.8115	-73.0845
VT	St. George	44.3797	-73.1316
VT	St. Johnsbury	44.4304	-72.0086
VT	Stamford	42.7548	-73.061
VT	Stowe	44.4672	-72.6838
VT	Stratton Mountain	43.1162	-72.9053
VT	Sutton	44.6301	-72.0315
VT	Swanton	44.9245	-73.1194
VT	Townshend	43.0495	-72.6704
VT	Troy	44.9111	-72.4016
VT	Underhill Center	44.508	-72.8987
VT	Underhill Flats	44.5233	-72.9462
VT	Vergennes	44.1677	-73.2553
VT	Waitsfield	44.1833	-72.8345
VT	Wallingford	43.4727	-72.966
VT	Wardsboro	43.0438	-72.7884
VT	Waterbury	44.3364	-72.7491
VT	Waterbury Center	44.378	-72.7208
VT	Websterville	44.1573	-72.4776
VT	Wells	43.4187	-73.2123
VT	Wells River	44.1565	-72.068
VT	West Brattleboro	42.8565	-72.6004
VT	West Burke	44.6438	-71.9793
VT	West Charlotte	44.3073	-73.2573
VT	West Dummerston	42.9298	-72.6128
VT	West Pawlet	43.3544	-73.2476
VT	West Rutland	43.5967	-73.043
VT	West Woodstock	43.6104	-72.5525
VT	Westford	44.6033	-73.016
VT	Westminster	43.0785	-72.4543
VT	Weston	43.2907	-72.7937
VT	White River Junction	43.65	-72.3292
VT	Whitingham	42.7892	-72.8833
VT	Wilder	43.6777	-72.3204
VT	Williamstown	44.1177	-72.5505
VT	Wilmington	42.8693	-72.8611
VT	Windsor	43.4792	-72.3907
VT	Winooski	44.4956	-73.1849
VT	Wolcott	44.5518	-72.4701
VT	Woodstock	43.6234	-72.513
VT	Worcester	44.37	-72.5501
WA	Aberdeen	46.9752	-123.8114
WA	Aberdeen Gardens	47.0573	-123.7779
WA	Acme	48.7164	-122.21
WA	Addy	48.3589	-117.8372
WA	Ahtanum	46.5572	-120.614
WA	Airway Heights	47.6459	-117.5792
WA	Albion	46.7916	-117.2512
WA	Alder	46.782	-122.2612
WA	Alderton	47.1763	-122.2224
WA	Alderwood Manor	47.8146	-122.2673
WA	Alger	48.6103	-122.3293
WA	Algona	47.282	-122.2505
WA	Allyn	47.3868	-122.8393
WA	Almira	47.7106	-118.937
WA	Altoona	46.2697	-123.6212
WA	Amanda Park	47.4539	-123.9251
WA	Amboy	45.9159	-122.4889
WA	Ames Lake	47.634	-121.9606
WA	Anacortes	48.4887	-122.624
WA	Anatone	46.1354	-117.1325
WA	Anderson Island	47.1499	-122.6817
WA	Arlington	48.1704	-122.1446
WA	Arlington Heights	48.2119	-122.063
WA	Artondale	47.3036	-122.6525
WA	Ashford	46.7549	-122.0155
WA	Asotin	46.3337	-117.0398
WA	Auburn	47.3038	-122.21
WA	Bainbridge Island	47.6425	-122.5078
WA	Bangor Base	47.7223	-122.7141
WA	Banks Lake South	47.6301	-119.2744
WA	Barberton	45.7136	-122.6114
WA	Baring	47.7686	-121.482
WA	Barney's Junction	48.6204	-118.129
WA	Barstow	48.7783	-118.1329
WA	Basin City	46.589	-119.1566
WA	Battle Ground	45.7768	-122.541
WA	Bay Center	46.6208	-123.9532
WA	Bay View	48.487	-122.4626
WA	Beacon Hill	46.1712	-122.9207
WA	Beaux Arts Village	47.5853	-122.2036
WA	Belfair	47.4468	-122.8528
WA	Bell Hill	48.0549	-123.087
WA	Bellevue	47.5978	-122.1565
WA	Bellingham	48.7534	-122.4702
WA	Benton City	46.2637	-119.479
WA	Bethel	47.4874	-122.6175
WA	Beverly	46.8348	-119.9303
WA	Bickleton	46.0056	-120.308
WA	Big Lake	48.3958	-122.2432
WA	Bingen	45.7131	-121.4718
WA	Birch Bay	48.9234	-122.7453
WA	Black Diamond	47.3147	-122.0177
WA	Blaine	48.9872	-122.7488
WA	Blyn	48.0095	-122.9802
WA	Bonney Lake	47.1995	-122.163
WA	Bothell	47.7735	-122.2044
WA	Bothell East	47.8064	-122.1844
WA	Bothell West	47.8056	-122.2401
WA	Boulevard Park	47.5134	-122.3148
WA	Bow	48.5613	-122.4078
WA	Boyds	48.7244	-118.1321
WA	Brady	47.0046	-123.5419
WA	Bremerton	47.5399	-122.717
WA	Brewster	48.107	-119.7698
WA	Bridgeport	48.007	-119.6725
WA	Brier	47.7924	-122.2734
WA	Brinnon	47.6686	-122.9166
WA	Browns Point	47.3038	-122.4367
WA	Brush Prairie	45.725	-122.5483
WA	Bryant	48.2465	-122.1781
WA	Bryn Mawr-Skyway	47.495	-122.2406
WA	Buckley	47.1622	-122.0203
WA	Bucoda	46.7953	-122.8698
WA	Buena	46.4277	-120.3182
WA	Bunk Foss	47.9617	-122.0944
WA	Burbank	46.1984	-118.9834
WA	Burien	47.4756	-122.3447
WA	Burley	47.416	-122.6447
WA	Burlington	48.4664	-122.3289
WA	Camano	48.1525	-122.4621
WA	Camas	45.6018	-122.4304
WA	Canterwood	47.3765	-122.602
WA	Canyon Creek	48.11	-121.9825
WA	Carbonado	47.0823	-122.0518
WA	Carlsborg	48.0842	-123.1697
WA	Carnation	47.6442	-121.9007
WA	Carson	45.7348	-121.8262
WA	Cascade Valley	47.141	-119.3283
WA	Cashmere	47.5181	-120.467
WA	Castle Rock	46.2719	-122.9039
WA	Cathcart	47.8526	-122.1058
WA	Cathlamet	46.2058	-123.384
WA	Cavalero	47.975	-122.077
WA	Centerville	45.754	-120.9081
WA	Central Park	46.9718	-123.7023
WA	Centralia	46.7221	-122.9709
WA	Chain Lake	47.9023	-121.9871
WA	Chehalis	46.6642	-122.9654
WA	Chelan	47.8443	-120.0136
WA	Chelan Falls	47.7994	-119.9883
WA	Cheney	47.4911	-117.5815
WA	Cherry Grove	45.8022	-122.5768
WA	Chewelah	48.2826	-117.7169
WA	Chico	47.6226	-122.7193
WA	Chinook	46.2755	-123.9422
WA	Clallam Bay	48.2535	-124.2578
WA	Clarkston	46.4154	-117.0501
WA	Clarkston Heights-Vineland	46.3754	-117.092
WA	Clayton	48.0012	-117.5612
WA	Cle Elum	47.1946	-120.9528
WA	Clear Lake	46.9284	-122.305
WA	Clearview	47.8292	-122.1451
WA	Cliffdell	46.9222	-121.043
WA	Clinton	47.9624	-122.3523
WA	Clover Creek	47.1433	-122.3805
WA	Clyde Hill	47.6304	-122.218
WA	Cohassett Beach	46.8649	-124.1061
WA	Colfax	46.9016	-117.3453
WA	College Place	46.0416	-118.3894
WA	Colton	46.5675	-117.1284
WA	Colville	48.5454	-117.8985
WA	Conconully	48.5586	-119.7521
WA	Concrete	48.5326	-121.7552
WA	Connell	46.6605	-118.8406
WA	Conway	48.3357	-122.3444
WA	Copalis Beach	47.1246	-124.1665
WA	Cosmopolis	46.9543	-123.7729
WA	Cottage Lake	47.7465	-122.076
WA	Cougar	46.0493	-122.3034
WA	Coulee City	47.6117	-119.2895
WA	Coulee Dam	47.9685	-118.9763
WA	Country Homes	47.7478	-117.4199
WA	Coupeville	48.2188	-122.6795
WA	Covington	47.3648	-122.1046
WA	Cowiche	46.6719	-120.7119
WA	Crescent Bar	47.2166	-119.9966
WA	Creston	47.7594	-118.5199
WA	Crocker	47.0908	-122.1267
WA	Curlew	48.8777	-118.6045
WA	Curlew Lake	48.7329	-118.6682
WA	Cusick	48.3285	-117.2925
WA	Custer	48.9128	-122.637
WA	Dallesport	45.6316	-121.1689
WA	Danville	48.9936	-118.5069
WA	Darrington	48.2588	-121.6078
WA	Dash Point	47.3125	-122.414
WA	Davenport	47.655	-118.1519
WA	Dayton	46.3168	-117.9768
WA	Deep River	46.3536	-123.7049
WA	Deer Park	47.9642	-117.4398
WA	Deming	48.8304	-122.2361
WA	Des Moines	47.3887	-122.3176
WA	Desert Aire	46.6942	-119.9291
WA	Disautel	48.3445	-119.2301
WA	Dixie	46.1404	-118.1519
WA	Dollars Corner	45.7802	-122.6
WA	Donald	46.4764	-120.3973
WA	DuPont	47.1074	-122.6476
WA	Duluth	45.7838	-122.647
WA	Duvall	47.7355	-121.9722
WA	East Cathlamet	46.1983	-123.36
WA	East Port Orchard	47.5193	-122.6183
WA	East Renton Highlands	47.4738	-122.0885
WA	East Wenatchee	47.4175	-120.2838
WA	Eastmont	47.8974	-122.1815
WA	Easton	47.2327	-121.1595
WA	Eatonville	46.8682	-122.2696
WA	Edgewood	47.2321	-122.2857
WA	Edison	48.5676	-122.4343
WA	Edmonds	47.8136	-122.3533
WA	Elbe	46.7656	-122.196
WA	Electric City	47.913	-119.0461
WA	Elk Plain	47.0419	-122.3657
WA	Ellensburg	47.0012	-120.5496
WA	Elma	47.0052	-123.4108
WA	Elmer City	48.0015	-118.9537
WA	Endicott	46.9282	-117.6867
WA	Enetai	47.5859	-122.6025
WA	Entiat	47.677	-120.2223
WA	Enumclaw	47.2022	-121.989
WA	Ephrata	47.3123	-119.5343
WA	Erlands Point	47.6024	-122.6942
WA	Eschbach	46.6651	-120.6325
WA	Esperance	47.7932	-122.3491
WA	Everett	47.9654	-122.1899
WA	Everson	48.9125	-122.3537
WA	Fairchild AFB	47.6186	-117.6484
WA	Fairfield	47.3848	-117.1748
WA	Fairwood	47.4468	-122.1429
WA	Fall City	47.5694	-121.9137
WA	Farmington	47.0887	-117.0464
WA	Federal Way	47.3116	-122.3378
WA	Felida	45.7143	-122.7127
WA	Fern Prairie	45.637	-122.3963
WA	Ferndale	48.8526	-122.5886
WA	Fife	47.2323	-122.3506
WA	Fife Heights	47.2607	-122.346
WA	Finley	46.1694	-119.0447
WA	Fircrest	47.2307	-122.5157
WA	Five Corners	45.6892	-122.5706
WA	Fobes Hill	47.9392	-122.1341
WA	Fords Prairie	46.7491	-123.0037
WA	Forks	47.9528	-124.3903
WA	Fort Lewis	47.0955	-122.5674
WA	Four Lakes	47.5626	-117.5792
WA	Fox Island	47.2577	-122.6466
WA	Frederickson	47.0918	-122.3616
WA	Freeland	48.0282	-122.5499
WA	Friday Harbor	48.5339	-123.019
WA	Garfield	47.0102	-117.1395
WA	Garrett	46.059	-118.4005
WA	Geneva	48.7453	-122.403
WA	George	47.0831	-119.8617
WA	Gig Harbor	47.3384	-122.6008
WA	Glacier	48.8921	-121.9322
WA	Gleed	46.6593	-120.6025
WA	Glenwood	46.0228	-121.2926
WA	Gold Bar	47.8563	-121.692
WA	Goldendale	45.8191	-120.8234
WA	Gorst	47.5245	-122.7043
WA	Graham	47.0343	-122.2769
WA	Grand Coulee	47.9391	-119.0021
WA	Grand Mound	46.8003	-123.0109
WA	Grandview	46.2443	-119.909
WA	Granger	46.3453	-120.1927
WA	Granite Falls	48.0896	-121.9692
WA	Grapeview	47.3298	-122.8295
WA	Grayland	46.8416	-124.0912
WA	Grays River	46.3679	-123.5813
WA	Green Bluff	47.8184	-117.2748
WA	Greenwater	47.1442	-121.6285
WA	Hamilton	48.5225	-121.9953
WA	Hansville	47.9101	-122.5711
WA	Harrah	46.4061	-120.541
WA	Harrington	47.4802	-118.2553
WA	Hartline	47.6894	-119.1081
WA	Hat Island	48.0134	-122.3207
WA	Hatton	46.7735	-118.8277
WA	Hazel Dell	45.6819	-122.6527
WA	Herron Island	47.2675	-122.832
WA	High Bridge	47.7999	-122.0238
WA	Hobart	47.4118	-122.0053
WA	Hockinson	45.7302	-122.4833
WA	Hogans Corner	47.0415	-124.1617
WA	Home	47.2747	-122.7901
WA	Hoodsport	47.402	-123.1541
WA	Hoquiam	46.9772	-123.9097
WA	Humptulips	47.2337	-123.9805
WA	Hunts Point	47.643	-122.2292
WA	Ilwaco	46.3127	-124.0267
WA	Inchelium	48.3637	-118.2456
WA	Index	47.8213	-121.5559
WA	Indianola	47.7553	-122.5115
WA	Ione	48.7398	-117.422
WA	Issaquah	47.5445	-122.0491
WA	Jamestown	48.1228	-123.091
WA	Kahlotus	46.6432	-118.5561
WA	Kalama	46.0171	-122.8419
WA	Kapowsin	46.9684	-122.223
WA	Kayak Point	48.1425	-122.3423
WA	Keller	48.0852	-118.7164
WA	Kelso	46.1168	-122.8865
WA	Kendall	48.9155	-122.1326
WA	Kenmore	47.7499	-122.2472
WA	Kennewick	46.1976	-119.1759
WA	Kent	47.388	-122.2127
WA	Ketron Island	47.1563	-122.6341
WA	Kettle Falls	48.6056	-118.0621
WA	Key Center	47.3306	-122.7549
WA	Keyport	47.7002	-122.6243
WA	Kingston	47.7944	-122.5062
WA	Kirkland	47.6967	-122.2042
WA	Kitsap Lake	47.5904	-122.7088
WA	Kittitas	46.9837	-120.4189
WA	Klickitat	45.818	-121.1626
WA	Krupp	47.4105	-118.9887
WA	La Center	45.8605	-122.6757
WA	La Conner	48.3926	-122.4945
WA	La Grande	46.8107	-122.2833
WA	LaCrosse	46.7955	-117.9178
WA	Lacey	47.0431	-122.7982
WA	Lake Bosworth	48.0555	-121.982
WA	Lake Cassidy	48.066	-122.0824
WA	Lake Cavanaugh	48.3168	-122.0107
WA	Lake Forest Park	47.7589	-122.2917
WA	Lake Goodwin	48.1354	-122.2762
WA	Lake Holm	47.3064	-122.1299
WA	Lake Ketchum	48.2858	-122.3465
WA	Lake Marcel-Stillwater	47.6951	-121.9151
WA	Lake McMurray	48.3193	-122.2333
WA	Lake Morton-Berrydale	47.3328	-122.104
WA	Lake Roesiger	47.9755	-121.9051
WA	Lake Shore	45.6911	-122.6912
WA	Lake Stevens	48.0034	-122.0968
WA	Lake Stickney	47.8758	-122.2528
WA	Lake Tapps	47.2307	-122.1712
WA	Lakeland North	47.3373	-122.2824
WA	Lakeland South	47.2761	-122.2847
WA	Lakeview	47.3755	-119.5043
WA	Lakewood	47.1641	-122.5281
WA	Lamont	47.2007	-117.9049
WA	Langley	48.0375	-122.4071
WA	Larch Way	47.8429	-122.2527
WA	Latah	47.2821	-117.1558
WA	Laurier	48.9973	-118.2248
WA	Leavenworth	47.5947	-120.6639
WA	Lebam	46.5641	-123.5509
WA	Lewisville	45.8165	-122.5082
WA	Lexington	46.1894	-122.9126
WA	Liberty Lake	47.6685	-117.1042
WA	Lind	46.9703	-118.6164
WA	Lochsloy	48.0597	-122.0411
WA	Lofall	47.8105	-122.652
WA	Long Beach	46.3619	-124.0578
WA	Longbranch	47.2236	-122.7669
WA	Longview	46.1457	-122.9643
WA	Longview Heights	46.1798	-122.9536
WA	Loomis	48.8233	-119.6397
WA	Loon Lake	48.0704	-117.6257
WA	Lower Elochoman	46.2185	-123.3698
WA	Lyle	45.6956	-121.2805
WA	Lyman	48.5238	-122.0656
WA	Lynden	48.9499	-122.4548
WA	Lynnwood	47.829	-122.3007
WA	Mabton	46.2115	-119.9939
WA	Machias	47.9918	-122.0517
WA	Malden	47.2296	-117.4731
WA	Malo	48.7997	-118.612
WA	Malone	46.9842	-123.2966
WA	Malott	48.2918	-119.6956
WA	Maltby	47.8021	-122.1062
WA	Manchester	47.5471	-122.5412
WA	Mansfield	47.8119	-119.638
WA	Manson	47.8743	-120.1623
WA	Maple Falls	48.9188	-122.0912
WA	Maple Heights-Lake Desire	47.4369	-122.093
WA	Maple Valley	47.3671	-122.0348
WA	Maplewood	47.3764	-122.5655
WA	Marblemount	48.5418	-121.4396
WA	Marcus	48.6643	-118.06
WA	Marietta-Alderwood	48.7881	-122.5552
WA	Marine View	46.9637	-119.3508
WA	Markham	46.9142	-123.9879
WA	Marrowstone	48.032	-122.684
WA	Martha Lake	47.8447	-122.2331
WA	Maryhill	45.6928	-120.8072
WA	Marysville	48.0802	-122.1543
WA	Mattawa	46.7364	-119.9053
WA	May Creek	47.8555	-121.6743
WA	McChord AFB	47.1327	-122.4919
WA	McCleary	47.0585	-123.2696
WA	McKenna	46.9347	-122.5499
WA	McMillin	47.126	-122.2353
WA	Mead	47.7795	-117.3499
WA	Meadow Glade	45.7523	-122.5615
WA	Meadowdale	47.8606	-122.3234
WA	Medical Lake	47.571	-117.6894
WA	Medina	47.6265	-122.2429
WA	Mercer Island	47.564	-122.2312
WA	Mesa	46.5735	-119.0013
WA	Metaline	48.8523	-117.387
WA	Metaline Falls	48.8613	-117.3719
WA	Methow	48.1311	-120.0052
WA	Midland	47.1734	-122.412
WA	Mill Creek	47.8652	-122.2106
WA	Mill Creek East	47.8361	-122.1877
WA	Millwood	47.6856	-117.2801
WA	Milton	47.252	-122.3173
WA	Mineral	46.7193	-122.186
WA	Minnehaha	45.6565	-122.6179
WA	Mirrormont	47.4602	-121.9902
WA	Moclips	47.2294	-124.1985
WA	Monroe	47.8598	-121.984
WA	Monroe North	47.883	-121.9869
WA	Montesano	47.0147	-123.5857
WA	Morton	46.5574	-122.2814
WA	Moses Lake	47.1279	-119.2764
WA	Moses Lake North	47.195	-119.3178
WA	Mossyrock	46.5305	-122.4887
WA	Mount Vernon	48.4171	-122.3118
WA	Mount Vista	45.7373	-122.6316
WA	Mountlake Terrace	47.7943	-122.3026
WA	Moxee	46.564	-120.3966
WA	Mukilteo	47.913	-122.3023
WA	Naches	46.726	-120.6912
WA	Napavine	46.5868	-122.902
WA	Naselle	46.3705	-123.7816
WA	Navy Yard City	47.553	-122.6625
WA	Neah Bay	48.361	-124.6116
WA	Neilton	47.4031	-123.8782
WA	Nespelem	48.1669	-118.9721
WA	Nespelem Community	48.1625	-119.0487
WA	Newcastle	47.5315	-122.1656
WA	Newport	48.1782	-117.0546
WA	Nile	46.8349	-120.9438
WA	Nisqually Indian Community	47.0291	-122.6804
WA	Nooksack	48.9281	-122.3175
WA	Normandy Park	47.433	-122.3447
WA	North Bend	47.488	-121.7688
WA	North Bonneville	45.6414	-121.9727
WA	North Fort Lewis	47.1213	-122.5946
WA	North Lynnwood	47.8533	-122.2763
WA	North Omak	48.444	-119.4458
WA	North Puyallup	47.1989	-122.2784
WA	North Sultan	47.8827	-121.8229
WA	North Yelm	46.9661	-122.6136
WA	Northport	48.9158	-117.7797
WA	Northwest Stanwood	48.2623	-122.3501
WA	Oak Harbor	48.2938	-122.6282
WA	Oakesdale	47.1305	-117.2464
WA	Oakville	46.8401	-123.2335
WA	Ocean City	47.0825	-124.1569
WA	Ocean Park	46.4967	-124.0414
WA	Ocean Shores	46.9654	-124.1472
WA	Ocosta	46.8855	-124.0325
WA	Odessa	47.3326	-118.6894
WA	Okanogan	48.3673	-119.5788
WA	Olympia	47.0406	-122.895
WA	Omak	48.4223	-119.5306
WA	Onalaska	46.5782	-122.7111
WA	Orchards	45.689	-122.5306
WA	Orient	48.8638	-118.2059
WA	Oroville	48.947	-119.43
WA	Orting	47.0969	-122.2117
WA	Oso	48.2838	-121.9162
WA	Othello	46.8221	-119.1658
WA	Otis Orchards-East Farms	47.7049	-117.0851
WA	Outlook	46.3312	-120.0928
WA	Oyehut	47.0226	-124.1652
WA	Pacific	47.262	-122.2524
WA	Pacific Beach	47.2141	-124.1969
WA	Packwood	46.6085	-121.6703
WA	Palouse	46.9103	-117.0752
WA	Parker	46.5022	-120.4668
WA	Parkland	47.1415	-122.4378
WA	Parkwood	47.5252	-122.6044
WA	Pasco	46.2661	-119.1214
WA	Pataha	46.4727	-117.5443
WA	Pateros	48.0531	-119.9003
WA	Pe Ell	46.5713	-123.2983
WA	Peaceful Valley	48.951	-122.1483
WA	Picnic Point	47.8765	-122.3083
WA	Pine Grove	48.6502	-118.6838
WA	Point Roberts	48.9847	-123.0595
WA	Pomeroy	46.4738	-117.5965
WA	Port Angeles	48.1192	-123.448
WA	Port Angeles East	48.1097	-123.3671
WA	Port Gamble Tribal Community	47.8462	-122.5574
WA	Port Hadlock-Irondale	48.0328	-122.7914
WA	Port Ludlow	47.9146	-122.6951
WA	Port Orchard	47.5384	-122.6324
WA	Port Townsend	48.1218	-122.7879
WA	Porter	46.9487	-123.2802
WA	Poulsbo	47.7411	-122.6422
WA	Prairie Heights	47.1497	-122.1092
WA	Prairie Ridge	47.1444	-122.1392
WA	Prescott	46.2988	-118.3126
WA	Prosser	46.209	-119.7677
WA	Puget Island	46.1757	-123.3819
WA	Pullman	46.7331	-117.1683
WA	Purdy	47.3965	-122.6046
WA	Puyallup	47.179	-122.2915
WA	Queets	47.5263	-124.3448
WA	Qui-nai-elt Village	47.2502	-124.1902
WA	Quilcene	47.8392	-122.9123
WA	Quincy	47.2349	-119.8525
WA	Raft Island	47.3282	-122.6673
WA	Rainier	46.8917	-122.6865
WA	Ravensdale	47.3619	-121.9804
WA	Raymond	46.6837	-123.7395
WA	Reardan	47.6701	-117.8786
WA	Redmond	47.6779	-122.1153
WA	Renton	47.4792	-122.1946
WA	Republic	48.6488	-118.733
WA	Richland	46.2841	-119.294
WA	Ridgefield	45.8116	-122.7055
WA	Ritzville	47.1231	-118.3754
WA	River Road	48.0677	-123.1276
WA	Riverbend	47.4645	-121.7512
WA	Riverpoint	47.4797	-121.7124
WA	Riverside	48.5129	-119.5157
WA	Roche Harbor	48.6074	-123.1306
WA	Rochester	46.8204	-123.0643
WA	Rock Island	47.3732	-120.1421
WA	Rockford	47.4515	-117.1306
WA	Rockport	48.4847	-121.6075
WA	Rocky Point	47.5941	-122.6661
WA	Ronald	47.2338	-121.0335
WA	Roosevelt	45.7331	-120.2366
WA	Rosalia	47.2363	-117.3765
WA	Rosburg	46.3081	-123.6435
WA	Rosedale	47.3413	-122.6325
WA	Roslyn	47.27	-121.1412
WA	Roy	46.9899	-122.541
WA	Royal City	46.9019	-119.6207
WA	Ruston	47.298	-122.5118
WA	Ryderwood	46.3749	-123.0442
WA	Salmon Creek	45.7099	-122.6632
WA	Sammamish	47.5943	-122.0381
WA	Santiago	47.2988	-124.232
WA	Satsop	47.0229	-123.483
WA	Schwana	46.8221	-119.9233
WA	SeaTac	47.4434	-122.2983
WA	Seabeck	47.6443	-122.818
WA	Seattle	47.6193	-122.3515
WA	Sedro-Woolley	48.5114	-122.2321
WA	Sekiu	48.263	-124.3035
WA	Selah	46.6459	-120.5383
WA	Sequim	48.0737	-123.0878
WA	Shadow Lake	47.4061	-122.0799
WA	Shelton	47.2189	-123.1112
WA	Shoreline	47.7569	-122.3455
WA	Silvana	48.2018	-122.2458
WA	Silver Firs	47.8635	-122.1497
WA	Silverdale	47.6677	-122.6819
WA	Sisco Heights	48.1177	-122.1105
WA	Skamokawa Valley	46.3152	-123.4014
WA	Skokomish	47.3283	-123.1588
WA	Skykomish	47.7099	-121.3564
WA	Snohomish	47.9289	-122.0927
WA	Snoqualmie	47.5432	-121.8686
WA	Snoqualmie Pass	47.4014	-121.411
WA	Soap Lake	47.3911	-119.4846
WA	South Bend	46.6699	-123.8018
WA	South Cle Elum	47.1862	-120.9525
WA	South Creek	47.0004	-122.3913
WA	South Hill	47.1207	-122.2853
WA	South Prairie	47.1354	-122.0966
WA	South Wenatchee	47.3944	-120.2893
WA	Southworth	47.5138	-122.5322
WA	Spanaway	47.0981	-122.4234
WA	Spangle	47.4299	-117.3812
WA	Spokane	47.6669	-117.4333
WA	Spokane Valley	47.6634	-117.2328
WA	Sprague	47.3049	-117.9713
WA	Springdale	48.0572	-117.7466
WA	St. John	47.0915	-117.5887
WA	Stansberry Lake	47.3829	-122.712
WA	Stanwood	48.2451	-122.3422
WA	Starbuck	46.5216	-118.1289
WA	Startup	47.8742	-121.7544
WA	Steilacoom	47.1693	-122.5923
WA	Steptoe	47.0074	-117.3502
WA	Stevenson	45.6947	-121.8964
WA	Sudden Valley	48.7231	-122.3441
WA	Sultan	47.8711	-121.8041
WA	Sumas	48.9955	-122.2685
WA	Summit	47.1694	-122.3636
WA	Summit View	47.1363	-122.352
WA	Summitview	46.5983	-120.6564
WA	Sumner	47.2272	-122.2363
WA	Suncrest	47.8285	-117.603
WA	Sunday Lake	48.2283	-122.2705
WA	Sunland Estates	47.0741	-120.0283
WA	Sunnyside	46.3157	-120.0058
WA	Sunnyslope	47.5048	-120.3532
WA	Suquamish	47.7259	-122.5883
WA	Swede Heaven	48.2807	-121.7099
WA	Tacoma	47.2522	-122.4598
WA	Taholah	47.326	-124.2729
WA	Tampico	46.5322	-120.8749
WA	Tanglewilde	47.0513	-122.7822
WA	Tehaleh	47.1161	-122.1789
WA	Tekoa	47.2247	-117.0731
WA	Tenino	46.8538	-122.8605
WA	Terrace Heights	46.6001	-120.436
WA	Thorp	47.0655	-120.6708
WA	Three Lakes	47.9554	-121.9785
WA	Tieton	46.7026	-120.7558
WA	Tokeland	46.7088	-123.9834
WA	Toledo	46.4447	-122.8522
WA	Tonasket	48.7076	-119.4423
WA	Toppenish	46.3802	-120.3126
WA	Torboy	48.6693	-118.669
WA	Touchet	46.0411	-118.6724
WA	Town and Country	47.728	-117.423
WA	Tracyton	47.6096	-122.6532
WA	Trout Lake	45.9978	-121.5288
WA	Tukwila	47.4763	-122.2757
WA	Tumwater	46.9895	-122.9173
WA	Twin Lakes	48.2622	-118.3591
WA	Twisp	48.361	-120.1171
WA	Union	47.3475	-123.0951
WA	Union Gap	46.5544	-120.4921
WA	Union Hill-Novelty Hill	47.6823	-122.0227
WA	Uniontown	46.5391	-117.0861
WA	University Place	47.2154	-122.5473
WA	Upper Elochoman	46.2403	-123.3246
WA	Vader	46.4045	-122.9569
WA	Valley	48.1729	-117.7245
WA	Vancouver	45.6372	-122.5966
WA	Vantage	46.9452	-119.9921
WA	Vashon	47.4112	-122.4551
WA	Vaughn	47.358	-122.7825
WA	Venersborg	45.786	-122.4716
WA	Verlot	48.102	-121.7592
WA	Waitsburg	46.2698	-118.1509
WA	Walla Walla	46.067	-118.337
WA	Walla Walla East	46.046	-118.3032
WA	Waller	47.2043	-122.3678
WA	Wallula	46.0847	-118.9056
WA	Wapato	46.4436	-120.4215
WA	Warden	46.9673	-119.0528
WA	Warm Beach	48.1651	-122.3477
WA	Washougal	45.5828	-122.3464
WA	Washtucna	46.7539	-118.3105
WA	Waterville	47.648	-120.0707
WA	Wauna	47.3831	-122.6694
WA	Waverly	47.3381	-117.2312
WA	Wenatchee	47.436	-120.3293
WA	West Clarkston-Highland	46.4025	-117.0645
WA	West Pasco	46.2543	-119.1826
WA	West Richland	46.3138	-119.3878
WA	Westport	46.8918	-124.1198
WA	Wheeler	47.1349	-119.176
WA	Whidbey Island Station	48.3492	-122.6539
WA	White Center	47.5092	-122.3481
WA	White Salmon	45.7284	-121.4854
WA	White Swan	46.377	-120.7381
WA	Wilbur	47.7581	-118.7119
WA	Wilderness Rim	47.447	-121.7686
WA	Wilkeson	47.1013	-122.0525
WA	Willapa	46.6754	-123.6648
WA	Wilson Creek	47.423	-119.1177
WA	Winlock	46.4907	-122.9342
WA	Winthrop	48.4716	-120.1791
WA	Wishram	45.6613	-120.9714
WA	Wollochet	47.2827	-122.5771
WA	Woodinville	47.7577	-122.1468
WA	Woodland	45.9182	-122.7535
WA	Woods Creek	47.8774	-121.9026
WA	Woodway	47.7879	-122.388
WA	Yacolt	45.8652	-122.4063
WA	Yakima	46.5909	-120.5494
WA	Yarrow Point	47.6446	-122.22
WA	Yelm	46.9426	-122.6432
WA	Zillah	46.4084	-120.2727
WI	Abbotsford	44.9435	-90.3173
WI	Abrams	44.7796	-88.0604
WI	Adams	43.9552	-89.8165
WI	Adell	43.6204	-87.9459
WI	Albany	42.7071	-89.4369
WI	Algoma	44.6057	-87.448
WI	Allens Grove	42.5783	-88.7668
WI	Allenton	43.4219	-88.3448
WI	Allouez	44.4723	-88.0262
WI	Alma	44.3398	-91.9185
WI	Alma Center	44.437	-90.9128
WI	Almena	45.4149	-92.0383
WI	Almond	44.261	-89.4086
WI	Alto	43.6676	-88.7924
WI	Altoona	44.8	-91.4396
WI	Amberg	45.5061	-87.9876
WI	Amery	45.3046	-92.3634
WI	Amherst	44.4483	-89.2817
WI	Amherst Junction	44.4685	-89.3172
WI	Angelica	44.675	-88.3216
WI	Aniwa	45.01	-89.2079
WI	Antigo	45.1413	-89.1552
WI	Appleton	44.2789	-88.3883
WI	Arcadia	44.2486	-91.4916
WI	Arena	43.1636	-89.9074
WI	Argonne	45.6582	-88.8777
WI	Argyle	42.7014	-89.8657
WI	Arkansaw	44.6343	-92.0211
WI	Arkdale	44.0262	-89.8861
WI	Arlington	43.3351	-89.3726
WI	Arpin	44.5394	-90.0315
WI	Ashippun	43.2182	-88.5159
WI	Ashland	46.5818	-90.8719
WI	Ashwaubenon	44.4794	-88.0875
WI	Athens	45.0349	-90.0792
WI	Auburndale	44.6266	-90.0144
WI	Augusta	44.6784	-91.1203
WI	Avoca	43.1877	-90.3263
WI	Babcock	44.3044	-90.1076
WI	Bagley	42.9013	-91.0954
WI	Baileys Harbor	45.0671	-87.1355
WI	Baldwin	44.9544	-92.3715
WI	Balsam Lake	45.462	-92.4471
WI	Bancroft	44.3086	-89.5062
WI	Bangor	43.8937	-90.9934
WI	Baraboo	43.4694	-89.7373
WI	Barneveld	43.0117	-89.8968
WI	Barron	45.4022	-91.8444
WI	Barronett	45.6362	-91.9937
WI	Batavia	43.5923	-88.0484
WI	Bay City	44.5893	-92.4535
WI	Bayfield	46.8161	-90.8248
WI	Bayfront	46.6235	-90.7896
WI	Bayside	43.1826	-87.9017
WI	Bear Creek	44.5313	-88.7275
WI	Beaver Dam	43.4681	-88.8309
WI	Belgium	43.5018	-87.8476
WI	Bell Center	43.2919	-90.8255
WI	Belleville	42.864	-89.5396
WI	Bellevue	44.4608	-87.9559
WI	Belmont	42.7377	-90.3343
WI	Beloit	42.5235	-89.0177
WI	Benton	42.57	-90.3834
WI	Berlin	43.9697	-88.95
WI	Big Bend	42.8839	-88.2036
WI	Big Falls	44.6156	-89.0202
WI	Big Foot Prairie	42.4955	-88.6017
WI	Birch Hill	46.5208	-90.5555
WI	Birchwood	45.6577	-91.5506
WI	Birnamwood	44.9319	-89.2095
WI	Biron	44.4284	-89.7658
WI	Black Creek	44.4745	-88.4502
WI	Black Earth	43.1346	-89.7474
WI	Black River Falls	44.2985	-90.8428
WI	Blair	44.3271	-91.2994
WI	Blanchardville	42.8104	-89.8606
WI	Bloomer	45.1028	-91.4915
WI	Bloomfield	42.549	-88.3518
WI	Bloomington	42.8931	-90.9265
WI	Blue Mounds	43.0178	-89.8269
WI	Blue River	43.1844	-90.5718
WI	Bluffview	43.3625	-89.7737
WI	Boaz	43.3299	-90.5277
WI	Bohners Lake	42.622	-88.2843
WI	Bonduel	44.738	-88.4514
WI	Boscobel	43.1471	-90.7051
WI	Boulder Junction	46.1148	-89.6544
WI	Bowler	44.8627	-88.9814
WI	Boyceville	45.0428	-92.0385
WI	Boyd	44.9533	-91.0398
WI	Brandon	43.7354	-88.7821
WI	Brice Prairie	43.9375	-91.3074
WI	Briggsville	43.6603	-89.5928
WI	Brillion	44.1735	-88.0678
WI	Bristol	42.5323	-88.0091
WI	Brodhead	42.6168	-89.3756
WI	Brookfield	43.0643	-88.1178
WI	Brooklyn	42.8496	-89.3764
WI	Brothertown	43.975	-88.3175
WI	Brown Deer	43.1743	-87.975
WI	Browns Lake	42.6895	-88.2377
WI	Brownsville	43.6146	-88.4952
WI	Browntown	42.5788	-89.7894
WI	Bruce	45.4635	-91.2793
WI	Brule	46.5584	-91.5709
WI	Buffalo City	44.2232	-91.8659
WI	Burlington	42.6752	-88.2719
WI	Burnett	43.5065	-88.7084
WI	Butler	43.1084	-88.0722
WI	Butte des Morts	44.1063	-88.6573
WI	Butternut	46.0133	-90.4974
WI	Cable	46.2011	-91.2937
WI	Cadott	44.9498	-91.1538
WI	Caledonia	42.7974	-87.8774
WI	Cambria	43.5414	-89.1115
WI	Cambridge	43.0066	-89.0214
WI	Cameron	45.4036	-91.7398
WI	Camp Douglas	43.9197	-90.2697
WI	Campbellsport	43.5975	-88.2806
WI	Caroline	44.7232	-88.8986
WI	Cascade	43.6615	-88.0088
WI	Casco	44.5552	-87.6203
WI	Cashton	43.7412	-90.7866
WI	Cassville	42.7152	-90.9891
WI	Cataract	44.0867	-90.8384
WI	Catawba	45.5371	-90.5335
WI	Cazenovia	43.5253	-90.204
WI	Cecil	44.8114	-88.4493
WI	Cedar Grove	43.5682	-87.823
WI	Cedarburg	43.2999	-87.9884
WI	Ceex Haci	44.2818	-89.965
WI	Centuria	45.4487	-92.5579
WI	Chain O' Lakes	44.332	-89.1628
WI	Chaseburg	43.6611	-91.0959
WI	Chelsea	45.2929	-90.3054
WI	Chenequa	43.1231	-88.3814
WI	Chetek	45.3161	-91.6532
WI	Chief Lake	45.9387	-91.3359
WI	Chili	44.6335	-90.3619
WI	Chilton	44.0302	-88.1617
WI	Chippewa Falls	44.9347	-91.3892
WI	Clam Lake	46.1544	-90.9058
WI	Clarks Mills	44.0911	-87.8626
WI	Clayton	45.3275	-92.1645
WI	Clear Lake	45.248	-92.2678
WI	Cleveland	43.9181	-87.7498
WI	Clinton	42.5575	-88.8681
WI	Clintonville	44.6221	-88.7517
WI	Clyman	43.3117	-88.7231
WI	Cobb	42.9667	-90.3285
WI	Cochrane	44.2271	-91.8411
WI	Colby	44.9113	-90.3157
WI	Coleman	45.067	-88.0357
WI	Colfax	44.997	-91.7255
WI	Collins	44.0857	-87.9811
WI	Coloma	44.0387	-89.5311
WI	Columbus	43.3368	-89.03
WI	Combined Locks	44.262	-88.3095
WI	Como	42.6131	-88.4861
WI	Conrath	45.3842	-91.0357
WI	Coon Valley	43.7019	-91.0114
WI	Cornell	45.1638	-91.1504
WI	Cornucopia	46.8567	-91.1081
WI	Cottage Grove	43.0922	-89.2053
WI	Couderay	45.7974	-91.2967
WI	Crandon	45.5678	-88.8955
WI	Crivitz	45.234	-88.007
WI	Cross Plains	43.115	-89.6471
WI	Cuba City	42.6036	-90.4318
WI	Cudahy	42.9467	-87.864
WI	Cumberland	45.5361	-92.0248
WI	Curtiss	44.9528	-90.4396
WI	Dale	44.2757	-88.673
WI	Dallas	45.2582	-91.8146
WI	Dalton	43.6564	-89.2076
WI	Danbury	46.0095	-92.3763
WI	Dane	43.2461	-89.4996
WI	Darien	42.6007	-88.7128
WI	Darlington	42.6766	-90.1201
WI	De Pere	44.431	-88.0799
WI	De Soto	43.4291	-91.1963
WI	DeForest	43.2273	-89.3457
WI	Deer Park	45.1885	-92.3887
WI	Deerfield	43.0492	-89.0762
WI	Dekorra	43.4539	-89.4603
WI	Delafield	43.0674	-88.3888
WI	Delavan	42.6305	-88.6298
WI	Delavan Lake	42.5989	-88.6245
WI	Dellwood	43.9451	-89.928
WI	Denmark	44.3493	-87.8312
WI	Diamond Bluff	44.6489	-92.6189
WI	Diaperville	46.6048	-90.7135
WI	Dickeyville	42.6247	-90.5913
WI	Dodge	44.1344	-91.5493
WI	Dodgeville	42.966	-90.1297
WI	Dorchester	45.0014	-90.3312
WI	Dousman	43.0094	-88.4756
WI	Downing	45.0498	-92.1243
WI	Downsville	44.7751	-91.9287
WI	Doylestown	43.4283	-89.1469
WI	Dresser	45.3632	-92.6347
WI	Drummond	46.3437	-91.2499
WI	Dunbar	45.6467	-88.1797
WI	Durand	44.6224	-91.9603
WI	Dyckesville	44.6403	-87.7648
WI	Eagle	42.8822	-88.4634
WI	Eagle Lake	42.6956	-88.1288
WI	Eagle River	45.9247	-89.2578
WI	East Troy	42.7852	-88.3956
WI	Eastman	43.1652	-91.0328
WI	Easton	43.836	-89.7991
WI	Eau Claire	44.8183	-91.4948
WI	Eden	43.6941	-88.3661
WI	Edgar	44.9229	-89.9626
WI	Edgerton	42.8389	-89.0696
WI	Edmund	42.9662	-90.2644
WI	Egg Harbor	45.0513	-87.3049
WI	Eland	44.8669	-89.209
WI	Elcho	45.4368	-89.1888
WI	Elderon	44.7874	-89.2521
WI	Eleva	44.5766	-91.4703
WI	Elk Mound	44.8744	-91.6862
WI	Elkhart Lake	43.8314	-88.0138
WI	Elkhorn	42.6716	-88.5363
WI	Ellison Bay	45.2553	-87.0729
WI	Ellsworth	44.7362	-92.4802
WI	Elm Grove	43.0475	-88.087
WI	Elmwood	44.7801	-92.149
WI	Elmwood Park	42.6913	-87.8221
WI	Elroy	43.7416	-90.2702
WI	Embarrass	44.6705	-88.7032
WI	Emerald	45.0867	-92.2495
WI	Endeavor	43.7144	-89.4692
WI	Ephraim	45.1677	-87.1726
WI	Ettrick	44.1696	-91.265
WI	Eureka	44.0116	-88.8414
WI	Evansville	42.7781	-89.296
WI	Exeland	45.6674	-91.2415
WI	Fairchild	44.6052	-90.9567
WI	Fairwater	43.7425	-88.8669
WI	Fall Creek	44.764	-91.2778
WI	Fall River	43.3859	-89.0455
WI	Fennimore	42.9794	-90.6492
WI	Fenwood	44.8658	-90.0146
WI	Ferryville	43.3533	-91.0957
WI	Fitchburg	42.9858	-89.4253
WI	Florence	45.9279	-88.2352
WI	Fond du Lac	43.7722	-88.4403
WI	Fontana-on-Geneva Lake	42.5452	-88.566
WI	Footville	42.6715	-89.2084
WI	Forest Junction	44.2148	-88.1496
WI	Forestville	44.6909	-87.4784
WI	Fort Atkinson	42.924	-88.8455
WI	Fountain City	44.1188	-91.6898
WI	Fox Crossing	44.2236	-88.4791
WI	Fox Lake	43.5616	-88.9148
WI	Fox Point	43.1581	-87.9014
WI	Francis Creek	44.2005	-87.7209
WI	Franklin	42.8839	-88.0115
WI	Franks Field	46.5522	-90.5989
WI	Frederic	45.6527	-92.4626
WI	Fredonia	43.4717	-87.9471
WI	Fremont	44.2599	-88.8701
WI	French Island	43.8587	-91.2608
WI	Friendship	43.9717	-89.82
WI	Friesland	43.5876	-89.0656
WI	Fulton	42.8053	-89.1259
WI	Galesville	44.0843	-91.3575
WI	Gays Mills	43.3301	-90.8462
WI	Genoa	43.5733	-91.2261
WI	Genoa City	42.5065	-88.3193
WI	Germantown	43.2345	-88.125
WI	Gibbsville	43.6491	-87.8349
WI	Gillett	44.8899	-88.3062
WI	Gilman	45.1662	-90.8072
WI	Gilmanton	44.4809	-91.6721
WI	Glen Flora	45.497	-90.8935
WI	Glen Haven	42.8357	-91.0608
WI	Glenbeulah	43.7984	-88.0468
WI	Glendale	43.1261	-87.9272
WI	Glenwood City	45.0521	-92.1658
WI	Glidden	46.1347	-90.5721
WI	Goodman	45.6194	-88.3514
WI	Gordon	46.24	-91.7995
WI	Gotham	43.2225	-90.297
WI	Grafton	43.3207	-87.9476
WI	Grand Marsh	43.8852	-89.7072
WI	Grand View	46.368	-91.1034
WI	Granton	44.5883	-90.4604
WI	Grantsburg	45.7838	-92.6773
WI	Gratiot	42.5798	-90.0238
WI	Green Bay	44.5215	-87.9866
WI	Green Lake	43.8428	-88.9558
WI	Green Valley	44.7969	-88.2682
WI	Greenbush	43.7781	-88.0941
WI	Greendale	42.94	-88.0009
WI	Greenfield	42.9606	-88.0057
WI	Greenleaf	44.3169	-88.0972
WI	Greenville	44.2841	-88.5473
WI	Greenwood	44.7654	-90.599
WI	Gresham	44.8486	-88.7861
WI	Hager City	44.6021	-92.5335
WI	Hales Corners	42.9412	-88.0495
WI	Hammond	44.969	-92.4381
WI	Hancock	44.1333	-89.521
WI	Hanover	42.6389	-89.171
WI	Harrison	44.1922	-88.2941
WI	Harrisville	43.8843	-89.4099
WI	Hartford	43.3225	-88.3777
WI	Hartland	43.1024	-88.3356
WI	Hatfield	44.4169	-90.7511
WI	Hatley	44.8865	-89.3371
WI	Haugen	45.6076	-91.7786
WI	Hawkins	45.5119	-90.7172
WI	Hayward	46.0066	-91.4897
WI	Hazel Green	42.5342	-90.4361
WI	Hebron	42.9188	-88.6895
WI	Helenville	43.0165	-88.6999
WI	Herbster	46.8422	-91.2419
WI	Hewitt	44.6425	-90.1048
WI	Highland	43.0475	-90.3801
WI	Hilbert	44.1415	-88.1611
WI	Hillsboro	43.6565	-90.3344
WI	Hingham	43.6543	-87.9106
WI	Hixton	44.3831	-91.0148
WI	Hobart	44.4954	-88.1556
WI	Holcombe	45.2223	-91.1206
WI	Hollandale	42.875	-89.9335
WI	Holmen	43.9709	-91.2659
WI	Horicon	43.445	-88.6403
WI	Hortonville	44.3358	-88.6366
WI	Houlton	45.0659	-92.7885
WI	Howard	44.5686	-88.0717
WI	Howards Grove	43.8297	-87.8203
WI	Hudson	44.9639	-92.7303
WI	Humbird	44.5313	-90.8792
WI	Hurley	46.4443	-90.2113
WI	Hustisford	43.3427	-88.6035
WI	Hustler	43.8773	-90.2658
WI	Independence	44.3098	-91.4207
WI	Ingram	45.5056	-90.8137
WI	Iola	44.5097	-89.1172
WI	Iron Belt	46.403	-90.3192
WI	Iron Ridge	43.3981	-88.5319
WI	Iron River	46.5793	-91.3999
WI	Ironton	43.5442	-90.1455
WI	Ixonia	43.1372	-88.5963
WI	Jackson	43.3199	-88.1641
WI	Janesville	42.6847	-89.0132
WI	Jefferson	43.004	-88.8085
WI	Jim Falls	45.0478	-91.2719
WI	Johnson Creek	43.0791	-88.7711
WI	Jolmaville	46.4331	-90.7498
WI	Juda	42.59	-89.5092
WI	Jump River	45.3555	-90.7964
WI	Junction City	44.5949	-89.7697
WI	Juneau	43.4029	-88.7033
WI	Kaukauna	44.2768	-88.2639
WI	Kekoskee	43.5006	-88.5846
WI	Kellnersville	44.2252	-87.8031
WI	Kendall	43.7927	-90.3676
WI	Kennan	45.5301	-90.5868
WI	Kenosha	42.5875	-87.88
WI	Keshena	44.8668	-88.5853
WI	Kewaskum	43.5176	-88.2306
WI	Kewaunee	44.4636	-87.5217
WI	Kiel	43.916	-88.0265
WI	Kieler	42.5823	-90.6052
WI	Kimberly	44.2668	-88.338
WI	King	44.3421	-89.1248
WI	Kingston	43.6933	-89.1315
WI	Knapp	44.9489	-92.0808
WI	Knowlton	44.7182	-89.6804
WI	Kohler	43.74	-87.7768
WI	Krakow	44.7585	-88.2611
WI	Kronenwetter	44.8199	-89.5887
WI	La Crosse	43.8247	-91.2246
WI	La Farge	43.5782	-90.6383
WI	La Valle	43.5827	-90.1302
WI	Lac La Belle	43.1455	-88.5173
WI	Lac du Flambeau	45.9623	-89.8969
WI	Ladysmith	45.461	-91.0976
WI	Lake Arrowhead	44.2036	-89.8446
WI	Lake Camelot	44.2128	-89.763
WI	Lake Delton	43.592	-89.7831
WI	Lake Geneva	42.5833	-88.4285
WI	Lake Hallie	44.8917	-91.4203
WI	Lake Ivanhoe	42.5792	-88.336
WI	Lake Koshkonong	42.8605	-88.9401
WI	Lake Lorraine	42.7304	-88.7403
WI	Lake Mills	43.0776	-88.9064
WI	Lake Nebagamon	46.4977	-91.7044
WI	Lake Ripley	43.0086	-88.9903
WI	Lake Sherwood	44.2063	-89.7881
WI	Lake Tomahawk	45.8092	-89.5774
WI	Lake Wazeecha	44.3709	-89.7492
WI	Lake Wisconsin	43.3647	-89.596
WI	Lake Wissota	44.926	-91.2896
WI	Lakewood	45.3006	-88.5145
WI	Lancaster	42.8473	-90.7065
WI	Lannon	43.1572	-88.1582
WI	Laona	45.5597	-88.6697
WI	Lauderdale Lakes	42.7723	-88.5806
WI	Lebanon	43.2574	-88.6322
WI	Legend Lake	44.8951	-88.5431
WI	Lena	44.953	-88.0473
WI	Leopolis	44.7655	-88.8447
WI	Lewis	45.7219	-92.3922
WI	Lily Lake	42.5657	-88.21
WI	Lime Ridge	43.4676	-90.1577
WI	Linden	42.9186	-90.2742
WI	Little Chute	44.2911	-88.3204
WI	Little Round Lake	45.9694	-91.3689
WI	Little Sturgeon	44.842	-87.5745
WI	Livingston	42.9001	-90.4337
WI	Lodi	43.3155	-89.5399
WI	Loganville	43.437	-90.0374
WI	Lohrville	44.0382	-89.1212
WI	Lomira	43.5942	-88.4432
WI	Lone Rock	43.1857	-90.2013
WI	Long Lake	45.843	-88.6673
WI	Lowell	43.3336	-88.8137
WI	Loyal	44.7365	-90.4956
WI	Lublin	45.0749	-90.7238
WI	Luck	45.5768	-92.4625
WI	Luxemburg	44.5447	-87.7066
WI	Lyndon Station	43.7088	-89.8937
WI	Lynxville	43.2527	-91.0494
WI	Lyons	42.6482	-88.3601
WI	Madison	43.0878	-89.4299
WI	Maiden Rock	44.5679	-92.3093
WI	Maine	45.058	-89.6813
WI	Manawa	44.4615	-88.9205
WI	Manitowoc	44.098	-87.6789
WI	Maple Bluff	43.1174	-89.371
WI	Marathon City	44.939	-89.8501
WI	Marengo	46.4219	-90.8081
WI	Maribel	44.2786	-87.8021
WI	Marinette	45.0868	-87.6324
WI	Marion	44.6773	-88.9024
WI	Markesan	43.7108	-88.9912
WI	Marquette	43.7464	-89.1384
WI	Marshall	43.1705	-89.0626
WI	Marshfield	44.6633	-90.1717
WI	Mason	46.4363	-91.0598
WI	Mattoon	45.0046	-89.0411
WI	Mauston	43.8	-90.0796
WI	Mayville	43.4982	-88.5476
WI	Mazomanie	43.1724	-89.7953
WI	McFarland	43.0192	-89.2834
WI	Medford	45.1356	-90.3425
WI	Mellen	46.324	-90.6605
WI	Melrose	44.1312	-90.9969
WI	Melvina	43.8024	-90.7815
WI	Menasha	44.2123	-88.4274
WI	Menomonee Falls	43.1594	-88.1215
WI	Menomonie	44.8892	-91.9096
WI	Mequon	43.2114	-88.0142
WI	Mercer	46.1613	-90.0418
WI	Merrill	45.1806	-89.7003
WI	Merrillan	44.4506	-90.8345
WI	Merrimac	43.3756	-89.6269
WI	Merton	43.1437	-88.3123
WI	Middle Village	44.9265	-88.7178
WI	Middleton	43.107	-89.5063
WI	Milladore	44.6056	-89.8552
WI	Millston	44.1893	-90.6457
WI	Milltown	45.5211	-92.4985
WI	Milton	42.7747	-88.94
WI	Milwaukee	43.0633	-87.9667
WI	Mindoro	44.0201	-91.1019
WI	Mineral Point	42.8632	-90.1814
WI	Minocqua	45.8792	-89.7036
WI	Minong	46.099	-91.8259
WI	Mishicot	44.2285	-87.6398
WI	Mission	44.3454	-90.7631
WI	Mole Lake	45.4861	-88.9756
WI	Mondovi	44.5703	-91.6669
WI	Monona	43.0539	-89.3335
WI	Monroe	42.6029	-89.638
WI	Montello	43.7944	-89.3332
WI	Montfort	42.9699	-90.4333
WI	Monticello	42.7447	-89.5903
WI	Montreal	46.4332	-90.2419
WI	Mosinee	44.7918	-89.6843
WI	Mount Calvary	43.8238	-88.2411
WI	Mount Hope	42.9696	-90.8596
WI	Mount Horeb	43.006	-89.7315
WI	Mount Pleasant	42.7088	-87.8849
WI	Mount Sterling	43.3162	-90.9292
WI	Mountain	45.1864	-88.4681
WI	Mukwonago	42.853	-88.3206
WI	Muscoda	43.1864	-90.4319
WI	Muskego	42.8714	-88.1343
WI	Nashotah	43.0888	-88.408
WI	Navarino	44.6109	-88.4934
WI	Necedah	44.0221	-90.0751
WI	Neenah	44.1649	-88.4796
WI	Neillsville	44.5603	-90.5908
WI	Nekoosa	44.3132	-89.9079
WI	Nelson	44.4196	-91.9973
WI	Nelsonville	44.4902	-89.3035
WI	Neopit	44.9847	-88.8146
WI	Neosho	43.3071	-88.5212
WI	Neshkoro	43.9651	-89.2158
WI	New Auburn	45.1988	-91.5663
WI	New Berlin	42.972	-88.1292
WI	New Glarus	42.8131	-89.6337
WI	New Holstein	43.9492	-88.0949
WI	New Lisbon	43.8753	-90.1624
WI	New London	44.3959	-88.7386
WI	New Munster	42.5758	-88.2311
WI	New Odanah	46.5986	-90.6508
WI	New Post	45.9028	-91.2071
WI	New Richmond	45.1252	-92.5371
WI	Newald	45.7396	-88.7005
WI	Newburg	43.4323	-88.0479
WI	Niagara	45.7793	-88.0032
WI	Nichols	44.5672	-88.4678
WI	North Bay	42.7642	-87.7806
WI	North Fond du Lac	43.811	-88.4855
WI	North Freedom	43.458	-89.8538
WI	North Hudson	44.9958	-92.755
WI	North Lake	43.1553	-88.3674
WI	North Prairie	42.9409	-88.4021
WI	Northport	44.405	-88.8113
WI	Norwalk	43.8342	-90.6269
WI	Oak Creek	42.8787	-87.8987
WI	Oakdale	43.9622	-90.3791
WI	Oakfield	43.6841	-88.5486
WI	Oconomowoc	43.1004	-88.4927
WI	Oconomowoc Lake	43.1038	-88.4497
WI	Oconto	44.8927	-87.8685
WI	Oconto Falls	44.8753	-88.1455
WI	Odanah	46.5941	-90.678
WI	Ogdensburg	44.4572	-89.0243
WI	Ogema	45.4566	-90.3003
WI	Okauchee Lake	43.1259	-88.4392
WI	Oliver	46.6458	-92.1847
WI	Omro	44.039	-88.737
WI	Onalaska	43.8897	-91.2044
WI	Ontario	43.7219	-90.5932
WI	Oostburg	43.6241	-87.7881
WI	Oregon	42.9252	-89.3891
WI	Orfordville	42.6294	-89.2573
WI	Osceola	45.3193	-92.6959
WI	Oshkosh	44.0232	-88.5623
WI	Osseo	44.5798	-91.2138
WI	Owen	44.9491	-90.5611
WI	Oxford	43.7804	-89.5636
WI	Paac Ciinak	44.858	-89.1551
WI	Packwaukee	43.7653	-89.4598
WI	Paddock Lake	42.5705	-88.1068
WI	Palmyra	42.8812	-88.5981
WI	Pardeeville	43.5373	-89.3026
WI	Park Falls	45.9363	-90.4443
WI	Park Ridge	44.52	-89.5463
WI	Patch Grove	42.9403	-90.9723
WI	Pella	44.7435	-88.8224
WI	Pembine	45.6367	-87.9913
WI	Pence	46.4103	-90.2695
WI	Pepin	44.4428	-92.1477
WI	Peshtigo	45.0569	-87.7441
WI	Pewaukee	43.0661	-88.2445
WI	Phillips	45.694	-90.4014
WI	Pigeon Falls	44.4246	-91.2083
WI	Pine River	44.1486	-89.0759
WI	Pittsville	44.4417	-90.1366
WI	Plain	43.2772	-90.0427
WI	Plainfield	44.2175	-89.4969
WI	Platteville	42.7279	-90.4681
WI	Pleasant Prairie	42.5267	-87.8883
WI	Plover	44.462	-89.538
WI	Plum City	44.6356	-92.1917
WI	Plymouth	43.7453	-87.9653
WI	Polonia	44.5805	-89.4106
WI	Poplar	46.5818	-91.7823
WI	Port Edwards	44.3432	-89.8544
WI	Port Washington	43.3849	-87.8841
WI	Port Wing	46.7756	-91.3806
WI	Portage	43.549	-89.4659
WI	Post Lake	45.4305	-89.0903
WI	Potosi	42.6855	-90.7077
WI	Potter	44.1185	-88.1017
WI	Potter Lake	42.8201	-88.3431
WI	Pound	45.0989	-88.0324
WI	Powers Lake	42.5415	-88.296
WI	Poy Sippi	44.1367	-88.9981
WI	Poynette	43.3922	-89.4048
WI	Prairie Farm	45.2364	-91.98
WI	Prairie du Chien	43.0433	-91.1373
WI	Prairie du Sac	43.2939	-89.7352
WI	Prentice	45.5412	-90.2928
WI	Prescott	44.7534	-92.789
WI	Princeton	43.8559	-89.1249
WI	Pulaski	44.6682	-88.2343
WI	Pulcifer	44.8499	-88.363
WI	Racine	42.7256	-87.8142
WI	Radisson	45.7675	-91.2174
WI	Randolph	43.5395	-89.0028
WI	Random Lake	43.5547	-87.9578
WI	Raymond	42.7992	-88.0108
WI	Readstown	43.4487	-90.7591
WI	Redgranite	44.0533	-89.1159
WI	Reedsburg	43.5351	-89.9955
WI	Reedsville	44.1525	-87.9518
WI	Reeseville	43.3062	-88.8445
WI	Reserve	45.8231	-91.3652
WI	Rewey	42.8419	-90.3961
WI	Rhinelander	45.6361	-89.4255
WI	Rib Lake	45.3195	-90.2022
WI	Rib Mountain	44.9176	-89.6923
WI	Rice Lake	45.482	-91.7458
WI	Richfield	43.2394	-88.234
WI	Richland Center	43.3405	-90.3834
WI	Ridgeland	45.1981	-91.898
WI	Ridgeway	42.9984	-89.9926
WI	Rio	43.4522	-89.2416
WI	Ripon	43.8436	-88.8379
WI	River Falls	44.8604	-92.6253
WI	River Hills	43.1735	-87.9338
WI	Roberts	44.9619	-92.5477
WI	Rochester	42.7329	-88.2503
WI	Rock Falls	44.7157	-91.6993
WI	Rock Springs	43.4787	-89.9269
WI	Rockdale	42.97	-89.0306
WI	Rockland	43.9076	-90.9166
WI	Rome	42.9853	-88.6499
WI	Rosendale	43.8089	-88.6712
WI	Rosholt	44.6302	-89.3052
WI	Rothschild	44.8737	-89.6197
WI	Rubicon	43.3372	-88.4526
WI	Rudolph	44.4972	-89.8018
WI	Salem Lakes	42.5365	-88.1332
WI	Sand Pillow	44.3313	-90.7637
WI	Sandy Hook	42.5466	-90.6168
WI	Sauk City	43.2733	-89.7325
WI	Saukville	43.3889	-87.9439
WI	Saxon	46.4941	-90.41
WI	Sayner	45.9878	-89.5419
WI	Scandinavia	44.4607	-89.1465
WI	Schofield	44.9133	-89.6215
WI	Seneca	43.2658	-90.9566
WI	Sextonville	43.2795	-90.2924
WI	Seymour	44.5144	-88.3273
WI	Sharon	42.4987	-88.7305
WI	Shawano	44.7779	-88.586
WI	Sheboygan	43.7387	-87.7315
WI	Sheboygan Falls	43.7293	-87.8262
WI	Sheldon	45.3119	-90.9567
WI	Shell Lake	45.7264	-91.91
WI	Sherwood	44.1769	-88.275
WI	Shiocton	44.445	-88.5764
WI	Shopiere	42.5722	-88.9362
WI	Shorewood	43.0913	-87.8867
WI	Shorewood Hills	43.0789	-89.4469
WI	Shullsburg	42.5733	-90.2348
WI	Siren	45.7778	-92.3832
WI	Sister Bay	45.1871	-87.1294
WI	Slinger	43.3354	-88.2765
WI	Sobieski	44.7227	-88.0659
WI	Soldiers Grove	43.3923	-90.7734
WI	Solon Springs	46.3478	-91.8294
WI	Somers	42.6432	-87.8922
WI	Somerset	45.1257	-92.673
WI	South Milwaukee	42.9126	-87.8623
WI	South Wayne	42.5676	-89.8761
WI	Sparta	43.9382	-90.8127
WI	Spencer	44.7536	-90.2985
WI	Spooner	45.8259	-91.8861
WI	Spring Green	43.1776	-90.0688
WI	Spring Valley	44.8523	-92.2429
WI	Springbrook	45.9469	-91.689
WI	Springfield	42.6407	-88.4135
WI	St. Cloud	43.8224	-88.1717
WI	St. Croix Falls	45.4114	-92.6247
WI	St. Francis	42.971	-87.8717
WI	St. Joseph	43.7855	-91.0436
WI	St. Nazianz	44.0073	-87.9248
WI	St. Peter	43.8383	-88.3433
WI	Stanley	44.9594	-90.9437
WI	Star Prairie	45.1975	-92.5321
WI	Stetsonville	45.0771	-90.3143
WI	Steuben	43.1834	-90.8569
WI	Stevens Point	44.5253	-89.5504
WI	Stockbridge	44.0684	-88.3097
WI	Stockholm	44.491	-92.2721
WI	Stoddard	43.6625	-91.2129
WI	Stone Lake	45.8389	-91.5521
WI	Stoughton	42.9238	-89.2225
WI	Stratford	44.7976	-90.0706
WI	Strum	44.5532	-91.3886
WI	Sturgeon Bay	44.8227	-87.3698
WI	Sturtevant	42.6989	-87.9016
WI	Suamico	44.6267	-88.033
WI	Sullivan	43.0123	-88.5953
WI	Summit	43.0462	-88.4774
WI	Summit Lake	45.377	-89.199
WI	Sun Prairie	43.1826	-89.2378
WI	Superior	46.6921	-92.0804
WI	Suring	45.0007	-88.3693
WI	Sussex	43.1349	-88.226
WI	Tainter Lake	44.9891	-91.8482
WI	Taycheedah	43.8125	-88.3886
WI	Taylor	44.3217	-91.1205
WI	Tennyson	42.6906	-90.6867
WI	Theresa	43.5168	-88.4538
WI	Thiensville	43.2354	-87.9768
WI	Thornton	44.7985	-88.6912
WI	Thorp	44.958	-90.8022
WI	Three Lakes	45.8045	-89.1691
WI	Tichigan	42.8087	-88.2152
WI	Tigerton	44.7416	-89.0459
WI	Tilleda	44.8155	-88.9126
WI	Tomah	43.988	-90.5014
WI	Tomahawk	45.479	-89.7118
WI	Tony	45.4803	-90.9972
WI	Townsend	45.324	-88.5904
WI	Trego	45.9058	-91.8311
WI	Trempealeau	44.0022	-91.428
WI	Tunnel City	44.005	-90.568
WI	Turtle Lake	45.3906	-92.1498
WI	Tustin	44.1698	-88.8961
WI	Twin Lakes	42.5156	-88.2504
WI	Two Rivers	44.1561	-87.5774
WI	Union Center	43.6826	-90.2633
WI	Union Grove	42.6864	-88.0495
WI	Unity	44.8511	-90.3131
WI	Valders	44.0681	-87.8858
WI	Van Dyne	43.8862	-88.4978
WI	Vernon	42.879	-88.2666
WI	Verona	42.9901	-89.5389
WI	Vesper	44.4805	-89.9676
WI	Viola	43.5082	-90.674
WI	Viroqua	43.5605	-90.886
WI	Wabeno	45.4394	-88.6581
WI	Waldo	43.677	-87.9479
WI	Wales	43.0058	-88.3704
WI	Walworth	42.5305	-88.5939
WI	Warrens	44.1274	-90.5211
WI	Washburn	46.6767	-90.9013
WI	Waterford	42.7644	-88.2167
WI	Waterloo	43.1835	-88.99
WI	Watertown	43.1894	-88.7289
WI	Waubeka	43.4702	-87.9935
WI	Waukau	43.9845	-88.7721
WI	Waukesha	43.0091	-88.2451
WI	Waumandee	44.3023	-91.7052
WI	Waunakee	43.1829	-89.4453
WI	Waupaca	44.35	-89.07
WI	Waupun	43.6315	-88.7375
WI	Wausau	44.9618	-89.6465
WI	Wausaukee	45.3782	-87.9548
WI	Wautoma	44.0674	-89.2911
WI	Wauwatosa	43.0632	-88.0356
WI	Wauzeka	43.0859	-90.8989
WI	Webster	45.8798	-92.3628
WI	West Allis	43.0072	-88.029
WI	West Baraboo	43.4782	-89.7741
WI	West Bend	43.4175	-88.1817
WI	West Milwaukee	43.0124	-87.971
WI	West Salem	43.8985	-91.0875
WI	Westboro	45.3608	-90.2934
WI	Westby	43.6529	-90.8582
WI	Westfield	43.8852	-89.4925
WI	Weston	44.8912	-89.5497
WI	Weyauwega	44.3236	-88.9331
WI	Weyerhaeuser	45.4256	-91.4152
WI	Wheeler	45.0438	-91.8993
WI	White Lake	45.1597	-88.7634
WI	Whitefish Bay	43.1131	-87.9005
WI	Whitehall	44.3605	-91.3378
WI	Whitelaw	44.1476	-87.8267
WI	Whitewater	42.8374	-88.7343
WI	Whiting	44.4901	-89.56
WI	Whittlesey	45.2206	-90.3232
WI	Wild Rose	44.1783	-89.2445
WI	Williams Bay	42.5788	-88.5457
WI	Wilson	44.9586	-92.1705
WI	Wilton	43.8133	-90.5269
WI	Winchester	44.1982	-88.6599
WI	Wind Lake	42.8278	-88.1547
WI	Wind Point	42.7804	-87.7716
WI	Windsor	43.2457	-89.2815
WI	Winneconne	44.1113	-88.712
WI	Winter	45.8221	-91.013
WI	Wiota	42.6367	-89.9493
WI	Wisconsin Dells	43.6384	-89.7758
WI	Wisconsin Rapids	44.3929	-89.8267
WI	Withee	44.9508	-90.5988
WI	Wittenberg	44.8269	-89.1666
WI	Wonewoc	43.6535	-90.2242
WI	Woodford	42.6473	-89.8572
WI	Woodman	43.0925	-90.7978
WI	Woodruff	45.8944	-89.6912
WI	Woodville	44.9483	-92.2851
WI	Wrightstown	44.3271	-88.1756
WI	Wyeville	44.0279	-90.3861
WI	Wyocena	43.4932	-89.3018
WI	Yorkville	42.7201	-88.0014
WI	Yuba	43.5365	-90.4268
WI	Zoar	45.0055	-88.8748
WV	Accoville	37.7647	-81.8269
WV	Addison	38.4777	-80.4053
WV	Adrian	38.9069	-80.2729
WV	Albright	39.4947	-79.6398
WV	Alderson	37.7297	-80.642
WV	Alum Creek	38.289	-81.8386
WV	Amherstdale	37.7826	-81.8271
WV	Anawalt	37.3365	-81.4406
WV	Anmoore	39.2563	-80.294
WV	Ansted	38.1354	-81.1035
WV	Apple Grove	38.6666	-82.1717
WV	Arbovale	38.4354	-79.8117
WV	Arthurdale	39.4951	-79.8175
WV	Athens	37.4207	-81.0125
WV	Auburn	39.0962	-80.8562
WV	Aurora	39.3254	-79.5546
WV	Bancroft	38.5107	-81.8414
WV	Barboursville	38.4064	-82.2953
WV	Barrackville	39.5017	-80.1698
WV	Bartley	37.3347	-81.7339
WV	Bartow	38.5422	-79.7858
WV	Bath	39.6247	-78.2275
WV	Baxter	39.5408	-80.1442
WV	Bayard	39.2711	-79.3662
WV	Beards Fork	38.065	-81.2277
WV	Beaver	37.7329	-81.1572
WV	Beckley	37.7731	-81.1616
WV	Beech Bottom	40.2233	-80.6579
WV	Belington	39.0151	-79.9409
WV	Belle	38.2354	-81.5367
WV	Belmont	39.378	-81.2638
WV	Belva	38.2337	-81.1878
WV	Benwood	40.0046	-80.7306
WV	Bergoo	38.4829	-80.2977
WV	Berwind	37.2604	-81.6558
WV	Bethany	40.2048	-80.5609
WV	Bethlehem	40.0444	-80.6881
WV	Beverly	38.8441	-79.8718
WV	Big Chimney	38.4152	-81.5318
WV	Big Creek	38.0054	-82.0361
WV	Big Sandy	37.4611	-81.7059
WV	Birch River	38.4955	-80.7526
WV	Blacksville	39.7156	-80.2147
WV	Blennerhassett	39.2565	-81.6309
WV	Bluefield	37.2628	-81.2113
WV	Bluewell	37.3148	-81.2557
WV	Boaz	39.3688	-81.4884
WV	Bolivar	39.3242	-77.7517
WV	Bolt	37.7616	-81.4164
WV	Boomer	38.1487	-81.2748
WV	Booth	39.5976	-80.0191
WV	Bowden	38.9092	-79.7089
WV	Bradley	37.8679	-81.2156
WV	Bradshaw	37.3494	-81.7973
WV	Bramwell	37.3295	-81.3077
WV	Brandonville	39.6671	-79.6277
WV	Brandywine	38.6194	-79.2406
WV	Brenton	37.6013	-81.6363
WV	Bridgeport	39.3034	-80.2429
WV	Brookhaven	39.6062	-79.8829
WV	Bruceton Mills	39.6594	-79.6406
WV	Bruno	37.6909	-81.879
WV	Brush Fork	37.2773	-81.2392
WV	Buckhannon	38.9927	-80.2282
WV	Bud	37.5248	-81.3805
WV	Buffalo	38.6118	-81.9816
WV	Burlington	39.337	-78.9222
WV	Burnsville	38.8555	-80.6527
WV	Cairo	39.2073	-81.1537
WV	Camden-on-Gauley	38.369	-80.5975
WV	Cameron	39.8303	-80.5701
WV	Capon Bridge	39.302	-78.4328
WV	Carolina	39.4794	-80.2723
WV	Carpendale	39.6277	-78.7897
WV	Cass	38.397	-79.9199
WV	Cassville	39.6815	-80.0655
WV	Cedar Grove	38.2224	-81.4379
WV	Century	39.1003	-80.1881
WV	Ceredo	38.3957	-82.5484
WV	Chapmanville	37.9709	-82.0204
WV	Charles Town	39.264	-77.8813
WV	Charleston	38.3487	-81.6323
WV	Charlton Heights	38.1265	-81.2352
WV	Chattaroy	37.7062	-82.2737
WV	Chauncey	37.7636	-81.979
WV	Cheat Lake	39.6636	-79.8481
WV	Chelyan	38.1957	-81.4928
WV	Chesapeake	38.2229	-81.5362
WV	Chester	40.6129	-80.5627
WV	Clarksburg	39.2703	-80.3618
WV	Clay	38.4615	-81.0849
WV	Clearview	40.1391	-80.6908
WV	Clendenin	38.4845	-81.3515
WV	Clifton	39.0042	-82.0392
WV	Coal City	37.6766	-81.2141
WV	Coal Fork	38.3281	-81.5235
WV	Colcord	37.9451	-81.4374
WV	Colliers	40.3651	-80.5377
WV	Comfort	38.1317	-81.6102
WV	Corinne	37.5683	-81.3635
WV	Cottageville	38.8674	-81.8257
WV	Covel	37.4907	-81.3197
WV	Cowen	38.4106	-80.5539
WV	Crab Orchard	37.741	-81.2308
WV	Craigsville	38.3223	-80.6469
WV	Crooked Creek	37.884	-81.9747
WV	Cross Lanes	38.4356	-81.7699
WV	Crum	37.9095	-82.447
WV	Crumpler	37.4262	-81.3313
WV	Cucumber	37.2786	-81.6241
WV	Culloden	38.4151	-82.0707
WV	Cunard	37.9995	-81.0402
WV	Dailey	38.7969	-79.8967
WV	Daniels	37.7221	-81.1301
WV	Danville	38.0801	-81.834
WV	Davis	39.1268	-79.4625
WV	Davy	37.4776	-81.6419
WV	Deep Water	38.1204	-81.2534
WV	Delbarton	37.7052	-82.1861
WV	Despard	39.2874	-80.3158
WV	Dixie	38.2509	-81.1943
WV	Dorothy	37.9564	-81.4511
WV	Dunbar	38.3695	-81.7361
WV	Dupont City	38.2666	-81.5688
WV	Durbin	38.5471	-79.8278
WV	Earling	37.7668	-81.9161
WV	East Bank	38.2153	-81.4441
WV	East Dailey	38.7794	-79.8911
WV	East View	39.2692	-80.3051
WV	Eccles	37.782	-81.2641
WV	Eleanor	38.5361	-81.9249
WV	Elizabeth	39.0623	-81.3973
WV	Elk Garden	39.3862	-79.1556
WV	Elkins	38.9238	-79.854
WV	Elkview	38.432	-81.4742
WV	Ellenboro	39.27	-81.0557
WV	Enterprise	39.4196	-80.2834
WV	Eskdale	38.0926	-81.4484
WV	Fairlea	37.7752	-80.4587
WV	Fairmont	39.4769	-80.1491
WV	Fairview	39.5927	-80.2468
WV	Falling Spring	37.9924	-80.357
WV	Falling Waters	39.5638	-77.8875
WV	Falls View	38.1309	-81.2548
WV	Farmington	39.5122	-80.2504
WV	Fayetteville	38.0641	-81.1087
WV	Fenwick	38.2299	-80.581
WV	Flatwoods	38.717	-80.6525
WV	Flemington	39.2666	-80.1285
WV	Follansbee	40.337	-80.5972
WV	Fort Ashby	39.4924	-78.7722
WV	Fort Gay	38.1222	-82.5913
WV	Frank	38.5462	-79.808
WV	Franklin	38.6453	-79.3333
WV	Friendly	39.5137	-81.0618
WV	Gallipolis Ferry	38.7745	-82.204
WV	Galloway	39.2339	-80.1277
WV	Garten	38.0348	-81.0733
WV	Gary	37.3632	-81.5357
WV	Gassaway	38.6667	-80.7704
WV	Gatewood	38.0046	-81.065
WV	Gauley Bridge	38.1668	-81.2096
WV	Ghent	37.6185	-81.1062
WV	Gilbert	37.6149	-81.8704
WV	Gilbert Creek	37.5697	-81.8906
WV	Glasgow	38.2127	-81.4192
WV	Glen Dale	39.9464	-80.7554
WV	Glen Ferris	38.155	-81.2211
WV	Glen Fork	37.7013	-81.5383
WV	Glen Jean	37.9271	-81.153
WV	Glen White	37.73	-81.2797
WV	Glenville	38.9402	-80.8333
WV	Grafton	39.3406	-80.0161
WV	Grant Town	39.5608	-80.1779
WV	Grantsville	38.9207	-81.0932
WV	Granville	39.6488	-79.9992
WV	Great Cacapon	39.6143	-78.2857
WV	Green Bank	38.4267	-79.8344
WV	Green Spring	39.5216	-78.6354
WV	Greenview	37.996	-81.8194
WV	Greenville	37.7218	-81.8733
WV	Gypsy	39.3648	-80.307
WV	Hambleton	39.081	-79.6456
WV	Hamlin	38.2779	-82.102
WV	Handley	38.191	-81.3748
WV	Hansford	38.2056	-81.3978
WV	Harman	38.9211	-79.5246
WV	Harpers Ferry	39.3252	-77.7414
WV	Harrisville	39.2119	-81.0485
WV	Hartford City	38.995	-81.9881
WV	Harts	38.0471	-82.1293
WV	Hedgesville	39.5544	-77.9945
WV	Helen	37.6374	-81.313
WV	Helvetia	38.7058	-80.1993
WV	Henderson	38.831	-82.1353
WV	Hendricks	39.0761	-79.6291
WV	Henlawson	37.8997	-81.9811
WV	Hepzibah	39.3309	-80.334
WV	Hico	38.1166	-81.0107
WV	Hillsboro	38.1384	-80.2107
WV	Hilltop	37.9392	-81.1527
WV	Hinkleville	38.9239	-80.2635
WV	Hinton	37.6746	-80.8811
WV	Holden	37.8194	-82.0812
WV	Hollygrove	38.1911	-81.3937
WV	Hometown	38.5288	-81.8552
WV	Hooverson Heights	40.3154	-80.5812
WV	Hundred	39.6836	-80.4576
WV	Huntersville	38.186	-80.0152
WV	Huntington	38.4107	-82.4347
WV	Hurricane	38.4275	-82.0181
WV	Huttonsville	38.7138	-79.9766
WV	Iaeger	37.4601	-81.8185
WV	Idamay	39.4925	-80.2547
WV	Institute	38.3795	-81.7656
WV	Inwood	39.3538	-78.0552
WV	Itmann	37.5707	-81.4094
WV	Jacksonburg	39.5359	-80.6387
WV	Jane Lew	39.1108	-80.408
WV	Jefferson	38.3771	-81.7869
WV	Junior	38.9766	-79.9526
WV	Justice	37.6014	-81.8337
WV	Justice Addition	37.8899	-81.993
WV	Kanawha	39.2041	-81.4578
WV	Kenova	38.4022	-82.5821
WV	Kermit	37.8425	-82.4086
WV	Keyser	39.4394	-78.9821
WV	Keystone	37.4158	-81.4462
WV	Kimball	37.42	-81.5149
WV	Kimberly	38.1408	-81.2967
WV	Kincaid	38.0414	-81.2763
WV	Kingwood	39.472	-79.6822
WV	Kistler	37.7646	-81.8515
WV	Kopperston	37.7496	-81.5765
WV	Lashmeet	37.4228	-81.1967
WV	Lavalette	38.3224	-82.4479
WV	Leon	38.7481	-81.9545
WV	Lesage	38.4867	-82.2823
WV	Lester	37.732	-81.3027
WV	Lewisburg	37.8094	-80.4326
WV	Littleton	39.7045	-80.5159
WV	Logan	37.8519	-81.9881
WV	Lost Creek	39.1627	-80.3484
WV	Lubeck	39.2302	-81.6124
WV	Lumberport	39.3742	-80.3483
WV	Mabscott	37.769	-81.2133
WV	MacArthur	37.7479	-81.2025
WV	Madison	38.0642	-81.7949
WV	Malden	38.3008	-81.558
WV	Mallory	37.7276	-81.8183
WV	Man	37.7439	-81.8804
WV	Mannington	39.5287	-80.3405
WV	Marlinton	38.2241	-80.0875
WV	Marmet	38.2457	-81.5754
WV	Martinsburg	39.4578	-77.9782
WV	Mason	39.0165	-82.033
WV	Masontown	39.5512	-79.8003
WV	Matewan	37.6223	-82.1593
WV	Matheny	37.6635	-81.5986
WV	Matoaka	37.4182	-81.2418
WV	Maybeury	37.3666	-81.358
WV	McConnell	37.8286	-81.9638
WV	McMechen	39.9865	-80.7335
WV	Meadow Bridge	37.8616	-80.8571
WV	Middlebourne	39.4949	-80.9106
WV	Middleway	39.3035	-77.9806
WV	Mill Creek	38.7319	-79.9725
WV	Milton	38.438	-82.146
WV	Mineralwells	39.1812	-81.5136
WV	Mitchell Heights	37.9087	-81.9866
WV	Monaville	37.8146	-81.9893
WV	Monongah	39.4583	-80.2208
WV	Montcalm	37.3522	-81.2493
WV	Montgomery	38.1734	-81.3197
WV	Montrose	39.0673	-79.8143
WV	Moorefield	39.0674	-78.9624
WV	Morgantown	39.6375	-79.9469
WV	Moundsville	39.9221	-80.7421
WV	Mount Carbon	38.1437	-81.2889
WV	Mount Gay-Shamrock	37.8509	-82.023
WV	Mount Hope	37.8968	-81.1722
WV	Mullens	37.5825	-81.3862
WV	Neibert	37.7833	-81.9308
WV	Nettie	38.2175	-80.6993
WV	New Cumberland	40.527	-80.6169
WV	New Haven	38.9882	-81.9673
WV	New Martinsville	39.6456	-80.8627
WV	New Richmond	37.5744	-81.4864
WV	Newark	39.1201	-81.3874
WV	Newburg	39.3889	-79.8536
WV	Newell	40.6159	-80.5978
WV	Nitro	38.4116	-81.8078
WV	North Hills	39.3151	-81.5088
WV	Northfork	37.4196	-81.4274
WV	Norton	38.9316	-79.9691
WV	Nutter Fort	39.2604	-80.3265
WV	Oak Hill	37.972	-81.1579
WV	Oakvale	37.3321	-80.9729
WV	Oceana	37.6934	-81.6299
WV	Omar	37.7576	-81.998
WV	Osage	39.6593	-80.0069
WV	Paden City	39.603	-80.9354
WV	Page	38.0524	-81.273
WV	Pageton	37.3627	-81.4631
WV	Parcoal	38.4605	-80.3732
WV	Parkersburg	39.2613	-81.5434
WV	Parsons	39.0945	-79.6785
WV	Paw Paw	39.5314	-78.4553
WV	Pax	37.9099	-81.2648
WV	Pea Ridge	38.4189	-82.3211
WV	Peach Creek	37.8775	-81.9783
WV	Pennsboro	39.2841	-80.9661
WV	Pentress	39.7116	-80.171
WV	Petersburg	38.9957	-79.1277
WV	Peterstown	37.399	-80.795
WV	Philippi	39.1473	-80.0504
WV	Pickens	38.6559	-80.216
WV	Piedmont	39.4778	-79.0465
WV	Pinch	38.4064	-81.4772
WV	Pine Grove	39.5635	-80.6848
WV	Pineville	37.5845	-81.5364
WV	Piney View	37.8409	-81.1277
WV	Pleasant Valley	39.453	-80.1554
WV	Poca	38.4744	-81.8119
WV	Point Pleasant	38.8502	-82.132
WV	Powellton	38.0941	-81.322
WV	Pratt	38.2076	-81.3873
WV	Prichard	38.2368	-82.6039
WV	Prince	37.856	-81.0862
WV	Princeton	37.3688	-81.0962
WV	Prosperity	37.8382	-81.1968
WV	Pullman	39.188	-80.949
WV	Quinwood	38.0585	-80.7059
WV	Rachel	39.519	-80.299
WV	Racine	38.1397	-81.6535
WV	Rainelle	37.968	-80.7708
WV	Raleigh	37.7574	-81.1694
WV	Rand	38.2816	-81.5654
WV	Ranson corporation	39.3101	-77.883
WV	Ravenswood	38.9563	-81.762
WV	Raymond City	38.4862	-81.8193
WV	Raysal	37.3422	-81.7727
WV	Reader	39.567	-80.7295
WV	Red Jacket	37.6488	-82.1316
WV	Reedsville	39.5103	-79.8005
WV	Reedy	38.8997	-81.4263
WV	Reynoldsville	39.2916	-80.4413
WV	Rhodell	37.6095	-81.305
WV	Richwood	38.2224	-80.538
WV	Ridgeley	39.6413	-78.7729
WV	Ripley	38.8216	-81.7093
WV	Rivesville	39.5322	-80.1206
WV	Robinette	37.7849	-81.7841
WV	Rock Cave	38.8404	-80.3375
WV	Roderfield	37.451	-81.7001
WV	Romney	39.3445	-78.7558
WV	Ronceverte	37.7511	-80.4698
WV	Rossmore	37.8046	-81.993
WV	Rowlesburg	39.3488	-79.6767
WV	Rupert	37.9648	-80.6868
WV	Salem	39.2849	-80.5645
WV	Salt Rock	38.3301	-82.2127
WV	Sand Fork	38.9155	-80.7465
WV	Sarah Ann	37.7085	-81.9881
WV	Scarbro	37.9511	-81.1706
WV	Shady Spring	37.7016	-81.092
WV	Shannondale	39.2126	-77.8107
WV	Shenandoah Junction	39.3489	-77.8368
WV	Shepherdstown	39.4319	-77.8047
WV	Shinnston	39.3923	-80.299
WV	Shrewsbury	38.2075	-81.4674
WV	Sissonville	38.502	-81.6359
WV	Sistersville	39.5598	-80.9987
WV	Smithers	38.1658	-81.2975
WV	Smithfield	39.4949	-80.56
WV	Sophia	37.7073	-81.2536
WV	South Charleston	38.3408	-81.7108
WV	Spelter	39.3432	-80.3164
WV	Spencer	38.8	-81.3534
WV	Sprague	37.7938	-81.1822
WV	Springfield	39.4436	-78.6976
WV	St. Albans	38.3776	-81.8193
WV	St. George	39.1666	-79.6968
WV	St. Marys	39.3944	-81.2037
WV	Stanaford	37.812	-81.1449
WV	Star City	39.6592	-79.9866
WV	Stollings	37.8403	-81.9584
WV	Stonewood	39.2501	-80.3054
WV	Summersville	38.287	-80.8415
WV	Sutton	38.6678	-80.7135
WV	Switzer	37.7868	-81.9844
WV	Sylvester	38.008	-81.5617
WV	Teays Valley	38.4473	-81.9244
WV	Terra Alta	39.4443	-79.5436
WV	Thomas	39.1449	-79.4954
WV	Thurmond	37.9633	-81.0809
WV	Tioga	38.422	-80.6549
WV	Tornado	38.327	-81.8574
WV	Triadelphia	40.0432	-80.6183
WV	Tunnelton	39.3929	-79.7466
WV	Twilight	37.9253	-81.6146
WV	Union	37.5907	-80.54
WV	Valley Bend	38.7694	-79.9279
WV	Valley Grove	40.0863	-80.577
WV	Valley Head	38.5471	-80.0319
WV	Van	37.9702	-81.7177
WV	Verdunville	37.8561	-82.0581
WV	Vienna	39.3228	-81.5298
WV	Vivian	37.4172	-81.4922
WV	Wallace	39.4072	-80.4911
WV	War	37.31	-81.6763
WV	Wardensville	39.0788	-78.5903
WV	Washington	39.2452	-81.6588
WV	Waverly	39.3327	-81.3813
WV	Wayne	38.2298	-82.4416
WV	Weirton	40.4063	-80.5656
WV	Welch	37.4281	-81.5915
WV	Wellsburg	40.2809	-80.6106
WV	West Dunbar	38.3721	-81.7558
WV	West Hamlin	38.2849	-82.1978
WV	West Liberty	40.1644	-80.5971
WV	West Logan	37.8679	-81.9906
WV	West Milford	39.2044	-80.4034
WV	West Union	39.2968	-80.776
WV	Weston	39.0388	-80.4622
WV	Westover	39.6338	-79.99
WV	Wheeling	40.0738	-80.696
WV	White Hall	39.4218	-80.1857
WV	White Sulphur Springs	37.7993	-80.3009
WV	Whitesville	37.9796	-81.5346
WV	Whitmer	38.8149	-79.5451
WV	Wiley Ford	39.6152	-78.7614
WV	Williamson	37.6741	-82.2711
WV	Williamstown	39.3983	-81.4546
WV	Windsor Heights	40.1913	-80.6647
WV	Winfield	38.5267	-81.8855
WV	Wolf Summit	39.2821	-80.4621
WV	Womelsdorf	38.898	-79.9637
WV	Worthington	39.4577	-80.264
WY	Afton	42.7263	-110.932
WY	Albany	41.1869	-106.1255
WY	Albin	41.4169	-104.1015
WY	Alcova	42.5533	-106.7295
WY	Alpine	43.1604	-111.0148
WY	Alpine Northeast	43.1938	-111.0072
WY	Alpine Northwest	43.1838	-111.0356
WY	Alta	43.7736	-111.0313
WY	Antelope Hills	43.0811	-106.3126
WY	Arapahoe	42.9926	-108.4527
WY	Arlington	41.6053	-106.1997
WY	Arrowhead Springs	41.5082	-109.1551
WY	Arvada	44.6622	-106.142
WY	Atlantic City	42.5012	-108.7329
WY	Auburn	42.7969	-111.0215
WY	Baggs	41.0347	-107.6573
WY	Bairoil	42.2372	-107.561
WY	Bar Nunn	42.922	-106.3474
WY	Basin	44.3806	-108.0471
WY	Bear River	41.3859	-111.027
WY	Bedford	42.8947	-110.9286
WY	Bessemer Bend	42.7561	-106.5175
WY	Beulah	44.546	-104.0828
WY	Big Horn	44.6791	-106.9971
WY	Big Piney	42.5402	-110.1193
WY	Bondurant	43.1949	-110.4026
WY	Boulder	42.7461	-109.7067
WY	Boulder Flats	42.9156	-108.7993
WY	Brookhurst	42.861	-106.2288
WY	Buffalo	44.3385	-106.7153
WY	Burlington	44.4471	-108.432
WY	Burns	41.1909	-104.359
WY	Byron	44.7967	-108.5085
WY	Carpenter	41.0456	-104.3644
WY	Carter	41.4404	-110.4303
WY	Casper	42.8421	-106.3213
WY	Casper Mountain	42.7416	-106.3081
WY	Centennial	41.3068	-106.1376
WY	Cheyenne	41.1273	-104.7902
WY	Chugcreek	42.0535	-104.9079
WY	Chugwater	41.7557	-104.8229
WY	Clearmont	44.6399	-106.3813
WY	Clearview Acres	41.5842	-109.28
WY	Cody	44.5212	-109.0575
WY	Cokeville	42.0793	-110.9519
WY	Cora	42.9577	-109.9916
WY	Cowley	44.8835	-108.4693
WY	Crowheart	43.3398	-109.2298
WY	Daniel	42.8657	-110.0765
WY	Dayton	44.8734	-107.2624
WY	Deaver	44.889	-108.596
WY	Diamondville	41.777	-110.5352
WY	Dixon	41.0349	-107.5361
WY	Douglas	42.7548	-105.3978
WY	Dubois	43.546	-109.6476
WY	East Thermopolis	43.6441	-108.1979
WY	Eden	42.0602	-109.4392
WY	Edgerton	43.4134	-106.2474
WY	El Rancho	42.268	-105.0477
WY	Elk Mountain	41.6883	-106.4135
WY	Encampment	41.2088	-106.7948
WY	Esterbrook	42.4061	-105.3859
WY	Ethete	43.0008	-108.723
WY	Etna	43.0334	-111.0129
WY	Evanston	41.2601	-110.9637
WY	Evansville	42.876	-106.2678
WY	Fairview	42.6871	-110.9866
WY	Farson	42.1544	-109.4248
WY	Fontenelle	42.0033	-110.0622
WY	Fort Bridger	41.3183	-110.3894
WY	Fort Laramie	42.2131	-104.5174
WY	Fort Washakie	43.0069	-108.9204
WY	Fox Farm-College	41.1106	-104.787
WY	Fox Park	41.0801	-106.1534
WY	Frannie	44.971	-108.6205
WY	Freedom	42.9853	-111.0296
WY	Garland	44.7777	-108.6542
WY	Gillette	44.2726	-105.4989
WY	Glendo	42.5049	-105.025
WY	Glenrock	42.8565	-105.8624
WY	Granger	41.5979	-109.9652
WY	Green River	41.5129	-109.4708
WY	Greybull	44.4865	-108.0557
WY	Grover	42.802	-110.9405
WY	Guernsey	42.2648	-104.7429
WY	Hanna	41.8698	-106.5596
WY	Hartrandt	42.8836	-106.3492
WY	Hartville	42.3276	-104.7245
WY	Hawk Springs	41.7853	-104.2651
WY	Hill View Heights	43.8146	-104.1507
WY	Hillsdale	41.208	-104.4744
WY	Hoback	43.3076	-110.7449
WY	Homa Hills	42.99	-106.385
WY	Hudson	42.9027	-108.582
WY	Hulett	44.683	-104.5981
WY	Huntley	41.9316	-104.144
WY	Hyattville	44.2498	-107.615
WY	Jackson	43.4719	-110.7753
WY	James Town	41.564	-109.5365
WY	Jeffrey City	42.483	-107.8291
WY	Johnstown	43.1138	-108.6899
WY	Kaycee	43.71	-106.6373
WY	Kelly	43.6219	-110.6321
WY	Kemmerer	41.7785	-110.5528
WY	Kirby	43.8033	-108.181
WY	La Barge	42.2608	-110.1972
WY	LaGrange	41.6386	-104.163
WY	Lakeview North	42.097	-104.9586
WY	Lance Creek	43.0447	-104.6638
WY	Lander	42.8313	-108.7599
WY	Laramie	41.306	-105.6086
WY	Lingle	42.1387	-104.346
WY	Little America	41.5494	-109.8849
WY	Lonetree	41.0344	-110.144
WY	Lost Springs	42.7652	-104.9255
WY	Lovell	44.8358	-108.3919
WY	Lucerne	43.718	-108.1847
WY	Lusk	42.7613	-104.4584
WY	Lyman	41.3275	-110.2974
WY	Mammoth	44.9732	-110.6929
WY	Manderson	44.2698	-107.9642
WY	Manville	42.7794	-104.6174
WY	Marbleton	42.5574	-110.1005
WY	McKinnon	41.0314	-109.9383
WY	Meadow Acres	42.8594	-106.0946
WY	Medicine Bow	41.8995	-106.2019
WY	Meeteetse	44.157	-108.8534
WY	Midwest	43.4108	-106.2773
WY	Mills	42.8499	-106.3908
WY	Moorcroft	44.2645	-104.9476
WY	Moose Wilson Road	43.5315	-110.8348
WY	Mountain View	42.8774	-106.4147
WY	Newcastle	43.8503	-104.1965
WY	Nordic	43.0793	-110.9913
WY	North Rock Springs	41.6691	-109.2879
WY	Oakley	41.751	-110.5261
WY	Opal	41.7681	-110.3241
WY	Orin	42.6517	-105.1778
WY	Osage	43.9848	-104.4346
WY	Osmond	42.6777	-110.9408
WY	Owl Creek	43.7819	-108.5678
WY	Parkman	44.9571	-107.3135
WY	Pavillion	43.244	-108.689
WY	Pine Bluffs	41.1802	-104.0748
WY	Pine Haven	44.3534	-104.8105
WY	Pinedale	42.8676	-109.8705
WY	Point of Rocks	41.6831	-108.7754
WY	Powder Horn	44.6912	-106.9727
WY	Powder River	43.0521	-106.9906
WY	Powell	44.7618	-108.7576
WY	Purple Sage	41.5514	-109.3202
WY	Rafter J Ranch	43.4305	-110.7915
WY	Ralston	44.7069	-108.8854
WY	Ranchester	44.9076	-107.1673
WY	Ranchettes	41.2188	-104.773
WY	Rawlins	41.7851	-107.2247
WY	Red Butte	42.8062	-106.4346
WY	Reliance	41.6682	-109.1977
WY	Riverside	41.2154	-106.7813
WY	Riverton	43.0263	-108.3813
WY	Robertson	41.1816	-110.4274
WY	Rock River	41.7317	-105.9751
WY	Rock Springs	41.5947	-109.2209
WY	Rolling Hills	42.9036	-105.8434
WY	Ryan Park	41.3132	-106.4896
WY	Saratoga	41.4524	-106.8117
WY	Shell	44.5345	-107.7845
WY	Sheridan	44.7962	-106.9642
WY	Shoshoni	43.2381	-108.1068
WY	Sinclair	41.7761	-107.1199
WY	Slater	41.8776	-104.7887
WY	Sleepy Hollow	44.2327	-105.4309
WY	Smoot	42.6184	-110.9155
WY	South Greeley	41.0931	-104.8066
WY	South Park	43.4255	-110.7985
WY	Star Valley Ranch	42.9797	-110.9635
WY	Story	44.5731	-106.9142
WY	Sundance	44.4048	-104.3662
WY	Superior	41.7595	-108.9642
WY	Table Rock	41.622	-108.404
WY	Taylor	42.0692	-110.9863
WY	Ten Sleep	44.035	-107.4483
WY	Teton Village	43.5907	-110.842
WY	Thayne	42.9197	-110.9955
WY	Thermopolis	43.6476	-108.2145
WY	Torrington	42.065	-104.1735
WY	Turnerville	42.8624	-110.9007
WY	Upton	44.104	-104.6365
WY	Urie	41.3089	-110.3352
WY	Van Tassell	42.6643	-104.0913
WY	Veteran	41.9627	-104.3863
WY	Vista West	42.8624	-106.4367
WY	Wamsutter	41.668	-107.9791
WY	Warren AFB	41.1471	-104.8616
WY	Washam	41.0056	-109.6991
WY	Westview Circle	42.0616	-105.0676
WY	Wheatland	42.0517	-104.9595
WY	Whiting	42.0089	-104.9711
WY	Wilson	43.4752	-110.9145
WY	Woods Landing-Jelm	41.1015	-106.0288
WY	Worland	44.0204	-107.9617
WY	Wright	43.7492	-105.4948
WY	Y-O Ranch	42.0352	-104.923
WY	Yoder	41.917	-104.2954
